ISO-10303-21;
HEADER;

/* File generated by HOOPS Exchange Version 25.8.0 */

FILE_DESCRIPTION(('HOOPS Exchange Step'),'2;1');

FILE_NAME('E:\\Product_Projects\\Boxart\\Publish\\3DPrint\\Simple_Box.stp',
'2026-08-24T15:12:57-07:00',
('mail'),
('Unknown organisation'),
'HOOPS Exchange 2025.8',
'HOOPS Exchange',
'Unknown authorisation');

FILE_SCHEMA( ('AP203_CONFIGURATION_CONTROLLED_3D_DESIGN_OF_MECHANICAL_PARTS_AND_ASSEMBLIES_MIM_LF') );

ENDSEC;

DATA;
#3=(NAMED_UNIT(*)PLANE_ANGLE_UNIT()SI_UNIT($,.RADIAN.));
#4=PLANE_ANGLE_MEASURE_WITH_UNIT(PLANE_ANGLE_MEASURE(0.0174532925),#3);
#5=(CONVERSION_BASED_UNIT('DEGREE',#4)NAMED_UNIT(#6)PLANE_ANGLE_UNIT());
#6=DIMENSIONAL_EXPONENTS(0.,0.,0.,0.,0.,0.,0.);
#7=(NAMED_UNIT(*)SI_UNIT($,.STERADIAN.)SOLID_ANGLE_UNIT());
#8=(LENGTH_UNIT()NAMED_UNIT(*)SI_UNIT(.MILLI.,.METRE.));
#9=UNCERTAINTY_MEASURE_WITH_UNIT(LENGTH_MEASURE(1.000000E-03),#8,'DISTANCE_ACCURACY_VALUE','Maximum Tolerance applied to model');
#10=(GEOMETRIC_REPRESENTATION_CONTEXT(3)GLOBAL_UNCERTAINTY_ASSIGNED_CONTEXT((#9))GLOBAL_UNIT_ASSIGNED_CONTEXT((#8,#5,#7))REPRESENTATION_CONTEXT('','root'));
#12=CARTESIAN_POINT('',(0.,0.,0.));
#13=DIRECTION('',(0.,0.,1.));
#14=DIRECTION('',(1.,0.,0.));
#15=AXIS2_PLACEMENT_3D('',#12,#13,#14);
#26=(NAMED_UNIT(*)PLANE_ANGLE_UNIT()SI_UNIT($,.RADIAN.));
#27=PLANE_ANGLE_MEASURE_WITH_UNIT(PLANE_ANGLE_MEASURE(0.0174532925),#26);
#28=(CONVERSION_BASED_UNIT('DEGREE',#27)NAMED_UNIT(#29)PLANE_ANGLE_UNIT());
#29=DIMENSIONAL_EXPONENTS(0.,0.,0.,0.,0.,0.,0.);
#30=(NAMED_UNIT(*)SI_UNIT($,.STERADIAN.)SOLID_ANGLE_UNIT());
#31=(LENGTH_UNIT()NAMED_UNIT(*)SI_UNIT(.MILLI.,.METRE.));
#32=UNCERTAINTY_MEASURE_WITH_UNIT(LENGTH_MEASURE(1.000000E-05),#31,'DISTANCE_ACCURACY_VALUE','Maximum Tolerance applied to model');
#33=(GEOMETRIC_REPRESENTATION_CONTEXT(3)GLOBAL_UNCERTAINTY_ASSIGNED_CONTEXT((#32))GLOBAL_UNIT_ASSIGNED_CONTEXT((#31,#28,#30))REPRESENTATION_CONTEXT('','0'));
#35=CARTESIAN_POINT('',(0.,0.,0.));
#36=DIRECTION('',(0.,0.,1.));
#37=DIRECTION('',(1.,0.,0.));
#38=AXIS2_PLACEMENT_3D('',#35,#36,#37);
#49=CARTESIAN_POINT('',(0.,0.,0.));
#50=DIRECTION('',(0.,0.,1.));
#51=DIRECTION('',(1.,0.,-0.));
#52=AXIS2_PLACEMENT_3D('',#49,#50,#51);
#53=ITEM_DEFINED_TRANSFORMATION('','',#52,#38);
#54=(REPRESENTATION_RELATIONSHIP('','',#39,#16)REPRESENTATION_RELATIONSHIP_WITH_TRANSFORMATION(#53)SHAPE_REPRESENTATION_RELATIONSHIP());
#55=NEXT_ASSEMBLY_USAGE_OCCURRENCE('Simple_1','Simple','Simple',#25,#48,$);
#56=PRODUCT_DEFINITION_SHAPE('','',#55);
#57=CONTEXT_DEPENDENT_SHAPE_REPRESENTATION(#54,#56);
#59=CARTESIAN_POINT('',(22.526629109,50.726612073,22.820441533));
#60=DIRECTION('',(0.,-1.,0.));
#61=DIRECTION('',(0.,0.,-1.));
#62=AXIS2_PLACEMENT_3D('',#59,#60,#61);
#63=PLANE('',#62);
#64=CARTESIAN_POINT('',(44.053258219,50.726612073,3.902470465));
#65=VERTEX_POINT('',#64);
#66=CARTESIAN_POINT('',(44.053258219,50.726612073,14.968467326));
#67=VERTEX_POINT('',#66);
#68=CARTESIAN_POINT('',(44.053258219,50.726612073,3.902470465));
#69=DIRECTION('',(-0.,-0.,1.));
#70=VECTOR('',#69,11.065996861);
#71=LINE('',#68,#70);
#72=EDGE_CURVE('',#65,#67,#71,.T.);
#73=ORIENTED_EDGE('',*,*,#72,.T.);
#74=CARTESIAN_POINT('',(-44.053258219,50.726612073,14.968467326));
#75=VERTEX_POINT('',#74);
#76=CARTESIAN_POINT('',(44.053258219,50.726612073,14.968467326));
#77=DIRECTION('',(-1.,0.,-0.));
#78=VECTOR('',#77,88.106516438);
#79=LINE('',#76,#78);
#80=EDGE_CURVE('',#67,#75,#79,.T.);
#81=ORIENTED_EDGE('',*,*,#80,.T.);
#82=CARTESIAN_POINT('',(-44.053258219,50.726612073,3.902470465));
#83=VERTEX_POINT('',#82);
#84=CARTESIAN_POINT('',(-44.053258219,50.726612073,14.968467326));
#85=DIRECTION('',(0.,0.,-1.));
#86=VECTOR('',#85,11.065996861);
#87=LINE('',#84,#86);
#88=EDGE_CURVE('',#75,#83,#87,.T.);
#89=ORIENTED_EDGE('',*,*,#88,.T.);
#90=CARTESIAN_POINT('',(-44.053258219,50.726612073,3.902470465));
#91=DIRECTION('',(1.,0.,-0.));
#92=VECTOR('',#91,88.106516438);
#93=LINE('',#90,#92);
#94=EDGE_CURVE('',#83,#65,#93,.T.);
#95=ORIENTED_EDGE('',*,*,#94,.T.);
#96=EDGE_LOOP('',(#73,#81,#89,#95));
#97=FACE_BOUND('',#96,.T.);
#98=ADVANCED_FACE('',(#97),#63,.T.);
#99=CARTESIAN_POINT('',(-45.053258219,3.046216343,22.820441533));
#100=DIRECTION('',(1.,0.,0.));
#101=DIRECTION('',(-0.,0.,1.));
#102=AXIS2_PLACEMENT_3D('',#99,#100,#101);
#103=PLANE('',#102);
#104=CARTESIAN_POINT('',(-45.053258219,49.726612073,3.902470465));
#105=VERTEX_POINT('',#104);
#106=CARTESIAN_POINT('',(-45.053258219,49.726612073,14.968467326));
#107=VERTEX_POINT('',#106);
#108=CARTESIAN_POINT('',(-45.053258219,49.726612073,3.902470465));
#109=DIRECTION('',(-0.,-0.,1.));
#110=VECTOR('',#109,11.065996861);
#111=LINE('',#108,#110);
#112=EDGE_CURVE('',#105,#107,#111,.T.);
#113=ORIENTED_EDGE('',*,*,#112,.T.);
#114=CARTESIAN_POINT('',(-45.053258219,-46.543883965,14.968467326));
#115=VERTEX_POINT('',#114);
#116=CARTESIAN_POINT('',(-45.053258219,49.726612073,14.968467326));
#117=DIRECTION('',(0.,-1.,0.));
#118=VECTOR('',#117,96.270496039);
#119=LINE('',#116,#118);
#120=EDGE_CURVE('',#107,#115,#119,.T.);
#121=ORIENTED_EDGE('',*,*,#120,.T.);
#122=CARTESIAN_POINT('',(-45.053258219,-46.543883965,3.902470465));
#123=VERTEX_POINT('',#122);
#124=CARTESIAN_POINT('',(-45.053258219,-46.543883965,14.968467326));
#125=DIRECTION('',(0.,-0.,-1.));
#126=VECTOR('',#125,11.065996861);
#127=LINE('',#124,#126);
#128=EDGE_CURVE('',#115,#123,#127,.T.);
#129=ORIENTED_EDGE('',*,*,#128,.T.);
#130=CARTESIAN_POINT('',(-45.053258219,-46.543883965,3.902470465));
#131=DIRECTION('',(0.,1.,0.));
#132=VECTOR('',#131,96.270496039);
#133=LINE('',#130,#132);
#134=EDGE_CURVE('',#123,#105,#133,.T.);
#135=ORIENTED_EDGE('',*,*,#134,.T.);
#136=EDGE_LOOP('',(#113,#121,#129,#135));
#137=FACE_BOUND('',#136,.T.);
#138=ADVANCED_FACE('',(#137),#103,.T.);
#139=CARTESIAN_POINT('',(-8.632208232,-14.11923383,1.011757842));
#140=DIRECTION('',(0.,0.,-1.));
#141=DIRECTION('',(0.,1.,0.));
#142=AXIS2_PLACEMENT_3D('',#139,#140,#141);
#143=PLANE('',#142);
#144=CARTESIAN_POINT('',(-7.177947832,-13.51923383,1.011757843));
#145=VERTEX_POINT('',#144);
#146=CARTESIAN_POINT('',(-7.177947832,-16.224591833,1.011757843));
#147=VERTEX_POINT('',#146);
#148=CARTESIAN_POINT('',(-7.177947832,-13.51923383,1.011757842));
#149=DIRECTION('',(-0.,-1.,-0.));
#150=VECTOR('',#149,2.705358003);
#151=LINE('',#148,#150);
#152=EDGE_CURVE('',#145,#147,#151,.T.);
#153=ORIENTED_EDGE('',*,*,#152,.T.);
#154=CARTESIAN_POINT('',(6.228840349,-16.224591833,1.011757843));
#155=VERTEX_POINT('',#154);
#156=CARTESIAN_POINT('',(-7.177947832,-16.224591833,1.011757842));
#157=DIRECTION('',(1.,0.,0.));
#158=VECTOR('',#157,13.406788181);
#159=LINE('',#156,#158);
#160=EDGE_CURVE('',#147,#155,#159,.T.);
#161=ORIENTED_EDGE('',*,*,#160,.T.);
#162=CARTESIAN_POINT('',(6.228840349,-13.51923383,1.011757843));
#163=VERTEX_POINT('',#162);
#164=CARTESIAN_POINT('',(6.228840349,-16.224591833,1.011757842));
#165=DIRECTION('',(0.,1.,0.));
#166=VECTOR('',#165,2.705358003);
#167=LINE('',#164,#166);
#168=EDGE_CURVE('',#155,#163,#167,.T.);
#169=ORIENTED_EDGE('',*,*,#168,.T.);
#170=CARTESIAN_POINT('',(7.683100749,-12.06497343,1.011757843));
#171=VERTEX_POINT('',#170);
#172=CARTESIAN_POINT('',(7.683100749,-13.51923383,1.011757843));
#173=DIRECTION('',(0.,0.,-1.));
#174=DIRECTION('',(0.,1.,0.));
#175=AXIS2_PLACEMENT_3D('',#172,#173,#174);
#176=CIRCLE('',#175,1.4542604);
#177=EDGE_CURVE('',#163,#171,#176,.T.);
#178=ORIENTED_EDGE('',*,*,#177,.T.);
#179=CARTESIAN_POINT('',(11.188844336,-12.06497343,1.011757843));
#180=VERTEX_POINT('',#179);
#181=CARTESIAN_POINT('',(7.683100749,-12.06497343,1.011757842));
#182=DIRECTION('',(1.,0.,0.));
#183=VECTOR('',#182,3.505743587);
#184=LINE('',#181,#183);
#185=EDGE_CURVE('',#171,#180,#184,.T.);
#186=ORIENTED_EDGE('',*,*,#185,.T.);
#187=CARTESIAN_POINT('',(11.223612142,-12.030205624,1.011757843));
#188=VERTEX_POINT('',#187);
#189=CARTESIAN_POINT('',(11.188844336,-12.030205624,1.011757843));
#190=DIRECTION('',(-0.,-0.,1.));
#191=DIRECTION('',(0.,1.,0.));
#192=AXIS2_PLACEMENT_3D('',#189,#190,#191);
#193=CIRCLE('',#192,0.034767806);
#194=EDGE_CURVE('',#180,#188,#193,.T.);
#195=ORIENTED_EDGE('',*,*,#194,.T.);
#196=CARTESIAN_POINT('',(11.223612142,15.789430824,1.011757842));
#197=VERTEX_POINT('',#196);
#198=CARTESIAN_POINT('',(11.223612142,-12.030205624,1.011757842));
#199=DIRECTION('',(0.,1.,0.));
#200=VECTOR('',#199,27.819636448);
#201=LINE('',#198,#200);
#202=EDGE_CURVE('',#188,#197,#201,.T.);
#203=ORIENTED_EDGE('',*,*,#202,.T.);
#204=CARTESIAN_POINT('',(11.113170987,16.05605936,1.011757842));
#205=VERTEX_POINT('',#204);
#206=CARTESIAN_POINT('',(10.84654245,15.789430824,1.011757842));
#207=DIRECTION('',(-0.,-0.,1.));
#208=DIRECTION('',(-1.,0.,0.));
#209=AXIS2_PLACEMENT_3D('',#206,#207,#208);
#210=CIRCLE('',#209,0.377069692);
#211=EDGE_CURVE('',#197,#205,#210,.T.);
#212=ORIENTED_EDGE('',*,*,#211,.T.);
#213=CARTESIAN_POINT('',(8.248313165,18.920917181,1.011757842));
#214=VERTEX_POINT('',#213);
#215=CARTESIAN_POINT('',(11.113170986,16.05605936,1.011757842));
#216=DIRECTION('',(-0.707106781,0.707106781,0.));
#217=VECTOR('',#216,4.051520785);
#218=LINE('',#215,#217);
#219=EDGE_CURVE('',#205,#214,#218,.T.);
#220=ORIENTED_EDGE('',*,*,#219,.T.);
#221=CARTESIAN_POINT('',(7.981684629,19.031358337,1.011757842));
#222=VERTEX_POINT('',#221);
#223=CARTESIAN_POINT('',(7.981684629,18.654288645,1.011757842));
#224=DIRECTION('',(-0.,-0.,1.));
#225=DIRECTION('',(-1.,0.,0.));
#226=AXIS2_PLACEMENT_3D('',#223,#224,#225);
#227=CIRCLE('',#226,0.377069692);
#228=EDGE_CURVE('',#214,#222,#227,.T.);
#229=ORIENTED_EDGE('',*,*,#228,.T.);
#230=CARTESIAN_POINT('',(-12.137951818,19.031358337,1.011757843));
#231=VERTEX_POINT('',#230);
#232=CARTESIAN_POINT('',(7.981684629,19.031358337,1.011757842));
#233=CARTESIAN_POINT('',(-12.137951818,19.031358336,1.011757842));
#234=B_SPLINE_CURVE_WITH_KNOTS('',1,(#232,#233),.UNSPECIFIED.,.F.,.F.,(2,2),(0.282842712,20.402479159),.UNSPECIFIED.);
#235=EDGE_CURVE('',#222,#231,#234,.T.);
#236=ORIENTED_EDGE('',*,*,#235,.T.);
#237=CARTESIAN_POINT('',(-12.172719624,18.99659053,1.011757843));
#238=VERTEX_POINT('',#237);
#239=CARTESIAN_POINT('',(-12.137951818,18.99659053,1.011757843));
#240=DIRECTION('',(-0.,-0.,1.));
#241=DIRECTION('',(0.,1.,0.));
#242=AXIS2_PLACEMENT_3D('',#239,#240,#241);
#243=CIRCLE('',#242,0.034767806);
#244=EDGE_CURVE('',#231,#238,#243,.T.);
#245=ORIENTED_EDGE('',*,*,#244,.T.);
#246=CARTESIAN_POINT('',(-12.172719624,-12.030205624,1.011757843));
#247=VERTEX_POINT('',#246);
#248=CARTESIAN_POINT('',(-12.172719624,18.99659053,1.011757842));
#249=DIRECTION('',(-0.,-1.,-0.));
#250=VECTOR('',#249,31.026796154);
#251=LINE('',#248,#250);
#252=EDGE_CURVE('',#238,#247,#251,.T.);
#253=ORIENTED_EDGE('',*,*,#252,.T.);
#254=CARTESIAN_POINT('',(-12.137951818,-12.06497343,1.011757843));
#255=VERTEX_POINT('',#254);
#256=CARTESIAN_POINT('',(-12.137951818,-12.030205624,1.011757843));
#257=DIRECTION('',(-0.,-0.,1.));
#258=DIRECTION('',(0.,1.,0.));
#259=AXIS2_PLACEMENT_3D('',#256,#257,#258);
#260=CIRCLE('',#259,0.034767806);
#261=EDGE_CURVE('',#247,#255,#260,.T.);
#262=ORIENTED_EDGE('',*,*,#261,.T.);
#263=CARTESIAN_POINT('',(-8.632208232,-12.06497343,1.011757843));
#264=VERTEX_POINT('',#263);
#265=CARTESIAN_POINT('',(-12.137951818,-12.06497343,1.011757842));
#266=DIRECTION('',(1.,0.,0.));
#267=VECTOR('',#266,3.505743586);
#268=LINE('',#265,#267);
#269=EDGE_CURVE('',#255,#264,#268,.T.);
#270=ORIENTED_EDGE('',*,*,#269,.T.);
#271=CARTESIAN_POINT('',(-8.632208232,-13.51923383,1.011757843));
#272=DIRECTION('',(0.,0.,-1.));
#273=DIRECTION('',(0.,1.,0.));
#274=AXIS2_PLACEMENT_3D('',#271,#272,#273);
#275=CIRCLE('',#274,1.4542604);
#276=EDGE_CURVE('',#264,#145,#275,.T.);
#277=ORIENTED_EDGE('',*,*,#276,.T.);
#278=EDGE_LOOP('',(#153,#161,#169,#178,#186,#195,#203,#212,#220,#229,#236,#245,#253,#262,#270,#277));
#279=FACE_BOUND('',#278,.T.);
#280=ADVANCED_FACE('',(#279),#143,.F.);
#281=CARTESIAN_POINT('',(6.228840349,-14.11923383,1.458363752));
#282=DIRECTION('',(0.,1.,0.));
#283=DIRECTION('',(0.,-0.,1.));
#284=AXIS2_PLACEMENT_3D('',#281,#282,#283);
#285=CYLINDRICAL_SURFACE('',#284,0.446605909);
#286=ORIENTED_EDGE('',*,*,#168,.F.);
#287=CARTESIAN_POINT('',(6.675446259,-16.671197742,1.458363752));
#288=VERTEX_POINT('',#287);
#289=CARTESIAN_POINT('',(6.228840349,-16.224591833,1.011757843));
#290=CARTESIAN_POINT('',(6.675446258,-16.224591833,1.011757843));
#291=CARTESIAN_POINT('',(6.675446259,-16.671197742,1.458363752));
#292=(BOUNDED_CURVE()
B_SPLINE_CURVE(2,(#289,#290,#291),.UNSPECIFIED.,.F.,.F.)
B_SPLINE_CURVE_WITH_KNOTS((3,3),(0.,90.),.UNSPECIFIED.)
CURVE()
GEOMETRIC_REPRESENTATION_ITEM()
RATIONAL_B_SPLINE_CURVE((1.,0.707106781,1.))
REPRESENTATION_ITEM(''));
#293=EDGE_CURVE('',#155,#288,#292,.T.);
#294=ORIENTED_EDGE('',*,*,#293,.T.);
#295=CARTESIAN_POINT('',(6.675446259,-13.51923383,1.458363752));
#296=VERTEX_POINT('',#295);
#297=CARTESIAN_POINT('',(6.675446259,-13.51923383,1.458363752));
#298=DIRECTION('',(-0.,-1.,-0.));
#299=VECTOR('',#298,3.151963912);
#300=LINE('',#297,#299);
#301=EDGE_CURVE('',#296,#288,#300,.T.);
#302=ORIENTED_EDGE('',*,*,#301,.F.);
#303=CARTESIAN_POINT('',(6.228840349,-13.51923383,1.458363752));
#304=DIRECTION('',(0.,1.,0.));
#305=DIRECTION('',(0.,-0.,1.));
#306=AXIS2_PLACEMENT_3D('',#303,#304,#305);
#307=CIRCLE('',#306,0.446605909);
#308=EDGE_CURVE('',#296,#163,#307,.T.);
#309=ORIENTED_EDGE('',*,*,#308,.T.);
#310=EDGE_LOOP('',(#286,#294,#302,#309));
#311=FACE_BOUND('',#310,.T.);
#312=ADVANCED_FACE('',(#311),#285,.F.);
#313=CARTESIAN_POINT('',(7.683100749,-13.51923383,1.458363752));
#314=DIRECTION('',(0.,0.,-1.));
#315=DIRECTION('',(0.,1.,0.));
#316=AXIS2_PLACEMENT_3D('',#313,#314,#315);
#317=TOROIDAL_SURFACE('',#316,1.4542604,0.446605909);
#318=CARTESIAN_POINT('',(7.683100749,-12.511579339,1.458363752));
#319=VERTEX_POINT('',#318);
#320=CARTESIAN_POINT('',(7.683100749,-12.06497343,1.458363752));
#321=DIRECTION('',(1.,0.,-0.));
#322=DIRECTION('',(-0.,1.,0.));
#323=AXIS2_PLACEMENT_3D('',#320,#321,#322);
#324=CIRCLE('',#323,0.446605909);
#325=EDGE_CURVE('',#319,#171,#324,.T.);
#326=ORIENTED_EDGE('',*,*,#325,.T.);
#327=ORIENTED_EDGE('',*,*,#177,.F.);
#328=ORIENTED_EDGE('',*,*,#308,.F.);
#329=CARTESIAN_POINT('',(7.683100749,-12.511579339,1.458363752));
#330=CARTESIAN_POINT('',(7.617149917,-12.511579339,1.458363752));
#331=CARTESIAN_POINT('',(7.551200716,-12.518074768,1.458363752));
#332=CARTESIAN_POINT('',(7.48651711,-12.530941137,1.458363752));
#333=CARTESIAN_POINT('',(7.421833505,-12.543807506,1.458363752));
#334=CARTESIAN_POINT('',(7.358418694,-12.563044179,1.458363752));
#335=CARTESIAN_POINT('',(7.29748807,-12.588282469,1.458363752));
#336=CARTESIAN_POINT('',(7.236557446,-12.61352076,1.458363752));
#337=CARTESIAN_POINT('',(7.178114022,-12.644759421,1.458363752));
#338=CARTESIAN_POINT('',(7.123277909,-12.681399741,1.458363752));
#339=CARTESIAN_POINT('',(7.068441796,-12.71804006,1.458363752));
#340=CARTESIAN_POINT('',(7.017215706,-12.760080225,1.458363752));
#341=CARTESIAN_POINT('',(6.970581426,-12.806714506,1.458363752));
#342=CARTESIAN_POINT('',(6.923947145,-12.853348787,1.458363752));
#343=CARTESIAN_POINT('',(6.88190698,-12.904574876,1.458363752));
#344=CARTESIAN_POINT('',(6.84526666,-12.959410989,1.458363752));
#345=CARTESIAN_POINT('',(6.808626341,-13.014247102,1.458363752));
#346=CARTESIAN_POINT('',(6.77738768,-13.072690526,1.458363752));
#347=CARTESIAN_POINT('',(6.752149389,-13.13362115,1.458363752));
#348=CARTESIAN_POINT('',(6.726911098,-13.194551774,1.458363752));
#349=CARTESIAN_POINT('',(6.707674426,-13.257966585,1.458363752));
#350=CARTESIAN_POINT('',(6.694808057,-13.32265019,1.458363752));
#351=CARTESIAN_POINT('',(6.681941688,-13.387333796,1.458363752));
#352=CARTESIAN_POINT('',(6.675446258,-13.453282997,1.458363752));
#353=CARTESIAN_POINT('',(6.675446258,-13.51923383,1.458363752));
#354=B_SPLINE_CURVE_WITH_KNOTS('',3,(#329,#330,#331,#332,#333,#334,#335,#336,#337,#338,#339,#340,#341,#342,#343,#344,#345,#346,#347,#348,#349,#350,#351,#352,#353),.UNSPECIFIED.,.F.,.F.,(4,3,3,3,3,3,3,3,4),(180.,191.25,202.5,213.75,225.,236.25,247.5,258.75,270.),.UNSPECIFIED.);
#355=EDGE_CURVE('',#319,#296,#354,.T.);
#356=ORIENTED_EDGE('',*,*,#355,.F.);
#357=EDGE_LOOP('',(#326,#327,#328,#356));
#358=FACE_BOUND('',#357,.T.);
#359=ADVANCED_FACE('',(#358),#317,.F.);
#360=CARTESIAN_POINT('',(-8.632208232,-12.06497343,1.458363752));
#361=DIRECTION('',(1.,0.,0.));
#362=DIRECTION('',(0.,0.,-1.));
#363=AXIS2_PLACEMENT_3D('',#360,#361,#362);
#364=CYLINDRICAL_SURFACE('',#363,0.446605909);
#365=CARTESIAN_POINT('',(11.188844336,-12.511579339,1.458363752));
#366=VERTEX_POINT('',#365);
#367=CARTESIAN_POINT('',(11.188844336,-12.06497343,1.458363752));
#368=DIRECTION('',(1.,0.,0.));
#369=DIRECTION('',(0.,0.,-1.));
#370=AXIS2_PLACEMENT_3D('',#367,#368,#369);
#371=CIRCLE('',#370,0.446605909);
#372=EDGE_CURVE('',#366,#180,#371,.T.);
#373=ORIENTED_EDGE('',*,*,#372,.T.);
#374=ORIENTED_EDGE('',*,*,#185,.F.);
#375=ORIENTED_EDGE('',*,*,#325,.F.);
#376=CARTESIAN_POINT('',(11.188844336,-12.511579339,1.458363752));
#377=DIRECTION('',(-1.,-0.,-0.));
#378=VECTOR('',#377,3.505743587);
#379=LINE('',#376,#378);
#380=EDGE_CURVE('',#366,#319,#379,.T.);
#381=ORIENTED_EDGE('',*,*,#380,.F.);
#382=EDGE_LOOP('',(#373,#374,#375,#381));
#383=FACE_BOUND('',#382,.T.);
#384=ADVANCED_FACE('',(#383),#364,.F.);
#385=CARTESIAN_POINT('',(11.188844336,-12.030205624,1.458363752));
#386=DIRECTION('',(0.,0.,-1.));
#387=DIRECTION('',(0.,1.,0.));
#388=AXIS2_PLACEMENT_3D('',#385,#386,#387);
#389=DEGENERATE_TOROIDAL_SURFACE('',#388,0.034767806,0.446605909,.T.);
#390=CARTESIAN_POINT('',(11.670218051,-12.030205624,1.458363752));
#391=VERTEX_POINT('',#390);
#392=CARTESIAN_POINT('',(11.223612142,-12.030205624,1.458363752));
#393=DIRECTION('',(-0.,1.,0.));
#394=DIRECTION('',(1.,0.,0.));
#395=AXIS2_PLACEMENT_3D('',#392,#393,#394);
#396=CIRCLE('',#395,0.446605909);
#397=EDGE_CURVE('',#391,#188,#396,.T.);
#398=ORIENTED_EDGE('',*,*,#397,.T.);
#399=ORIENTED_EDGE('',*,*,#194,.F.);
#400=ORIENTED_EDGE('',*,*,#372,.F.);
#401=CARTESIAN_POINT('',(11.188844336,-12.030205624,1.458363752));
#402=DIRECTION('',(0.,0.,-1.));
#403=DIRECTION('',(0.,1.,0.));
#404=AXIS2_PLACEMENT_3D('',#401,#402,#403);
#405=CIRCLE('',#404,0.481373715);
#406=EDGE_CURVE('',#391,#366,#405,.T.);
#407=ORIENTED_EDGE('',*,*,#406,.F.);
#408=EDGE_LOOP('',(#398,#399,#400,#407));
#409=FACE_BOUND('',#408,.T.);
#410=ADVANCED_FACE('',(#409),#389,.F.);
#411=CARTESIAN_POINT('',(11.223612142,-14.11923383,1.458363752));
#412=DIRECTION('',(0.,1.,0.));
#413=DIRECTION('',(0.,-0.,1.));
#414=AXIS2_PLACEMENT_3D('',#411,#412,#413);
#415=CYLINDRICAL_SURFACE('',#414,0.446605909);
#416=CARTESIAN_POINT('',(11.670218051,15.789430824,1.458363752));
#417=VERTEX_POINT('',#416);
#418=CARTESIAN_POINT('',(11.223612142,15.789430824,1.458363752));
#419=DIRECTION('',(0.,1.,0.));
#420=DIRECTION('',(0.,-0.,1.));
#421=AXIS2_PLACEMENT_3D('',#418,#419,#420);
#422=CIRCLE('',#421,0.446605909);
#423=EDGE_CURVE('',#417,#197,#422,.T.);
#424=ORIENTED_EDGE('',*,*,#423,.T.);
#425=ORIENTED_EDGE('',*,*,#202,.F.);
#426=ORIENTED_EDGE('',*,*,#397,.F.);
#427=CARTESIAN_POINT('',(11.670218051,15.789430824,1.458363752));
#428=DIRECTION('',(-0.,-1.,-0.));
#429=VECTOR('',#428,27.819636448);
#430=LINE('',#427,#429);
#431=EDGE_CURVE('',#417,#391,#430,.T.);
#432=ORIENTED_EDGE('',*,*,#431,.F.);
#433=EDGE_LOOP('',(#424,#425,#426,#432));
#434=FACE_BOUND('',#433,.T.);
#435=ADVANCED_FACE('',(#434),#415,.F.);
#436=CARTESIAN_POINT('',(10.84654245,15.789430824,1.458363752));
#437=DIRECTION('',(0.,0.,-1.));
#438=DIRECTION('',(0.,1.,0.));
#439=AXIS2_PLACEMENT_3D('',#436,#437,#438);
#440=DEGENERATE_TOROIDAL_SURFACE('',#439,0.377069692,0.446605909,.T.);
#441=CARTESIAN_POINT('',(11.428969053,16.371857427,1.458363752));
#442=VERTEX_POINT('',#441);
#443=CARTESIAN_POINT('',(11.113170987,16.05605936,1.458363752));
#444=DIRECTION('',(-0.707106781,0.707106781,-0.));
#445=DIRECTION('',(0.707106781,0.707106781,0.));
#446=AXIS2_PLACEMENT_3D('',#443,#444,#445);
#447=CIRCLE('',#446,0.446605909);
#448=EDGE_CURVE('',#442,#205,#447,.T.);
#449=ORIENTED_EDGE('',*,*,#448,.T.);
#450=ORIENTED_EDGE('',*,*,#211,.F.);
#451=ORIENTED_EDGE('',*,*,#423,.F.);
#452=CARTESIAN_POINT('',(10.84654245,15.789430824,1.458363752));
#453=DIRECTION('',(0.,0.,-1.));
#454=DIRECTION('',(0.,1.,0.));
#455=AXIS2_PLACEMENT_3D('',#452,#453,#454);
#456=CIRCLE('',#455,0.823675601);
#457=EDGE_CURVE('',#442,#417,#456,.T.);
#458=ORIENTED_EDGE('',*,*,#457,.F.);
#459=EDGE_LOOP('',(#449,#450,#451,#458));
#460=FACE_BOUND('',#459,.T.);
#461=ADVANCED_FACE('',(#460),#440,.F.);
#462=CARTESIAN_POINT('',(16.328127972,10.841102374,1.458363752));
#463=DIRECTION('',(-0.707106781,0.707106781,0.));
#464=DIRECTION('',(-0.707106781,-0.707106781,0.));
#465=AXIS2_PLACEMENT_3D('',#462,#463,#464);
#466=CYLINDRICAL_SURFACE('',#465,0.446605909);
#467=CARTESIAN_POINT('',(8.564111232,19.236715248,1.458363752));
#468=VERTEX_POINT('',#467);
#469=CARTESIAN_POINT('',(8.248313165,18.920917181,1.458363752));
#470=DIRECTION('',(-0.707106781,0.707106781,0.));
#471=DIRECTION('',(-0.707106781,-0.707106781,0.));
#472=AXIS2_PLACEMENT_3D('',#469,#470,#471);
#473=CIRCLE('',#472,0.446605909);
#474=EDGE_CURVE('',#468,#214,#473,.T.);
#475=ORIENTED_EDGE('',*,*,#474,.T.);
#476=ORIENTED_EDGE('',*,*,#219,.F.);
#477=ORIENTED_EDGE('',*,*,#448,.F.);
#478=CARTESIAN_POINT('',(8.564111232,19.236715248,1.458363752));
#479=DIRECTION('',(0.707106781,-0.707106781,-0.));
#480=VECTOR('',#479,4.051520785);
#481=LINE('',#478,#480);
#482=EDGE_CURVE('',#468,#442,#481,.T.);
#483=ORIENTED_EDGE('',*,*,#482,.F.);
#484=EDGE_LOOP('',(#475,#476,#477,#483));
#485=FACE_BOUND('',#484,.T.);
#486=ADVANCED_FACE('',(#485),#466,.F.);
#487=CARTESIAN_POINT('',(7.981684629,18.654288645,1.458363751));
#488=DIRECTION('',(0.,0.,-1.));
#489=DIRECTION('',(-1.,0.,0.));
#490=AXIS2_PLACEMENT_3D('',#487,#488,#489);
#491=DEGENERATE_TOROIDAL_SURFACE('',#490,0.377069692,0.446605909,.T.);
#492=CARTESIAN_POINT('',(7.981684629,19.477964246,1.458363752));
#493=VERTEX_POINT('',#492);
#494=CARTESIAN_POINT('',(7.981684629,19.031358337,1.458363751));
#495=DIRECTION('',(-1.,-0.,-0.));
#496=DIRECTION('',(0.,0.,-1.));
#497=AXIS2_PLACEMENT_3D('',#494,#495,#496);
#498=CIRCLE('',#497,0.446605909);
#499=EDGE_CURVE('',#493,#222,#498,.T.);
#500=ORIENTED_EDGE('',*,*,#499,.T.);
#501=ORIENTED_EDGE('',*,*,#228,.F.);
#502=ORIENTED_EDGE('',*,*,#474,.F.);
#503=CARTESIAN_POINT('',(7.981684629,18.654288645,1.458363751));
#504=DIRECTION('',(0.,0.,-1.));
#505=DIRECTION('',(-1.,0.,0.));
#506=AXIS2_PLACEMENT_3D('',#503,#504,#505);
#507=CIRCLE('',#506,0.823675601);
#508=EDGE_CURVE('',#493,#468,#507,.T.);
#509=ORIENTED_EDGE('',*,*,#508,.F.);
#510=EDGE_LOOP('',(#500,#501,#502,#509));
#511=FACE_BOUND('',#510,.T.);
#512=ADVANCED_FACE('',(#511),#491,.F.);
#513=CARTESIAN_POINT('',(-8.632208232,19.031358336,1.458363752));
#514=DIRECTION('',(-1.,0.,0.));
#515=DIRECTION('',(0.,0.,1.));
#516=AXIS2_PLACEMENT_3D('',#513,#514,#515);
#517=CYLINDRICAL_SURFACE('',#516,0.446605909);
#518=CARTESIAN_POINT('',(-12.137951818,19.477964246,1.458363752));
#519=VERTEX_POINT('',#518);
#520=CARTESIAN_POINT('',(-12.137951818,19.031358336,1.458363752));
#521=DIRECTION('',(-1.,0.,0.));
#522=DIRECTION('',(0.,0.,1.));
#523=AXIS2_PLACEMENT_3D('',#520,#521,#522);
#524=CIRCLE('',#523,0.446605909);
#525=EDGE_CURVE('',#519,#231,#524,.T.);
#526=ORIENTED_EDGE('',*,*,#525,.T.);
#527=ORIENTED_EDGE('',*,*,#235,.F.);
#528=ORIENTED_EDGE('',*,*,#499,.F.);
#529=CARTESIAN_POINT('',(-12.137951818,19.477964246,1.458363752));
#530=DIRECTION('',(1.,0.,0.));
#531=VECTOR('',#530,20.119636447);
#532=LINE('',#529,#531);
#533=EDGE_CURVE('',#519,#493,#532,.T.);
#534=ORIENTED_EDGE('',*,*,#533,.F.);
#535=EDGE_LOOP('',(#526,#527,#528,#534));
#536=FACE_BOUND('',#535,.T.);
#537=ADVANCED_FACE('',(#536),#517,.F.);
#538=CARTESIAN_POINT('',(-12.137951818,18.99659053,1.458363752));
#539=DIRECTION('',(0.,0.,-1.));
#540=DIRECTION('',(0.,1.,0.));
#541=AXIS2_PLACEMENT_3D('',#538,#539,#540);
#542=DEGENERATE_TOROIDAL_SURFACE('',#541,0.034767806,0.446605909,.T.);
#543=CARTESIAN_POINT('',(-12.619325533,18.99659053,1.458363752));
#544=VERTEX_POINT('',#543);
#545=CARTESIAN_POINT('',(-12.172719624,18.99659053,1.458363752));
#546=DIRECTION('',(0.,-1.,0.));
#547=DIRECTION('',(-1.,-0.,0.));
#548=AXIS2_PLACEMENT_3D('',#545,#546,#547);
#549=CIRCLE('',#548,0.446605909);
#550=EDGE_CURVE('',#544,#238,#549,.T.);
#551=ORIENTED_EDGE('',*,*,#550,.T.);
#552=ORIENTED_EDGE('',*,*,#244,.F.);
#553=ORIENTED_EDGE('',*,*,#525,.F.);
#554=CARTESIAN_POINT('',(-12.137951818,18.99659053,1.458363752));
#555=DIRECTION('',(0.,0.,-1.));
#556=DIRECTION('',(0.,1.,0.));
#557=AXIS2_PLACEMENT_3D('',#554,#555,#556);
#558=CIRCLE('',#557,0.481373715);
#559=EDGE_CURVE('',#544,#519,#558,.T.);
#560=ORIENTED_EDGE('',*,*,#559,.F.);
#561=EDGE_LOOP('',(#551,#552,#553,#560));
#562=FACE_BOUND('',#561,.T.);
#563=ADVANCED_FACE('',(#562),#542,.F.);
#564=CARTESIAN_POINT('',(-12.172719624,-14.11923383,1.458363752));
#565=DIRECTION('',(0.,-1.,0.));
#566=DIRECTION('',(0.,0.,-1.));
#567=AXIS2_PLACEMENT_3D('',#564,#565,#566);
#568=CYLINDRICAL_SURFACE('',#567,0.446605909);
#569=CARTESIAN_POINT('',(-12.619325533,-12.030205624,1.458363752));
#570=VERTEX_POINT('',#569);
#571=CARTESIAN_POINT('',(-12.172719624,-12.030205624,1.458363752));
#572=DIRECTION('',(0.,-1.,0.));
#573=DIRECTION('',(0.,0.,-1.));
#574=AXIS2_PLACEMENT_3D('',#571,#572,#573);
#575=CIRCLE('',#574,0.446605909);
#576=EDGE_CURVE('',#570,#247,#575,.T.);
#577=ORIENTED_EDGE('',*,*,#576,.T.);
#578=ORIENTED_EDGE('',*,*,#252,.F.);
#579=ORIENTED_EDGE('',*,*,#550,.F.);
#580=CARTESIAN_POINT('',(-12.619325534,-12.030205624,1.458363752));
#581=DIRECTION('',(-0.,1.,0.));
#582=VECTOR('',#581,31.026796154);
#583=LINE('',#580,#582);
#584=EDGE_CURVE('',#570,#544,#583,.T.);
#585=ORIENTED_EDGE('',*,*,#584,.F.);
#586=EDGE_LOOP('',(#577,#578,#579,#585));
#587=FACE_BOUND('',#586,.T.);
#588=ADVANCED_FACE('',(#587),#568,.F.);
#589=CARTESIAN_POINT('',(-12.137951818,-12.030205624,1.458363752));
#590=DIRECTION('',(0.,0.,-1.));
#591=DIRECTION('',(0.,1.,0.));
#592=AXIS2_PLACEMENT_3D('',#589,#590,#591);
#593=DEGENERATE_TOROIDAL_SURFACE('',#592,0.034767806,0.446605909,.T.);
#594=CARTESIAN_POINT('',(-12.137951818,-12.511579339,1.458363752));
#595=VERTEX_POINT('',#594);
#596=CARTESIAN_POINT('',(-12.137951818,-12.06497343,1.458363752));
#597=DIRECTION('',(1.,-0.,0.));
#598=DIRECTION('',(-0.,-1.,0.));
#599=AXIS2_PLACEMENT_3D('',#596,#597,#598);
#600=CIRCLE('',#599,0.446605909);
#601=EDGE_CURVE('',#595,#255,#600,.T.);
#602=ORIENTED_EDGE('',*,*,#601,.T.);
#603=ORIENTED_EDGE('',*,*,#261,.F.);
#604=ORIENTED_EDGE('',*,*,#576,.F.);
#605=CARTESIAN_POINT('',(-12.137951818,-12.030205624,1.458363752));
#606=DIRECTION('',(0.,0.,-1.));
#607=DIRECTION('',(0.,1.,0.));
#608=AXIS2_PLACEMENT_3D('',#605,#606,#607);
#609=CIRCLE('',#608,0.481373715);
#610=EDGE_CURVE('',#595,#570,#609,.T.);
#611=ORIENTED_EDGE('',*,*,#610,.F.);
#612=EDGE_LOOP('',(#602,#603,#604,#611));
#613=FACE_BOUND('',#612,.T.);
#614=ADVANCED_FACE('',(#613),#593,.F.);
#615=CARTESIAN_POINT('',(-8.632208232,-12.06497343,1.458363752));
#616=DIRECTION('',(1.,0.,0.));
#617=DIRECTION('',(0.,0.,-1.));
#618=AXIS2_PLACEMENT_3D('',#615,#616,#617);
#619=CYLINDRICAL_SURFACE('',#618,0.446605909);
#620=CARTESIAN_POINT('',(-8.632208232,-12.511579339,1.458363752));
#621=VERTEX_POINT('',#620);
#622=CARTESIAN_POINT('',(-8.632208232,-12.06497343,1.458363752));
#623=DIRECTION('',(1.,0.,0.));
#624=DIRECTION('',(0.,0.,-1.));
#625=AXIS2_PLACEMENT_3D('',#622,#623,#624);
#626=CIRCLE('',#625,0.446605909);
#627=EDGE_CURVE('',#621,#264,#626,.T.);
#628=ORIENTED_EDGE('',*,*,#627,.T.);
#629=ORIENTED_EDGE('',*,*,#269,.F.);
#630=ORIENTED_EDGE('',*,*,#601,.F.);
#631=CARTESIAN_POINT('',(-8.632208232,-12.511579339,1.458363752));
#632=DIRECTION('',(-1.,-0.,-0.));
#633=VECTOR('',#632,3.505743586);
#634=LINE('',#631,#633);
#635=EDGE_CURVE('',#621,#595,#634,.T.);
#636=ORIENTED_EDGE('',*,*,#635,.F.);
#637=EDGE_LOOP('',(#628,#629,#630,#636));
#638=FACE_BOUND('',#637,.T.);
#639=ADVANCED_FACE('',(#638),#619,.F.);
#640=CARTESIAN_POINT('',(-8.632208232,-13.51923383,1.458363752));
#641=DIRECTION('',(0.,0.,-1.));
#642=DIRECTION('',(0.,1.,0.));
#643=AXIS2_PLACEMENT_3D('',#640,#641,#642);
#644=TOROIDAL_SURFACE('',#643,1.4542604,0.446605909);
#645=CARTESIAN_POINT('',(-7.624553741,-13.51923383,1.458363752));
#646=VERTEX_POINT('',#645);
#647=CARTESIAN_POINT('',(-7.177947832,-13.51923383,1.458363752));
#648=DIRECTION('',(0.,-1.,-0.));
#649=DIRECTION('',(1.,0.,0.));
#650=AXIS2_PLACEMENT_3D('',#647,#648,#649);
#651=CIRCLE('',#650,0.446605909);
#652=EDGE_CURVE('',#646,#145,#651,.T.);
#653=ORIENTED_EDGE('',*,*,#652,.T.);
#654=ORIENTED_EDGE('',*,*,#276,.F.);
#655=ORIENTED_EDGE('',*,*,#627,.F.);
#656=CARTESIAN_POINT('',(-8.632208232,-13.51923383,1.458363752));
#657=DIRECTION('',(-0.,-0.,1.));
#658=DIRECTION('',(0.,1.,0.));
#659=AXIS2_PLACEMENT_3D('',#656,#657,#658);
#660=CIRCLE('',#659,1.007654491);
#661=EDGE_CURVE('',#646,#621,#660,.T.);
#662=ORIENTED_EDGE('',*,*,#661,.F.);
#663=EDGE_LOOP('',(#653,#654,#655,#662));
#664=FACE_BOUND('',#663,.T.);
#665=ADVANCED_FACE('',(#664),#644,.F.);
#666=CARTESIAN_POINT('',(-7.177947832,-14.11923383,1.458363752));
#667=DIRECTION('',(0.,-1.,0.));
#668=DIRECTION('',(0.,0.,-1.));
#669=AXIS2_PLACEMENT_3D('',#666,#667,#668);
#670=CYLINDRICAL_SURFACE('',#669,0.446605909);
#671=CARTESIAN_POINT('',(-7.624553741,-16.671197742,1.458363752));
#672=VERTEX_POINT('',#671);
#673=CARTESIAN_POINT('',(-7.177947832,-16.224591833,1.011757843));
#674=CARTESIAN_POINT('',(-7.624553741,-16.224591833,1.011757843));
#675=CARTESIAN_POINT('',(-7.624553741,-16.671197742,1.458363752));
#676=(BOUNDED_CURVE()
B_SPLINE_CURVE(2,(#673,#674,#675),.UNSPECIFIED.,.F.,.F.)
B_SPLINE_CURVE_WITH_KNOTS((3,3),(180.,270.),.UNSPECIFIED.)
CURVE()
GEOMETRIC_REPRESENTATION_ITEM()
RATIONAL_B_SPLINE_CURVE((1.,0.707106781,1.))
REPRESENTATION_ITEM(''));
#677=EDGE_CURVE('',#147,#672,#676,.T.);
#678=ORIENTED_EDGE('',*,*,#677,.F.);
#679=ORIENTED_EDGE('',*,*,#152,.F.);
#680=ORIENTED_EDGE('',*,*,#652,.F.);
#681=CARTESIAN_POINT('',(-7.624553741,-16.671197742,1.458363752));
#682=DIRECTION('',(-0.,1.,0.));
#683=VECTOR('',#682,3.151963912);
#684=LINE('',#681,#683);
#685=EDGE_CURVE('',#672,#646,#684,.T.);
#686=ORIENTED_EDGE('',*,*,#685,.F.);
#687=EDGE_LOOP('',(#678,#679,#680,#686));
#688=FACE_BOUND('',#687,.T.);
#689=ADVANCED_FACE('',(#688),#670,.F.);
#690=CARTESIAN_POINT('',(-8.632208232,-15.365304455,0.152470465));
#691=DIRECTION('',(0.,-0.707106781,-0.707106781));
#692=DIRECTION('',(1.,0.,0.));
#693=AXIS2_PLACEMENT_3D('',#690,#691,#692);
#694=PLANE('',#693);
#695=ORIENTED_EDGE('',*,*,#160,.F.);
#696=ORIENTED_EDGE('',*,*,#677,.T.);
#697=CARTESIAN_POINT('',(-7.624553741,-17.310056108,2.097222118));
#698=VERTEX_POINT('',#697);
#699=CARTESIAN_POINT('',(-7.624553741,-17.310056108,2.097222118));
#700=CARTESIAN_POINT('',(-7.624553741,-16.671197742,1.458363752));
#701=B_SPLINE_CURVE_WITH_KNOTS('',1,(#699,#700),.UNSPECIFIED.,.F.,.F.,(2,2),(0.,0.903482166),.UNSPECIFIED.);
#702=EDGE_CURVE('',#698,#672,#701,.T.);
#703=ORIENTED_EDGE('',*,*,#702,.F.);
#704=CARTESIAN_POINT('',(-7.017802303,-17.916807546,2.703973557));
#705=VERTEX_POINT('',#704);
#706=CARTESIAN_POINT('',(-7.017802303,-17.916807546,2.703973557));
#707=CARTESIAN_POINT('',(-7.624553742,-17.916807547,2.703973557));
#708=CARTESIAN_POINT('',(-7.624553741,-17.310056108,2.097222118));
#709=(BOUNDED_CURVE()
B_SPLINE_CURVE(2,(#706,#707,#708),.UNSPECIFIED.,.F.,.F.)
B_SPLINE_CURVE_WITH_KNOTS((3,3),(0.,90.),.UNSPECIFIED.)
CURVE()
GEOMETRIC_REPRESENTATION_ITEM()
RATIONAL_B_SPLINE_CURVE((1.,0.707106781,1.))
REPRESENTATION_ITEM(''));
#710=EDGE_CURVE('',#705,#698,#709,.T.);
#711=ORIENTED_EDGE('',*,*,#710,.F.);
#712=CARTESIAN_POINT('',(6.06869482,-17.916807546,2.703973557));
#713=VERTEX_POINT('',#712);
#714=CARTESIAN_POINT('',(6.06869482,-17.916807546,2.703973557));
#715=DIRECTION('',(-1.,-0.,-0.));
#716=VECTOR('',#715,13.086497123);
#717=LINE('',#714,#716);
#718=EDGE_CURVE('',#713,#705,#717,.T.);
#719=ORIENTED_EDGE('',*,*,#718,.F.);
#720=CARTESIAN_POINT('',(6.675446259,-17.310056108,2.097222118));
#721=VERTEX_POINT('',#720);
#722=CARTESIAN_POINT('',(6.675446259,-17.310056108,2.097222118));
#723=CARTESIAN_POINT('',(6.675446259,-17.916807547,2.703973557));
#724=CARTESIAN_POINT('',(6.06869482,-17.916807546,2.703973557));
#725=(BOUNDED_CURVE()
B_SPLINE_CURVE(2,(#722,#723,#724),.UNSPECIFIED.,.F.,.F.)
B_SPLINE_CURVE_WITH_KNOTS((3,3),(270.,360.),.UNSPECIFIED.)
CURVE()
GEOMETRIC_REPRESENTATION_ITEM()
RATIONAL_B_SPLINE_CURVE((1.,0.707106781,1.))
REPRESENTATION_ITEM(''));
#726=EDGE_CURVE('',#721,#713,#725,.T.);
#727=ORIENTED_EDGE('',*,*,#726,.F.);
#728=CARTESIAN_POINT('',(6.675446259,-16.671197742,1.458363752));
#729=CARTESIAN_POINT('',(6.675446259,-17.310056108,2.097222118));
#730=B_SPLINE_CURVE_WITH_KNOTS('',1,(#728,#729),.UNSPECIFIED.,.F.,.F.,(2,2),(0.,0.903482166),.UNSPECIFIED.);
#731=EDGE_CURVE('',#288,#721,#730,.T.);
#732=ORIENTED_EDGE('',*,*,#731,.F.);
#733=ORIENTED_EDGE('',*,*,#293,.F.);
#734=EDGE_LOOP('',(#695,#696,#703,#711,#719,#727,#732,#733));
#735=FACE_BOUND('',#734,.T.);
#736=ADVANCED_FACE('',(#735),#694,.F.);
#737=CARTESIAN_POINT('',(-0.513760953,-17.916807547,-147.522473429));
#738=DIRECTION('',(0.,1.,0.));
#739=DIRECTION('',(-1.,0.,0.));
#740=AXIS2_PLACEMENT_3D('',#737,#738,#739);
#741=PLANE('',#740);
#742=CARTESIAN_POINT('',(-7.017802303,-17.916807547,3.455864556));
#743=VERTEX_POINT('',#742);
#744=CARTESIAN_POINT('',(-7.017802303,-17.916807547,2.703973556));
#745=DIRECTION('',(0.,-0.,1.));
#746=VECTOR('',#745,0.751891);
#747=LINE('',#744,#746);
#748=EDGE_CURVE('',#705,#743,#747,.T.);
#749=ORIENTED_EDGE('',*,*,#748,.T.);
#750=CARTESIAN_POINT('',(6.06869482,-17.916807547,3.455864556));
#751=VERTEX_POINT('',#750);
#752=CARTESIAN_POINT('',(-7.017802303,-17.916807547,3.455864556));
#753=DIRECTION('',(1.,-0.,-0.));
#754=VECTOR('',#753,13.086497123);
#755=LINE('',#752,#754);
#756=EDGE_CURVE('',#743,#751,#755,.T.);
#757=ORIENTED_EDGE('',*,*,#756,.T.);
#758=CARTESIAN_POINT('',(6.06869482,-17.916807547,3.455864556));
#759=DIRECTION('',(-0.,0.,-1.));
#760=VECTOR('',#759,0.751891);
#761=LINE('',#758,#760);
#762=EDGE_CURVE('',#751,#713,#761,.T.);
#763=ORIENTED_EDGE('',*,*,#762,.T.);
#764=ORIENTED_EDGE('',*,*,#718,.T.);
#765=EDGE_LOOP('',(#749,#757,#763,#764));
#766=FACE_BOUND('',#765,.T.);
#767=ADVANCED_FACE('',(#766),#741,.T.);
#768=CARTESIAN_POINT('',(6.06869482,-17.310056108,-147.522473429));
#769=DIRECTION('',(0.,0.,1.));
#770=DIRECTION('',(0.,-1.,0.));
#771=AXIS2_PLACEMENT_3D('',#768,#769,#770);
#772=CYLINDRICAL_SURFACE('',#771,0.606751439);
#773=ORIENTED_EDGE('',*,*,#762,.F.);
#774=CARTESIAN_POINT('',(6.675446259,-17.310056108,3.455864556));
#775=VERTEX_POINT('',#774);
#776=CARTESIAN_POINT('',(6.06869482,-17.310056108,3.455864556));
#777=DIRECTION('',(0.,0.,1.));
#778=DIRECTION('',(0.,-1.,0.));
#779=AXIS2_PLACEMENT_3D('',#776,#777,#778);
#780=CIRCLE('',#779,0.606751439);
#781=EDGE_CURVE('',#751,#775,#780,.T.);
#782=ORIENTED_EDGE('',*,*,#781,.T.);
#783=CARTESIAN_POINT('',(6.675446259,-17.310056108,2.097222118));
#784=DIRECTION('',(0.,0.,1.));
#785=VECTOR('',#784,1.358642438);
#786=LINE('',#783,#785);
#787=EDGE_CURVE('',#721,#775,#786,.T.);
#788=ORIENTED_EDGE('',*,*,#787,.F.);
#789=ORIENTED_EDGE('',*,*,#726,.T.);
#790=EDGE_LOOP('',(#773,#782,#788,#789));
#791=FACE_BOUND('',#790,.T.);
#792=ADVANCED_FACE('',(#791),#772,.F.);
#793=CARTESIAN_POINT('',(6.675446259,-15.766807547,9.20993321));
#794=DIRECTION('',(-1.,0.,0.));
#795=DIRECTION('',(0.,0.,1.));
#796=AXIS2_PLACEMENT_3D('',#793,#794,#795);
#797=PLANE('',#796);
#798=CARTESIAN_POINT('',(6.675446259,-13.51923383,3.455864556));
#799=VERTEX_POINT('',#798);
#800=CARTESIAN_POINT('',(6.675446259,-13.51923383,3.455864556));
#801=DIRECTION('',(-0.,-0.,-1.));
#802=VECTOR('',#801,1.997500804);
#803=LINE('',#800,#802);
#804=EDGE_CURVE('',#799,#296,#803,.T.);
#805=ORIENTED_EDGE('',*,*,#804,.T.);
#806=ORIENTED_EDGE('',*,*,#301,.T.);
#807=ORIENTED_EDGE('',*,*,#731,.T.);
#808=ORIENTED_EDGE('',*,*,#787,.T.);
#809=CARTESIAN_POINT('',(6.675446259,-17.310056108,3.455864556));
#810=DIRECTION('',(0.,1.,0.));
#811=VECTOR('',#810,3.790822278);
#812=LINE('',#809,#811);
#813=EDGE_CURVE('',#775,#799,#812,.T.);
#814=ORIENTED_EDGE('',*,*,#813,.T.);
#815=EDGE_LOOP('',(#805,#806,#807,#808,#814));
#816=FACE_BOUND('',#815,.T.);
#817=ADVANCED_FACE('',(#816),#797,.T.);
#818=CARTESIAN_POINT('',(7.683100749,-13.51923383,-147.522473429));
#819=DIRECTION('',(0.,0.,1.));
#820=DIRECTION('',(0.,-1.,0.));
#821=AXIS2_PLACEMENT_3D('',#818,#819,#820);
#822=CYLINDRICAL_SURFACE('',#821,1.007654491);
#823=CARTESIAN_POINT('',(7.683100749,-12.511579339,3.455864556));
#824=VERTEX_POINT('',#823);
#825=CARTESIAN_POINT('',(7.683100749,-12.511579339,1.458363752));
#826=DIRECTION('',(0.,-0.,1.));
#827=VECTOR('',#826,1.997500804);
#828=LINE('',#825,#827);
#829=EDGE_CURVE('',#319,#824,#828,.T.);
#830=ORIENTED_EDGE('',*,*,#829,.F.);
#831=ORIENTED_EDGE('',*,*,#355,.T.);
#832=ORIENTED_EDGE('',*,*,#804,.F.);
#833=CARTESIAN_POINT('',(7.683100749,-13.51923383,3.455864556));
#834=DIRECTION('',(-0.,-0.,-1.));
#835=DIRECTION('',(0.,-1.,0.));
#836=AXIS2_PLACEMENT_3D('',#833,#834,#835);
#837=CIRCLE('',#836,1.007654491);
#838=EDGE_CURVE('',#799,#824,#837,.T.);
#839=ORIENTED_EDGE('',*,*,#838,.T.);
#840=EDGE_LOOP('',(#830,#831,#832,#839));
#841=FACE_BOUND('',#840,.T.);
#842=ADVANCED_FACE('',(#841),#822,.T.);
#843=CARTESIAN_POINT('',(7.025446259,-12.511579339,-147.522473429));
#844=DIRECTION('',(0.,1.,0.));
#845=DIRECTION('',(0.,0.,1.));
#846=AXIS2_PLACEMENT_3D('',#843,#844,#845);
#847=PLANE('',#846);
#848=CARTESIAN_POINT('',(11.188844336,-12.511579339,3.455864556));
#849=VERTEX_POINT('',#848);
#850=CARTESIAN_POINT('',(11.188844336,-12.511579339,1.458363752));
#851=DIRECTION('',(0.,-0.,1.));
#852=VECTOR('',#851,1.997500804);
#853=LINE('',#850,#852);
#854=EDGE_CURVE('',#366,#849,#853,.T.);
#855=ORIENTED_EDGE('',*,*,#854,.F.);
#856=ORIENTED_EDGE('',*,*,#380,.T.);
#857=ORIENTED_EDGE('',*,*,#829,.T.);
#858=CARTESIAN_POINT('',(7.683100749,-12.511579339,3.455864556));
#859=DIRECTION('',(1.,0.,0.));
#860=VECTOR('',#859,3.505743587);
#861=LINE('',#858,#860);
#862=EDGE_CURVE('',#824,#849,#861,.T.);
#863=ORIENTED_EDGE('',*,*,#862,.T.);
#864=EDGE_LOOP('',(#855,#856,#857,#863));
#865=FACE_BOUND('',#864,.T.);
#866=ADVANCED_FACE('',(#865),#847,.T.);
#867=CARTESIAN_POINT('',(11.188844336,-12.030205624,-147.522473429));
#868=DIRECTION('',(0.,0.,1.));
#869=DIRECTION('',(0.,-1.,0.));
#870=AXIS2_PLACEMENT_3D('',#867,#868,#869);
#871=CYLINDRICAL_SURFACE('',#870,0.481373715);
#872=CARTESIAN_POINT('',(11.670218052,-12.030205624,3.455864557));
#873=VERTEX_POINT('',#872);
#874=CARTESIAN_POINT('',(11.670218051,-12.030205624,1.458363752));
#875=DIRECTION('',(0.,0.,1.));
#876=VECTOR('',#875,1.997500804);
#877=LINE('',#874,#876);
#878=EDGE_CURVE('',#391,#873,#877,.T.);
#879=ORIENTED_EDGE('',*,*,#878,.F.);
#880=ORIENTED_EDGE('',*,*,#406,.T.);
#881=ORIENTED_EDGE('',*,*,#854,.T.);
#882=CARTESIAN_POINT('',(11.188844336,-12.030205624,3.455864556));
#883=DIRECTION('',(0.,0.,1.));
#884=DIRECTION('',(0.,-1.,0.));
#885=AXIS2_PLACEMENT_3D('',#882,#883,#884);
#886=CIRCLE('',#885,0.481373715);
#887=EDGE_CURVE('',#849,#873,#886,.T.);
#888=ORIENTED_EDGE('',*,*,#887,.T.);
#889=EDGE_LOOP('',(#879,#880,#881,#888));
#890=FACE_BOUND('',#889,.T.);
#891=ADVANCED_FACE('',(#890),#871,.F.);
#892=CARTESIAN_POINT('',(11.670218051,-12.630205624,-147.522473429));
#893=DIRECTION('',(-1.,0.,0.));
#894=DIRECTION('',(0.,0.,1.));
#895=AXIS2_PLACEMENT_3D('',#892,#893,#894);
#896=PLANE('',#895);
#897=CARTESIAN_POINT('',(11.670218051,15.789430824,3.455864556));
#898=VERTEX_POINT('',#897);
#899=CARTESIAN_POINT('',(11.670218051,15.789430824,1.458363752));
#900=DIRECTION('',(0.,0.,1.));
#901=VECTOR('',#900,1.997500804);
#902=LINE('',#899,#901);
#903=EDGE_CURVE('',#417,#898,#902,.T.);
#904=ORIENTED_EDGE('',*,*,#903,.F.);
#905=ORIENTED_EDGE('',*,*,#431,.T.);
#906=ORIENTED_EDGE('',*,*,#878,.T.);
#907=CARTESIAN_POINT('',(11.670218051,-12.030205624,3.455864556));
#908=DIRECTION('',(0.,1.,0.));
#909=VECTOR('',#908,27.819636448);
#910=LINE('',#907,#909);
#911=EDGE_CURVE('',#873,#898,#910,.T.);
#912=ORIENTED_EDGE('',*,*,#911,.T.);
#913=EDGE_LOOP('',(#904,#905,#906,#912));
#914=FACE_BOUND('',#913,.T.);
#915=ADVANCED_FACE('',(#914),#896,.T.);
#916=CARTESIAN_POINT('',(10.84654245,15.789430824,-147.522473429));
#917=DIRECTION('',(0.,0.,1.));
#918=DIRECTION('',(0.,-1.,0.));
#919=AXIS2_PLACEMENT_3D('',#916,#917,#918);
#920=CYLINDRICAL_SURFACE('',#919,0.823675601);
#921=CARTESIAN_POINT('',(11.428969053,16.371857427,3.455864556));
#922=VERTEX_POINT('',#921);
#923=CARTESIAN_POINT('',(11.428969053,16.371857427,1.458363752));
#924=DIRECTION('',(-0.,-0.,1.));
#925=VECTOR('',#924,1.997500804);
#926=LINE('',#923,#925);
#927=EDGE_CURVE('',#442,#922,#926,.T.);
#928=ORIENTED_EDGE('',*,*,#927,.F.);
#929=ORIENTED_EDGE('',*,*,#457,.T.);
#930=ORIENTED_EDGE('',*,*,#903,.T.);
#931=CARTESIAN_POINT('',(10.84654245,15.789430824,3.455864556));
#932=DIRECTION('',(0.,0.,1.));
#933=DIRECTION('',(1.,0.,-0.));
#934=AXIS2_PLACEMENT_3D('',#931,#932,#933);
#935=CIRCLE('',#934,0.823675601);
#936=EDGE_CURVE('',#898,#922,#935,.T.);
#937=ORIENTED_EDGE('',*,*,#936,.T.);
#938=EDGE_LOOP('',(#928,#929,#930,#937));
#939=FACE_BOUND('',#938,.T.);
#940=ADVANCED_FACE('',(#939),#920,.F.);
#941=CARTESIAN_POINT('',(11.487547697,16.313278783,-147.522473429));
#942=DIRECTION('',(-0.707106781,-0.707106781,0.));
#943=DIRECTION('',(0.707106781,-0.707106781,0.));
#944=AXIS2_PLACEMENT_3D('',#941,#942,#943);
#945=PLANE('',#944);
#946=CARTESIAN_POINT('',(8.564111232,19.236715248,3.455864556));
#947=VERTEX_POINT('',#946);
#948=CARTESIAN_POINT('',(8.564111232,19.236715248,1.458363752));
#949=DIRECTION('',(0.,0.,1.));
#950=VECTOR('',#949,1.997500804);
#951=LINE('',#948,#950);
#952=EDGE_CURVE('',#468,#947,#951,.T.);
#953=ORIENTED_EDGE('',*,*,#952,.F.);
#954=ORIENTED_EDGE('',*,*,#482,.T.);
#955=ORIENTED_EDGE('',*,*,#927,.T.);
#956=CARTESIAN_POINT('',(11.428969053,16.371857427,3.455864556));
#957=DIRECTION('',(-0.707106781,0.707106781,-0.));
#958=VECTOR('',#957,4.051520785);
#959=LINE('',#956,#958);
#960=EDGE_CURVE('',#922,#947,#959,.T.);
#961=ORIENTED_EDGE('',*,*,#960,.T.);
#962=EDGE_LOOP('',(#953,#954,#955,#961));
#963=FACE_BOUND('',#962,.T.);
#964=ADVANCED_FACE('',(#963),#945,.T.);
#965=CARTESIAN_POINT('',(7.981684629,18.654288645,-147.522473429));
#966=DIRECTION('',(0.,0.,1.));
#967=DIRECTION('',(0.,-1.,0.));
#968=AXIS2_PLACEMENT_3D('',#965,#966,#967);
#969=CYLINDRICAL_SURFACE('',#968,0.823675601);
#970=CARTESIAN_POINT('',(7.981684629,19.477964246,3.455864556));
#971=VERTEX_POINT('',#970);
#972=CARTESIAN_POINT('',(7.981684629,19.477964246,1.458363752));
#973=DIRECTION('',(-0.,-0.,1.));
#974=VECTOR('',#973,1.997500804);
#975=LINE('',#972,#974);
#976=EDGE_CURVE('',#493,#971,#975,.T.);
#977=ORIENTED_EDGE('',*,*,#976,.F.);
#978=ORIENTED_EDGE('',*,*,#508,.T.);
#979=ORIENTED_EDGE('',*,*,#952,.T.);
#980=CARTESIAN_POINT('',(8.564111232,19.236715248,3.455864556));
#981=CARTESIAN_POINT('',(8.5259915,19.27483498,3.455864556));
#982=CARTESIAN_POINT('',(8.484118337,19.309199397,3.455864556));
#983=CARTESIAN_POINT('',(8.439294274,19.339149878,3.455864556));
#984=CARTESIAN_POINT('',(8.394470212,19.369100359,3.455864556));
#985=CARTESIAN_POINT('',(8.346697465,19.394635424,3.455864556));
#986=CARTESIAN_POINT('',(8.296891635,19.415265675,3.455864556));
#987=CARTESIAN_POINT('',(8.247085805,19.435895925,3.455864556));
#988=CARTESIAN_POINT('',(8.195249354,19.45162034,3.455864556));
#989=CARTESIAN_POINT('',(8.142375767,19.462137551,3.455864556));
#990=CARTESIAN_POINT('',(8.08950218,19.472654761,3.455864556));
#991=CARTESIAN_POINT('',(8.035594071,19.477964246,3.455864556));
#992=CARTESIAN_POINT('',(7.981684629,19.477964246,3.455864556));
#993=B_SPLINE_CURVE_WITH_KNOTS('',3,(#980,#981,#982,#983,#984,#985,#986,#987,#988,#989,#990,#991,#992),.UNSPECIFIED.,.F.,.F.,(4,3,3,3,4),(0.,0.25,0.5,0.75,1.),.UNSPECIFIED.);
#994=EDGE_CURVE('',#947,#971,#993,.T.);
#995=ORIENTED_EDGE('',*,*,#994,.T.);
#996=EDGE_LOOP('',(#977,#978,#979,#995));
#997=FACE_BOUND('',#996,.T.);
#998=ADVANCED_FACE('',(#997),#969,.F.);
#999=CARTESIAN_POINT('',(8.164527341,19.477964246,-147.522473429));
#1000=DIRECTION('',(0.,-1.,0.));
#1001=DIRECTION('',(0.,0.,-1.));
#1002=AXIS2_PLACEMENT_3D('',#999,#1000,#1001);
#1003=PLANE('',#1002);
#1004=CARTESIAN_POINT('',(-12.137951818,19.477964246,3.455864556));
#1005=VERTEX_POINT('',#1004);
#1006=CARTESIAN_POINT('',(-12.137951818,19.477964246,1.458363752));
#1007=DIRECTION('',(-0.,-0.,1.));
#1008=VECTOR('',#1007,1.997500804);
#1009=LINE('',#1006,#1008);
#1010=EDGE_CURVE('',#519,#1005,#1009,.T.);
#1011=ORIENTED_EDGE('',*,*,#1010,.F.);
#1012=ORIENTED_EDGE('',*,*,#533,.T.);
#1013=ORIENTED_EDGE('',*,*,#976,.T.);
#1014=CARTESIAN_POINT('',(7.981684629,19.477964246,3.455864556));
#1015=DIRECTION('',(-1.,-0.,-0.));
#1016=VECTOR('',#1015,20.119636447);
#1017=LINE('',#1014,#1016);
#1018=EDGE_CURVE('',#971,#1005,#1017,.T.);
#1019=ORIENTED_EDGE('',*,*,#1018,.T.);
#1020=EDGE_LOOP('',(#1011,#1012,#1013,#1019));
#1021=FACE_BOUND('',#1020,.T.);
#1022=ADVANCED_FACE('',(#1021),#1003,.T.);
#1023=CARTESIAN_POINT('',(-12.137951818,18.99659053,-147.522473429));
#1024=DIRECTION('',(0.,0.,1.));
#1025=DIRECTION('',(0.,-1.,0.));
#1026=AXIS2_PLACEMENT_3D('',#1023,#1024,#1025);
#1027=CYLINDRICAL_SURFACE('',#1026,0.481373715);
#1028=CARTESIAN_POINT('',(-12.619325533,18.996590531,3.455864556));
#1029=VERTEX_POINT('',#1028);
#1030=CARTESIAN_POINT('',(-12.619325534,18.99659053,1.458363752));
#1031=DIRECTION('',(-0.,-0.,1.));
#1032=VECTOR('',#1031,1.997500804);
#1033=LINE('',#1030,#1032);
#1034=EDGE_CURVE('',#544,#1029,#1033,.T.);
#1035=ORIENTED_EDGE('',*,*,#1034,.F.);
#1036=ORIENTED_EDGE('',*,*,#559,.T.);
#1037=ORIENTED_EDGE('',*,*,#1010,.T.);
#1038=CARTESIAN_POINT('',(-12.137951818,18.99659053,3.455864556));
#1039=DIRECTION('',(0.,0.,1.));
#1040=DIRECTION('',(0.,-1.,0.));
#1041=AXIS2_PLACEMENT_3D('',#1038,#1039,#1040);
#1042=CIRCLE('',#1041,0.481373715);
#1043=EDGE_CURVE('',#1005,#1029,#1042,.T.);
#1044=ORIENTED_EDGE('',*,*,#1043,.T.);
#1045=EDGE_LOOP('',(#1035,#1036,#1037,#1044));
#1046=FACE_BOUND('',#1045,.T.);
#1047=ADVANCED_FACE('',(#1046),#1027,.F.);
#1048=CARTESIAN_POINT('',(-12.619325534,19.09659053,-147.522473429));
#1049=DIRECTION('',(1.,0.,0.));
#1050=DIRECTION('',(0.,0.,-1.));
#1051=AXIS2_PLACEMENT_3D('',#1048,#1049,#1050);
#1052=PLANE('',#1051);
#1053=CARTESIAN_POINT('',(-12.619325533,-12.030205624,3.455864556));
#1054=VERTEX_POINT('',#1053);
#1055=CARTESIAN_POINT('',(-12.619325534,-12.030205624,1.458363752));
#1056=DIRECTION('',(-0.,-0.,1.));
#1057=VECTOR('',#1056,1.997500804);
#1058=LINE('',#1055,#1057);
#1059=EDGE_CURVE('',#570,#1054,#1058,.T.);
#1060=ORIENTED_EDGE('',*,*,#1059,.F.);
#1061=ORIENTED_EDGE('',*,*,#584,.T.);
#1062=ORIENTED_EDGE('',*,*,#1034,.T.);
#1063=CARTESIAN_POINT('',(-12.619325534,18.99659053,3.455864556));
#1064=DIRECTION('',(0.,-1.,-0.));
#1065=VECTOR('',#1064,31.026796154);
#1066=LINE('',#1063,#1065);
#1067=EDGE_CURVE('',#1029,#1054,#1066,.T.);
#1068=ORIENTED_EDGE('',*,*,#1067,.T.);
#1069=EDGE_LOOP('',(#1060,#1061,#1062,#1068));
#1070=FACE_BOUND('',#1069,.T.);
#1071=ADVANCED_FACE('',(#1070),#1052,.T.);
#1072=CARTESIAN_POINT('',(-12.137951818,-12.030205624,-147.522473429));
#1073=DIRECTION('',(0.,0.,1.));
#1074=DIRECTION('',(0.,-1.,0.));
#1075=AXIS2_PLACEMENT_3D('',#1072,#1073,#1074);
#1076=CYLINDRICAL_SURFACE('',#1075,0.481373715);
#1077=CARTESIAN_POINT('',(-12.137951818,-12.511579339,3.455864556));
#1078=VERTEX_POINT('',#1077);
#1079=CARTESIAN_POINT('',(-12.137951818,-12.511579339,1.458363752));
#1080=DIRECTION('',(0.,-0.,1.));
#1081=VECTOR('',#1080,1.997500804);
#1082=LINE('',#1079,#1081);
#1083=EDGE_CURVE('',#595,#1078,#1082,.T.);
#1084=ORIENTED_EDGE('',*,*,#1083,.F.);
#1085=ORIENTED_EDGE('',*,*,#610,.T.);
#1086=ORIENTED_EDGE('',*,*,#1059,.T.);
#1087=CARTESIAN_POINT('',(-12.137951818,-12.030205624,3.455864556));
#1088=DIRECTION('',(0.,0.,1.));
#1089=DIRECTION('',(0.,-1.,0.));
#1090=AXIS2_PLACEMENT_3D('',#1087,#1088,#1089);
#1091=CIRCLE('',#1090,0.481373715);
#1092=EDGE_CURVE('',#1054,#1078,#1091,.T.);
#1093=ORIENTED_EDGE('',*,*,#1092,.T.);
#1094=EDGE_LOOP('',(#1084,#1085,#1086,#1093));
#1095=FACE_BOUND('',#1094,.T.);
#1096=ADVANCED_FACE('',(#1095),#1076,.F.);
#1097=CARTESIAN_POINT('',(-12.337951818,-12.511579339,-147.522473429));
#1098=DIRECTION('',(0.,1.,0.));
#1099=DIRECTION('',(0.,0.,1.));
#1100=AXIS2_PLACEMENT_3D('',#1097,#1098,#1099);
#1101=PLANE('',#1100);
#1102=CARTESIAN_POINT('',(-8.632208232,-12.511579339,3.455864556));
#1103=VERTEX_POINT('',#1102);
#1104=CARTESIAN_POINT('',(-8.632208232,-12.511579339,3.455864556));
#1105=DIRECTION('',(-0.,0.,-1.));
#1106=VECTOR('',#1105,1.997500804);
#1107=LINE('',#1104,#1106);
#1108=EDGE_CURVE('',#1103,#621,#1107,.T.);
#1109=ORIENTED_EDGE('',*,*,#1108,.T.);
#1110=ORIENTED_EDGE('',*,*,#635,.T.);
#1111=ORIENTED_EDGE('',*,*,#1083,.T.);
#1112=CARTESIAN_POINT('',(-12.137951818,-12.511579339,3.455864556));
#1113=DIRECTION('',(1.,0.,0.));
#1114=VECTOR('',#1113,3.505743586);
#1115=LINE('',#1112,#1114);
#1116=EDGE_CURVE('',#1078,#1103,#1115,.T.);
#1117=ORIENTED_EDGE('',*,*,#1116,.T.);
#1118=EDGE_LOOP('',(#1109,#1110,#1111,#1117));
#1119=FACE_BOUND('',#1118,.T.);
#1120=ADVANCED_FACE('',(#1119),#1101,.T.);
#1121=CARTESIAN_POINT('',(-8.632208232,-13.51923383,9.20993321));
#1122=DIRECTION('',(0.,0.,1.));
#1123=DIRECTION('',(0.,-1.,0.));
#1124=AXIS2_PLACEMENT_3D('',#1121,#1122,#1123);
#1125=CYLINDRICAL_SURFACE('',#1124,1.007654491);
#1126=CARTESIAN_POINT('',(-7.624553741,-13.51923383,3.455864556));
#1127=VERTEX_POINT('',#1126);
#1128=CARTESIAN_POINT('',(-7.624553741,-13.51923383,1.458363752));
#1129=DIRECTION('',(-0.,-0.,1.));
#1130=VECTOR('',#1129,1.997500804);
#1131=LINE('',#1128,#1130);
#1132=EDGE_CURVE('',#646,#1127,#1131,.T.);
#1133=ORIENTED_EDGE('',*,*,#1132,.F.);
#1134=ORIENTED_EDGE('',*,*,#661,.T.);
#1135=ORIENTED_EDGE('',*,*,#1108,.F.);
#1136=CARTESIAN_POINT('',(-8.632208232,-13.51923383,3.455864556));
#1137=DIRECTION('',(-0.,-0.,-1.));
#1138=DIRECTION('',(0.,-1.,0.));
#1139=AXIS2_PLACEMENT_3D('',#1136,#1137,#1138);
#1140=CIRCLE('',#1139,1.007654491);
#1141=EDGE_CURVE('',#1103,#1127,#1140,.T.);
#1142=ORIENTED_EDGE('',*,*,#1141,.T.);
#1143=EDGE_LOOP('',(#1133,#1134,#1135,#1142));
#1144=FACE_BOUND('',#1143,.T.);
#1145=ADVANCED_FACE('',(#1144),#1125,.T.);
#1146=CARTESIAN_POINT('',(-7.624553741,-15.766807547,9.20993321));
#1147=DIRECTION('',(1.,0.,0.));
#1148=DIRECTION('',(0.,0.,-1.));
#1149=AXIS2_PLACEMENT_3D('',#1146,#1147,#1148);
#1150=PLANE('',#1149);
#1151=ORIENTED_EDGE('',*,*,#702,.T.);
#1152=ORIENTED_EDGE('',*,*,#685,.T.);
#1153=ORIENTED_EDGE('',*,*,#1132,.T.);
#1154=CARTESIAN_POINT('',(-7.624553741,-17.310056108,3.455864556));
#1155=VERTEX_POINT('',#1154);
#1156=CARTESIAN_POINT('',(-7.624553741,-13.51923383,3.455864556));
#1157=DIRECTION('',(0.,-1.,-0.));
#1158=VECTOR('',#1157,3.790822278);
#1159=LINE('',#1156,#1158);
#1160=EDGE_CURVE('',#1127,#1155,#1159,.T.);
#1161=ORIENTED_EDGE('',*,*,#1160,.T.);
#1162=CARTESIAN_POINT('',(-7.624553741,-17.310056108,3.455864556));
#1163=DIRECTION('',(0.,0.,-1.));
#1164=VECTOR('',#1163,1.358642438);
#1165=LINE('',#1162,#1164);
#1166=EDGE_CURVE('',#1155,#698,#1165,.T.);
#1167=ORIENTED_EDGE('',*,*,#1166,.T.);
#1168=EDGE_LOOP('',(#1151,#1152,#1153,#1161,#1167));
#1169=FACE_BOUND('',#1168,.T.);
#1170=ADVANCED_FACE('',(#1169),#1150,.T.);
#1171=CARTESIAN_POINT('',(-7.017802303,-17.310056108,9.20993321));
#1172=DIRECTION('',(0.,0.,1.));
#1173=DIRECTION('',(0.,-1.,0.));
#1174=AXIS2_PLACEMENT_3D('',#1171,#1172,#1173);
#1175=CYLINDRICAL_SURFACE('',#1174,0.606751439);
#1176=ORIENTED_EDGE('',*,*,#1166,.F.);
#1177=CARTESIAN_POINT('',(-7.017802303,-17.310056108,3.455864556));
#1178=DIRECTION('',(0.,0.,1.));
#1179=DIRECTION('',(0.,-1.,0.));
#1180=AXIS2_PLACEMENT_3D('',#1177,#1178,#1179);
#1181=CIRCLE('',#1180,0.606751439);
#1182=EDGE_CURVE('',#1155,#743,#1181,.T.);
#1183=ORIENTED_EDGE('',*,*,#1182,.T.);
#1184=ORIENTED_EDGE('',*,*,#748,.F.);
#1185=ORIENTED_EDGE('',*,*,#710,.T.);
#1186=EDGE_LOOP('',(#1176,#1183,#1184,#1185));
#1187=FACE_BOUND('',#1186,.T.);
#1188=ADVANCED_FACE('',(#1187),#1175,.F.);
#1189=CARTESIAN_POINT('',(-0.513760953,-18.363413456,3.455864556));
#1190=DIRECTION('',(-1.,0.,0.));
#1191=DIRECTION('',(0.,-1.,0.));
#1192=AXIS2_PLACEMENT_3D('',#1189,#1190,#1191);
#1193=CYLINDRICAL_SURFACE('',#1192,0.446605909);
#1194=CARTESIAN_POINT('',(6.06869482,-18.363413456,3.902470465));
#1195=VERTEX_POINT('',#1194);
#1196=CARTESIAN_POINT('',(6.06869482,-18.363413456,3.455864556));
#1197=DIRECTION('',(-1.,0.,0.));
#1198=DIRECTION('',(0.,-1.,0.));
#1199=AXIS2_PLACEMENT_3D('',#1196,#1197,#1198);
#1200=CIRCLE('',#1199,0.446605909);
#1201=EDGE_CURVE('',#1195,#751,#1200,.T.);
#1202=ORIENTED_EDGE('',*,*,#1201,.T.);
#1203=ORIENTED_EDGE('',*,*,#756,.F.);
#1204=CARTESIAN_POINT('',(-7.017802303,-18.363413456,3.902470465));
#1205=VERTEX_POINT('',#1204);
#1206=CARTESIAN_POINT('',(-7.017802303,-18.363413456,3.455864556));
#1207=DIRECTION('',(-1.,0.,0.));
#1208=DIRECTION('',(0.,-1.,0.));
#1209=AXIS2_PLACEMENT_3D('',#1206,#1207,#1208);
#1210=CIRCLE('',#1209,0.446605909);
#1211=EDGE_CURVE('',#1205,#743,#1210,.T.);
#1212=ORIENTED_EDGE('',*,*,#1211,.F.);
#1213=CARTESIAN_POINT('',(6.06869482,-18.363413456,3.902470465));
#1214=DIRECTION('',(-1.,-0.,0.));
#1215=VECTOR('',#1214,13.086497123);
#1216=LINE('',#1213,#1215);
#1217=EDGE_CURVE('',#1195,#1205,#1216,.T.);
#1218=ORIENTED_EDGE('',*,*,#1217,.F.);
#1219=EDGE_LOOP('',(#1202,#1203,#1212,#1218));
#1220=FACE_BOUND('',#1219,.T.);
#1221=ADVANCED_FACE('',(#1220),#1193,.T.);
#1222=CARTESIAN_POINT('',(6.06869482,-17.310056108,3.455864556));
#1223=DIRECTION('',(0.,0.,1.));
#1224=DIRECTION('',(0.,-1.,0.));
#1225=AXIS2_PLACEMENT_3D('',#1222,#1223,#1224);
#1226=TOROIDAL_SURFACE('',#1225,1.053357348,0.446605909);
#1227=CARTESIAN_POINT('',(7.122052168,-17.310056108,3.902470465));
#1228=VERTEX_POINT('',#1227);
#1229=CARTESIAN_POINT('',(7.122052168,-17.310056108,3.455864556));
#1230=DIRECTION('',(-0.,-1.,0.));
#1231=DIRECTION('',(1.,-0.,0.));
#1232=AXIS2_PLACEMENT_3D('',#1229,#1230,#1231);
#1233=CIRCLE('',#1232,0.446605909);
#1234=EDGE_CURVE('',#1228,#775,#1233,.T.);
#1235=ORIENTED_EDGE('',*,*,#1234,.T.);
#1236=ORIENTED_EDGE('',*,*,#781,.F.);
#1237=ORIENTED_EDGE('',*,*,#1201,.F.);
#1238=CARTESIAN_POINT('',(6.06869482,-17.310056108,3.902470465));
#1239=DIRECTION('',(-0.,-0.,-1.));
#1240=DIRECTION('',(0.,-1.,0.));
#1241=AXIS2_PLACEMENT_3D('',#1238,#1239,#1240);
#1242=CIRCLE('',#1241,1.053357348);
#1243=EDGE_CURVE('',#1228,#1195,#1242,.T.);
#1244=ORIENTED_EDGE('',*,*,#1243,.F.);
#1245=EDGE_LOOP('',(#1235,#1236,#1237,#1244));
#1246=FACE_BOUND('',#1245,.T.);
#1247=ADVANCED_FACE('',(#1246),#1226,.T.);
#1248=CARTESIAN_POINT('',(7.122052168,20.719566039,3.455864556));
#1249=DIRECTION('',(0.,-1.,0.));
#1250=DIRECTION('',(0.,0.,-1.));
#1251=AXIS2_PLACEMENT_3D('',#1248,#1249,#1250);
#1252=CYLINDRICAL_SURFACE('',#1251,0.446605909);
#1253=CARTESIAN_POINT('',(7.122052168,-13.51923383,3.902470465));
#1254=VERTEX_POINT('',#1253);
#1255=CARTESIAN_POINT('',(7.122052168,-13.51923383,3.455864556));
#1256=DIRECTION('',(0.,-1.,0.));
#1257=DIRECTION('',(0.,0.,-1.));
#1258=AXIS2_PLACEMENT_3D('',#1255,#1256,#1257);
#1259=CIRCLE('',#1258,0.446605909);
#1260=EDGE_CURVE('',#1254,#799,#1259,.T.);
#1261=ORIENTED_EDGE('',*,*,#1260,.T.);
#1262=ORIENTED_EDGE('',*,*,#813,.F.);
#1263=ORIENTED_EDGE('',*,*,#1234,.F.);
#1264=CARTESIAN_POINT('',(7.122052168,-13.51923383,3.902470465));
#1265=DIRECTION('',(0.,-1.,0.));
#1266=VECTOR('',#1265,3.790822278);
#1267=LINE('',#1264,#1266);
#1268=EDGE_CURVE('',#1254,#1228,#1267,.T.);
#1269=ORIENTED_EDGE('',*,*,#1268,.F.);
#1270=EDGE_LOOP('',(#1261,#1262,#1263,#1269));
#1271=FACE_BOUND('',#1270,.T.);
#1272=ADVANCED_FACE('',(#1271),#1252,.T.);
#1273=CARTESIAN_POINT('',(7.683100749,-13.51923383,3.455864556));
#1274=DIRECTION('',(0.,0.,1.));
#1275=DIRECTION('',(1.,0.,-0.));
#1276=AXIS2_PLACEMENT_3D('',#1273,#1274,#1275);
#1277=TOROIDAL_SURFACE('',#1276,0.561048582,0.446605909);
#1278=CARTESIAN_POINT('',(7.683100749,-12.958185248,3.902470465));
#1279=VERTEX_POINT('',#1278);
#1280=CARTESIAN_POINT('',(7.683100749,-12.958185248,3.455864556));
#1281=DIRECTION('',(-1.,0.,-0.));
#1282=DIRECTION('',(0.,1.,0.));
#1283=AXIS2_PLACEMENT_3D('',#1280,#1281,#1282);
#1284=CIRCLE('',#1283,0.446605909);
#1285=EDGE_CURVE('',#1279,#824,#1284,.T.);
#1286=ORIENTED_EDGE('',*,*,#1285,.T.);
#1287=ORIENTED_EDGE('',*,*,#838,.F.);
#1288=ORIENTED_EDGE('',*,*,#1260,.F.);
#1289=CARTESIAN_POINT('',(7.683100749,-12.958185248,3.902470465));
#1290=CARTESIAN_POINT('',(7.122052167,-12.958185248,3.902470465));
#1291=CARTESIAN_POINT('',(7.122052168,-13.51923383,3.902470465));
#1292=(BOUNDED_CURVE()
B_SPLINE_CURVE(2,(#1289,#1290,#1291),.UNSPECIFIED.,.F.,.F.)
B_SPLINE_CURVE_WITH_KNOTS((3,3),(90.,180.),.UNSPECIFIED.)
CURVE()
GEOMETRIC_REPRESENTATION_ITEM()
RATIONAL_B_SPLINE_CURVE((1.,0.707106781,1.))
REPRESENTATION_ITEM(''));
#1293=EDGE_CURVE('',#1279,#1254,#1292,.T.);
#1294=ORIENTED_EDGE('',*,*,#1293,.F.);
#1295=EDGE_LOOP('',(#1286,#1287,#1288,#1294));
#1296=FACE_BOUND('',#1295,.T.);
#1297=ADVANCED_FACE('',(#1296),#1277,.T.);
#1298=CARTESIAN_POINT('',(-0.513760953,-12.958185248,3.455864556));
#1299=DIRECTION('',(-1.,0.,0.));
#1300=DIRECTION('',(0.,0.,1.));
#1301=AXIS2_PLACEMENT_3D('',#1298,#1299,#1300);
#1302=CYLINDRICAL_SURFACE('',#1301,0.446605909);
#1303=CARTESIAN_POINT('',(11.188844336,-12.958185248,3.902470465));
#1304=VERTEX_POINT('',#1303);
#1305=CARTESIAN_POINT('',(11.188844336,-12.958185248,3.455864556));
#1306=DIRECTION('',(-1.,0.,0.));
#1307=DIRECTION('',(0.,0.,1.));
#1308=AXIS2_PLACEMENT_3D('',#1305,#1306,#1307);
#1309=CIRCLE('',#1308,0.446605909);
#1310=EDGE_CURVE('',#1304,#849,#1309,.T.);
#1311=ORIENTED_EDGE('',*,*,#1310,.T.);
#1312=ORIENTED_EDGE('',*,*,#862,.F.);
#1313=ORIENTED_EDGE('',*,*,#1285,.F.);
#1314=CARTESIAN_POINT('',(11.188844336,-12.958185248,3.902470465));
#1315=DIRECTION('',(-1.,-0.,0.));
#1316=VECTOR('',#1315,3.505743587);
#1317=LINE('',#1314,#1316);
#1318=EDGE_CURVE('',#1304,#1279,#1317,.T.);
#1319=ORIENTED_EDGE('',*,*,#1318,.F.);
#1320=EDGE_LOOP('',(#1311,#1312,#1313,#1319));
#1321=FACE_BOUND('',#1320,.T.);
#1322=ADVANCED_FACE('',(#1321),#1302,.T.);
#1323=CARTESIAN_POINT('',(11.188844336,-12.030205624,3.455864556));
#1324=DIRECTION('',(0.,0.,1.));
#1325=DIRECTION('',(1.,0.,-0.));
#1326=AXIS2_PLACEMENT_3D('',#1323,#1324,#1325);
#1327=TOROIDAL_SURFACE('',#1326,0.927979624,0.446605909);
#1328=CARTESIAN_POINT('',(12.116823961,-12.030205624,3.902470465));
#1329=VERTEX_POINT('',#1328);
#1330=CARTESIAN_POINT('',(12.11682396,-12.030205624,3.455864556));
#1331=DIRECTION('',(-0.,-1.,0.));
#1332=DIRECTION('',(1.,-0.,0.));
#1333=AXIS2_PLACEMENT_3D('',#1330,#1331,#1332);
#1334=CIRCLE('',#1333,0.446605909);
#1335=EDGE_CURVE('',#1329,#873,#1334,.T.);
#1336=ORIENTED_EDGE('',*,*,#1335,.T.);
#1337=ORIENTED_EDGE('',*,*,#887,.F.);
#1338=ORIENTED_EDGE('',*,*,#1310,.F.);
#1339=CARTESIAN_POINT('',(12.116823961,-12.030205624,3.902470465));
#1340=CARTESIAN_POINT('',(12.11682396,-12.958185248,3.902470465));
#1341=CARTESIAN_POINT('',(11.188844336,-12.958185248,3.902470465));
#1342=(BOUNDED_CURVE()
B_SPLINE_CURVE(2,(#1339,#1340,#1341),.UNSPECIFIED.,.F.,.F.)
B_SPLINE_CURVE_WITH_KNOTS((3,3),(0.,90.),.UNSPECIFIED.)
CURVE()
GEOMETRIC_REPRESENTATION_ITEM()
RATIONAL_B_SPLINE_CURVE((1.,0.707106781,1.))
REPRESENTATION_ITEM(''));
#1343=EDGE_CURVE('',#1329,#1304,#1342,.T.);
#1344=ORIENTED_EDGE('',*,*,#1343,.F.);
#1345=EDGE_LOOP('',(#1336,#1337,#1338,#1344));
#1346=FACE_BOUND('',#1345,.T.);
#1347=ADVANCED_FACE('',(#1346),#1327,.T.);
#1348=CARTESIAN_POINT('',(12.116823961,20.719566039,3.455864556));
#1349=DIRECTION('',(0.,-1.,0.));
#1350=DIRECTION('',(0.,0.,-1.));
#1351=AXIS2_PLACEMENT_3D('',#1348,#1349,#1350);
#1352=CYLINDRICAL_SURFACE('',#1351,0.446605909);
#1353=CARTESIAN_POINT('',(12.11682396,15.789430824,3.902470465));
#1354=VERTEX_POINT('',#1353);
#1355=CARTESIAN_POINT('',(12.11682396,15.789430824,3.455864556));
#1356=DIRECTION('',(0.,1.,0.));
#1357=DIRECTION('',(0.,-0.,1.));
#1358=AXIS2_PLACEMENT_3D('',#1355,#1356,#1357);
#1359=CIRCLE('',#1358,0.446605909);
#1360=EDGE_CURVE('',#898,#1354,#1359,.T.);
#1361=ORIENTED_EDGE('',*,*,#1360,.F.);
#1362=ORIENTED_EDGE('',*,*,#911,.F.);
#1363=ORIENTED_EDGE('',*,*,#1335,.F.);
#1364=CARTESIAN_POINT('',(12.11682396,15.789430824,3.902470465));
#1365=CARTESIAN_POINT('',(12.116823961,-12.030205624,3.902470465));
#1366=B_SPLINE_CURVE_WITH_KNOTS('',1,(#1364,#1365),.UNSPECIFIED.,.F.,.F.,(2,2),(0.282842712,28.10247916),.UNSPECIFIED.);
#1367=EDGE_CURVE('',#1354,#1329,#1366,.T.);
#1368=ORIENTED_EDGE('',*,*,#1367,.F.);
#1369=EDGE_LOOP('',(#1361,#1362,#1363,#1368));
#1370=FACE_BOUND('',#1369,.T.);
#1371=ADVANCED_FACE('',(#1370),#1352,.T.);
#1372=CARTESIAN_POINT('',(10.84654245,15.789430824,3.455864556));
#1373=DIRECTION('',(0.,0.,1.));
#1374=DIRECTION('',(1.,0.,-0.));
#1375=AXIS2_PLACEMENT_3D('',#1372,#1373,#1374);
#1376=TOROIDAL_SURFACE('',#1375,1.27028151,0.446605909);
#1377=ORIENTED_EDGE('',*,*,#1360,.T.);
#1378=CARTESIAN_POINT('',(11.74476712,16.687655494,3.902470465));
#1379=VERTEX_POINT('',#1378);
#1380=CARTESIAN_POINT('',(10.84654245,15.789430824,3.902470465));
#1381=DIRECTION('',(-0.,-0.,-1.));
#1382=DIRECTION('',(1.,0.,-0.));
#1383=AXIS2_PLACEMENT_3D('',#1380,#1381,#1382);
#1384=CIRCLE('',#1383,1.27028151);
#1385=EDGE_CURVE('',#1379,#1354,#1384,.T.);
#1386=ORIENTED_EDGE('',*,*,#1385,.F.);
#1387=CARTESIAN_POINT('',(11.74476712,16.687655494,3.455864556));
#1388=DIRECTION('',(-0.707106781,0.707106781,-0.));
#1389=DIRECTION('',(0.707106781,0.707106781,0.));
#1390=AXIS2_PLACEMENT_3D('',#1387,#1388,#1389);
#1391=CIRCLE('',#1390,0.446605909);
#1392=EDGE_CURVE('',#922,#1379,#1391,.T.);
#1393=ORIENTED_EDGE('',*,*,#1392,.F.);
#1394=ORIENTED_EDGE('',*,*,#936,.F.);
#1395=EDGE_LOOP('',(#1377,#1386,#1393,#1394));
#1396=FACE_BOUND('',#1395,.T.);
#1397=ADVANCED_FACE('',(#1396),#1376,.T.);
#1398=CARTESIAN_POINT('',(3.599547811,24.832874803,3.455864556));
#1399=DIRECTION('',(0.707106781,-0.707106781,0.));
#1400=DIRECTION('',(0.707106781,0.707106781,0.));
#1401=AXIS2_PLACEMENT_3D('',#1398,#1399,#1400);
#1402=CYLINDRICAL_SURFACE('',#1401,0.446605909);
#1403=ORIENTED_EDGE('',*,*,#1392,.T.);
#1404=CARTESIAN_POINT('',(8.879909299,19.552513315,3.902470465));
#1405=VERTEX_POINT('',#1404);
#1406=CARTESIAN_POINT('',(8.879909299,19.552513315,3.902470465));
#1407=DIRECTION('',(0.707106781,-0.707106781,0.));
#1408=VECTOR('',#1407,4.051520785);
#1409=LINE('',#1406,#1408);
#1410=EDGE_CURVE('',#1405,#1379,#1409,.T.);
#1411=ORIENTED_EDGE('',*,*,#1410,.F.);
#1412=CARTESIAN_POINT('',(8.879909299,19.552513315,3.455864556));
#1413=DIRECTION('',(-0.707106781,0.707106781,0.));
#1414=DIRECTION('',(-0.707106781,-0.707106781,0.));
#1415=AXIS2_PLACEMENT_3D('',#1412,#1413,#1414);
#1416=CIRCLE('',#1415,0.446605909);
#1417=EDGE_CURVE('',#947,#1405,#1416,.T.);
#1418=ORIENTED_EDGE('',*,*,#1417,.F.);
#1419=ORIENTED_EDGE('',*,*,#960,.F.);
#1420=EDGE_LOOP('',(#1403,#1411,#1418,#1419));
#1421=FACE_BOUND('',#1420,.T.);
#1422=ADVANCED_FACE('',(#1421),#1402,.T.);
#1423=CARTESIAN_POINT('',(7.981684629,18.654288645,3.455864556));
#1424=DIRECTION('',(0.,0.,1.));
#1425=DIRECTION('',(0.,-1.,0.));
#1426=AXIS2_PLACEMENT_3D('',#1423,#1424,#1425);
#1427=TOROIDAL_SURFACE('',#1426,1.27028151,0.446605909);
#1428=ORIENTED_EDGE('',*,*,#1417,.T.);
#1429=CARTESIAN_POINT('',(7.981684629,19.924570155,3.902470465));
#1430=VERTEX_POINT('',#1429);
#1431=CARTESIAN_POINT('',(7.981684629,18.654288645,3.902470465));
#1432=DIRECTION('',(-0.,-0.,-1.));
#1433=DIRECTION('',(1.,0.,-0.));
#1434=AXIS2_PLACEMENT_3D('',#1431,#1432,#1433);
#1435=CIRCLE('',#1434,1.27028151);
#1436=EDGE_CURVE('',#1430,#1405,#1435,.T.);
#1437=ORIENTED_EDGE('',*,*,#1436,.F.);
#1438=CARTESIAN_POINT('',(7.981684629,19.924570155,3.455864556));
#1439=DIRECTION('',(-1.,-0.,-0.));
#1440=DIRECTION('',(-0.,1.,0.));
#1441=AXIS2_PLACEMENT_3D('',#1438,#1439,#1440);
#1442=CIRCLE('',#1441,0.446605909);
#1443=EDGE_CURVE('',#971,#1430,#1442,.T.);
#1444=ORIENTED_EDGE('',*,*,#1443,.F.);
#1445=ORIENTED_EDGE('',*,*,#994,.F.);
#1446=EDGE_LOOP('',(#1428,#1437,#1444,#1445));
#1447=FACE_BOUND('',#1446,.T.);
#1448=ADVANCED_FACE('',(#1447),#1427,.T.);
#1449=CARTESIAN_POINT('',(-0.513760953,19.924570155,3.455864556));
#1450=DIRECTION('',(1.,0.,0.));
#1451=DIRECTION('',(0.,0.,-1.));
#1452=AXIS2_PLACEMENT_3D('',#1449,#1450,#1451);
#1453=CYLINDRICAL_SURFACE('',#1452,0.446605909);
#1454=ORIENTED_EDGE('',*,*,#1443,.T.);
#1455=CARTESIAN_POINT('',(-12.137951818,19.924570155,3.902470465));
#1456=VERTEX_POINT('',#1455);
#1457=CARTESIAN_POINT('',(-12.137951818,19.924570155,3.902470465));
#1458=DIRECTION('',(1.,0.,-0.));
#1459=VECTOR('',#1458,20.119636447);
#1460=LINE('',#1457,#1459);
#1461=EDGE_CURVE('',#1456,#1430,#1460,.T.);
#1462=ORIENTED_EDGE('',*,*,#1461,.F.);
#1463=CARTESIAN_POINT('',(-12.137951818,19.924570155,3.455864556));
#1464=DIRECTION('',(-1.,-0.,-0.));
#1465=DIRECTION('',(0.,0.,-1.));
#1466=AXIS2_PLACEMENT_3D('',#1463,#1464,#1465);
#1467=CIRCLE('',#1466,0.446605909);
#1468=EDGE_CURVE('',#1005,#1456,#1467,.T.);
#1469=ORIENTED_EDGE('',*,*,#1468,.F.);
#1470=ORIENTED_EDGE('',*,*,#1018,.F.);
#1471=EDGE_LOOP('',(#1454,#1462,#1469,#1470));
#1472=FACE_BOUND('',#1471,.T.);
#1473=ADVANCED_FACE('',(#1472),#1453,.T.);
#1474=CARTESIAN_POINT('',(-12.137951818,18.99659053,3.455864556));
#1475=DIRECTION('',(0.,0.,1.));
#1476=DIRECTION('',(0.,-1.,0.));
#1477=AXIS2_PLACEMENT_3D('',#1474,#1475,#1476);
#1478=TOROIDAL_SURFACE('',#1477,0.927979625,0.446605909);
#1479=ORIENTED_EDGE('',*,*,#1468,.T.);
#1480=CARTESIAN_POINT('',(-13.065931443,18.99659053,3.902470465));
#1481=VERTEX_POINT('',#1480);
#1482=CARTESIAN_POINT('',(-12.137951818,18.99659053,3.902470465));
#1483=DIRECTION('',(-0.,-0.,-1.));
#1484=DIRECTION('',(0.,-1.,0.));
#1485=AXIS2_PLACEMENT_3D('',#1482,#1483,#1484);
#1486=CIRCLE('',#1485,0.927979625);
#1487=EDGE_CURVE('',#1481,#1456,#1486,.T.);
#1488=ORIENTED_EDGE('',*,*,#1487,.F.);
#1489=CARTESIAN_POINT('',(-13.065931443,18.99659053,3.455864556));
#1490=DIRECTION('',(-0.,-1.,-0.));
#1491=DIRECTION('',(0.,-0.,1.));
#1492=AXIS2_PLACEMENT_3D('',#1489,#1490,#1491);
#1493=CIRCLE('',#1492,0.446605909);
#1494=EDGE_CURVE('',#1029,#1481,#1493,.T.);
#1495=ORIENTED_EDGE('',*,*,#1494,.F.);
#1496=ORIENTED_EDGE('',*,*,#1043,.F.);
#1497=EDGE_LOOP('',(#1479,#1488,#1495,#1496));
#1498=FACE_BOUND('',#1497,.T.);
#1499=ADVANCED_FACE('',(#1498),#1478,.T.);
#1500=CARTESIAN_POINT('',(-13.065931443,20.719566039,3.455864556));
#1501=DIRECTION('',(0.,1.,0.));
#1502=DIRECTION('',(0.,-0.,1.));
#1503=AXIS2_PLACEMENT_3D('',#1500,#1501,#1502);
#1504=CYLINDRICAL_SURFACE('',#1503,0.446605909);
#1505=ORIENTED_EDGE('',*,*,#1494,.T.);
#1506=CARTESIAN_POINT('',(-13.065931443,-12.030205624,3.902470465));
#1507=VERTEX_POINT('',#1506);
#1508=CARTESIAN_POINT('',(-13.065931443,-12.030205624,3.902470465));
#1509=DIRECTION('',(-0.,1.,-0.));
#1510=VECTOR('',#1509,31.026796154);
#1511=LINE('',#1508,#1510);
#1512=EDGE_CURVE('',#1507,#1481,#1511,.T.);
#1513=ORIENTED_EDGE('',*,*,#1512,.F.);
#1514=CARTESIAN_POINT('',(-13.065931443,-12.030205624,3.455864556));
#1515=DIRECTION('',(-0.,-1.,-0.));
#1516=DIRECTION('',(0.,-0.,1.));
#1517=AXIS2_PLACEMENT_3D('',#1514,#1515,#1516);
#1518=CIRCLE('',#1517,0.446605909);
#1519=EDGE_CURVE('',#1054,#1507,#1518,.T.);
#1520=ORIENTED_EDGE('',*,*,#1519,.F.);
#1521=ORIENTED_EDGE('',*,*,#1067,.F.);
#1522=EDGE_LOOP('',(#1505,#1513,#1520,#1521));
#1523=FACE_BOUND('',#1522,.T.);
#1524=ADVANCED_FACE('',(#1523),#1504,.T.);
#1525=CARTESIAN_POINT('',(-12.137951818,-12.030205624,3.455864556));
#1526=DIRECTION('',(0.,0.,1.));
#1527=DIRECTION('',(0.,-1.,0.));
#1528=AXIS2_PLACEMENT_3D('',#1525,#1526,#1527);
#1529=TOROIDAL_SURFACE('',#1528,0.927979625,0.446605909);
#1530=ORIENTED_EDGE('',*,*,#1519,.T.);
#1531=CARTESIAN_POINT('',(-12.137951818,-12.958185248,3.902470465));
#1532=VERTEX_POINT('',#1531);
#1533=CARTESIAN_POINT('',(-12.137951818,-12.030205624,3.902470465));
#1534=DIRECTION('',(-0.,-0.,-1.));
#1535=DIRECTION('',(0.,-1.,0.));
#1536=AXIS2_PLACEMENT_3D('',#1533,#1534,#1535);
#1537=CIRCLE('',#1536,0.927979625);
#1538=EDGE_CURVE('',#1532,#1507,#1537,.T.);
#1539=ORIENTED_EDGE('',*,*,#1538,.F.);
#1540=CARTESIAN_POINT('',(-12.137951818,-12.958185248,3.455864556));
#1541=DIRECTION('',(1.,-0.,-0.));
#1542=DIRECTION('',(0.,0.,1.));
#1543=AXIS2_PLACEMENT_3D('',#1540,#1541,#1542);
#1544=CIRCLE('',#1543,0.446605909);
#1545=EDGE_CURVE('',#1078,#1532,#1544,.T.);
#1546=ORIENTED_EDGE('',*,*,#1545,.F.);
#1547=ORIENTED_EDGE('',*,*,#1092,.F.);
#1548=EDGE_LOOP('',(#1530,#1539,#1546,#1547));
#1549=FACE_BOUND('',#1548,.T.);
#1550=ADVANCED_FACE('',(#1549),#1529,.T.);
#1551=CARTESIAN_POINT('',(-0.513760953,-12.958185248,3.455864556));
#1552=DIRECTION('',(-1.,0.,0.));
#1553=DIRECTION('',(0.,0.,1.));
#1554=AXIS2_PLACEMENT_3D('',#1551,#1552,#1553);
#1555=CYLINDRICAL_SURFACE('',#1554,0.446605909);
#1556=ORIENTED_EDGE('',*,*,#1545,.T.);
#1557=CARTESIAN_POINT('',(-8.632208232,-12.958185248,3.902470465));
#1558=VERTEX_POINT('',#1557);
#1559=CARTESIAN_POINT('',(-8.632208232,-12.958185249,3.902470465));
#1560=DIRECTION('',(-1.,0.,0.));
#1561=VECTOR('',#1560,3.505743586);
#1562=LINE('',#1559,#1561);
#1563=EDGE_CURVE('',#1558,#1532,#1562,.T.);
#1564=ORIENTED_EDGE('',*,*,#1563,.F.);
#1565=CARTESIAN_POINT('',(-8.632208232,-12.958185248,3.455864556));
#1566=DIRECTION('',(1.,-0.,-0.));
#1567=DIRECTION('',(0.,0.,1.));
#1568=AXIS2_PLACEMENT_3D('',#1565,#1566,#1567);
#1569=CIRCLE('',#1568,0.446605909);
#1570=EDGE_CURVE('',#1103,#1558,#1569,.T.);
#1571=ORIENTED_EDGE('',*,*,#1570,.F.);
#1572=ORIENTED_EDGE('',*,*,#1116,.F.);
#1573=EDGE_LOOP('',(#1556,#1564,#1571,#1572));
#1574=FACE_BOUND('',#1573,.T.);
#1575=ADVANCED_FACE('',(#1574),#1555,.T.);
#1576=CARTESIAN_POINT('',(-8.632208232,-13.51923383,3.455864556));
#1577=DIRECTION('',(0.,0.,1.));
#1578=DIRECTION('',(0.,-1.,0.));
#1579=AXIS2_PLACEMENT_3D('',#1576,#1577,#1578);
#1580=TOROIDAL_SURFACE('',#1579,0.561048581,0.446605909);
#1581=CARTESIAN_POINT('',(-8.071159651,-13.51923383,3.902470465));
#1582=VERTEX_POINT('',#1581);
#1583=CARTESIAN_POINT('',(-8.071159651,-13.51923383,3.455864556));
#1584=DIRECTION('',(0.,1.,0.));
#1585=DIRECTION('',(0.,-0.,1.));
#1586=AXIS2_PLACEMENT_3D('',#1583,#1584,#1585);
#1587=CIRCLE('',#1586,0.446605909);
#1588=EDGE_CURVE('',#1582,#1127,#1587,.T.);
#1589=ORIENTED_EDGE('',*,*,#1588,.T.);
#1590=ORIENTED_EDGE('',*,*,#1141,.F.);
#1591=ORIENTED_EDGE('',*,*,#1570,.T.);
#1592=CARTESIAN_POINT('',(-8.632208232,-13.51923383,3.902470465));
#1593=DIRECTION('',(0.,0.,1.));
#1594=DIRECTION('',(0.,-1.,0.));
#1595=AXIS2_PLACEMENT_3D('',#1592,#1593,#1594);
#1596=CIRCLE('',#1595,0.561048581);
#1597=EDGE_CURVE('',#1582,#1558,#1596,.T.);
#1598=ORIENTED_EDGE('',*,*,#1597,.F.);
#1599=EDGE_LOOP('',(#1589,#1590,#1591,#1598));
#1600=FACE_BOUND('',#1599,.T.);
#1601=ADVANCED_FACE('',(#1600),#1580,.T.);
#1602=CARTESIAN_POINT('',(-8.071159651,20.719566039,3.455864556));
#1603=DIRECTION('',(0.,1.,0.));
#1604=DIRECTION('',(0.,-0.,1.));
#1605=AXIS2_PLACEMENT_3D('',#1602,#1603,#1604);
#1606=CYLINDRICAL_SURFACE('',#1605,0.446605909);
#1607=CARTESIAN_POINT('',(-8.071159651,-17.310056108,3.902470465));
#1608=VERTEX_POINT('',#1607);
#1609=CARTESIAN_POINT('',(-8.071159651,-17.310056108,3.455864556));
#1610=DIRECTION('',(0.,1.,0.));
#1611=DIRECTION('',(0.,-0.,1.));
#1612=AXIS2_PLACEMENT_3D('',#1609,#1610,#1611);
#1613=CIRCLE('',#1612,0.446605909);
#1614=EDGE_CURVE('',#1608,#1155,#1613,.T.);
#1615=ORIENTED_EDGE('',*,*,#1614,.T.);
#1616=ORIENTED_EDGE('',*,*,#1160,.F.);
#1617=ORIENTED_EDGE('',*,*,#1588,.F.);
#1618=CARTESIAN_POINT('',(-8.071159651,-17.310056108,3.902470465));
#1619=DIRECTION('',(-0.,1.,-0.));
#1620=VECTOR('',#1619,3.790822278);
#1621=LINE('',#1618,#1620);
#1622=EDGE_CURVE('',#1608,#1582,#1621,.T.);
#1623=ORIENTED_EDGE('',*,*,#1622,.F.);
#1624=EDGE_LOOP('',(#1615,#1616,#1617,#1623));
#1625=FACE_BOUND('',#1624,.T.);
#1626=ADVANCED_FACE('',(#1625),#1606,.T.);
#1627=CARTESIAN_POINT('',(-7.017802303,-17.310056108,3.455864556));
#1628=DIRECTION('',(0.,0.,1.));
#1629=DIRECTION('',(0.,-1.,0.));
#1630=AXIS2_PLACEMENT_3D('',#1627,#1628,#1629);
#1631=TOROIDAL_SURFACE('',#1630,1.053357348,0.446605909);
#1632=ORIENTED_EDGE('',*,*,#1211,.T.);
#1633=ORIENTED_EDGE('',*,*,#1182,.F.);
#1634=ORIENTED_EDGE('',*,*,#1614,.F.);
#1635=CARTESIAN_POINT('',(-7.017802303,-17.310056108,3.902470465));
#1636=DIRECTION('',(-0.,-0.,-1.));
#1637=DIRECTION('',(0.,-1.,0.));
#1638=AXIS2_PLACEMENT_3D('',#1635,#1636,#1637);
#1639=CIRCLE('',#1638,1.053357348);
#1640=EDGE_CURVE('',#1205,#1608,#1639,.T.);
#1641=ORIENTED_EDGE('',*,*,#1640,.F.);
#1642=EDGE_LOOP('',(#1632,#1633,#1634,#1641));
#1643=FACE_BOUND('',#1642,.T.);
#1644=ADVANCED_FACE('',(#1643),#1631,.T.);
#1645=CARTESIAN_POINT('',(-0.513760953,20.619566039,3.902470465));
#1646=DIRECTION('',(0.,0.,1.));
#1647=DIRECTION('',(0.,-1.,0.));
#1648=AXIS2_PLACEMENT_3D('',#1645,#1646,#1647);
#1649=PLANE('',#1648);
#1650=ORIENTED_EDGE('',*,*,#1640,.T.);
#1651=ORIENTED_EDGE('',*,*,#1622,.T.);
#1652=ORIENTED_EDGE('',*,*,#1597,.T.);
#1653=ORIENTED_EDGE('',*,*,#1563,.T.);
#1654=ORIENTED_EDGE('',*,*,#1538,.T.);
#1655=ORIENTED_EDGE('',*,*,#1512,.T.);
#1656=ORIENTED_EDGE('',*,*,#1487,.T.);
#1657=ORIENTED_EDGE('',*,*,#1461,.T.);
#1658=ORIENTED_EDGE('',*,*,#1436,.T.);
#1659=ORIENTED_EDGE('',*,*,#1410,.T.);
#1660=ORIENTED_EDGE('',*,*,#1385,.T.);
#1661=ORIENTED_EDGE('',*,*,#1367,.T.);
#1662=ORIENTED_EDGE('',*,*,#1343,.T.);
#1663=ORIENTED_EDGE('',*,*,#1318,.T.);
#1664=ORIENTED_EDGE('',*,*,#1293,.T.);
#1665=ORIENTED_EDGE('',*,*,#1268,.T.);
#1666=ORIENTED_EDGE('',*,*,#1243,.T.);
#1667=ORIENTED_EDGE('',*,*,#1217,.T.);
#1668=EDGE_LOOP('',(#1650,#1651,#1652,#1653,#1654,#1655,#1656,#1657,#1658,#1659,#1660,#1661,#1662,#1663,#1664,#1665,#1666,#1667));
#1669=FACE_BOUND('',#1668,.T.);
#1670=ORIENTED_EDGE('',*,*,#94,.F.);
#1671=CARTESIAN_POINT('',(-44.053258219,49.726612073,3.902470465));
#1672=DIRECTION('',(0.,0.,1.));
#1673=DIRECTION('',(1.,0.,-0.));
#1674=AXIS2_PLACEMENT_3D('',#1671,#1672,#1673);
#1675=CIRCLE('',#1674,1.);
#1676=EDGE_CURVE('',#83,#105,#1675,.T.);
#1677=ORIENTED_EDGE('',*,*,#1676,.T.);
#1678=ORIENTED_EDGE('',*,*,#134,.F.);
#1679=CARTESIAN_POINT('',(-44.053258219,-47.543883965,3.902470465));
#1680=VERTEX_POINT('',#1679);
#1681=CARTESIAN_POINT('',(-44.053258219,-46.543883965,3.902470465));
#1682=DIRECTION('',(0.,0.,-1.));
#1683=DIRECTION('',(-1.,0.,0.));
#1684=AXIS2_PLACEMENT_3D('',#1681,#1682,#1683);
#1685=CIRCLE('',#1684,1.);
#1686=EDGE_CURVE('',#1680,#123,#1685,.T.);
#1687=ORIENTED_EDGE('',*,*,#1686,.F.);
#1688=CARTESIAN_POINT('',(44.053258219,-47.543883965,3.902470465));
#1689=VERTEX_POINT('',#1688);
#1690=CARTESIAN_POINT('',(-44.053258219,-47.543883965,3.902470465));
#1691=DIRECTION('',(1.,0.,-0.));
#1692=VECTOR('',#1691,88.106516438);
#1693=LINE('',#1690,#1692);
#1694=EDGE_CURVE('',#1680,#1689,#1693,.T.);
#1695=ORIENTED_EDGE('',*,*,#1694,.T.);
#1696=CARTESIAN_POINT('',(45.053258219,-46.543883965,3.902470465));
#1697=VERTEX_POINT('',#1696);
#1698=CARTESIAN_POINT('',(44.053258219,-46.543883965,3.902470465));
#1699=DIRECTION('',(-0.,-0.,1.));
#1700=DIRECTION('',(-1.,0.,0.));
#1701=AXIS2_PLACEMENT_3D('',#1698,#1699,#1700);
#1702=CIRCLE('',#1701,1.);
#1703=EDGE_CURVE('',#1689,#1697,#1702,.T.);
#1704=ORIENTED_EDGE('',*,*,#1703,.T.);
#1705=CARTESIAN_POINT('',(45.053258219,49.726612073,3.902470465));
#1706=VERTEX_POINT('',#1705);
#1707=CARTESIAN_POINT('',(45.053258219,-46.543883965,3.902470465));
#1708=DIRECTION('',(0.,1.,0.));
#1709=VECTOR('',#1708,96.270496039);
#1710=LINE('',#1707,#1709);
#1711=EDGE_CURVE('',#1697,#1706,#1710,.T.);
#1712=ORIENTED_EDGE('',*,*,#1711,.T.);
#1713=CARTESIAN_POINT('',(44.053258219,49.726612073,3.902470465));
#1714=DIRECTION('',(0.,0.,1.));
#1715=DIRECTION('',(1.,0.,-0.));
#1716=AXIS2_PLACEMENT_3D('',#1713,#1714,#1715);
#1717=CIRCLE('',#1716,1.);
#1718=EDGE_CURVE('',#1706,#65,#1717,.T.);
#1719=ORIENTED_EDGE('',*,*,#1718,.T.);
#1720=EDGE_LOOP('',(#1670,#1677,#1678,#1687,#1695,#1704,#1712,#1719));
#1721=FACE_BOUND('',#1720,.T.);
#1722=ADVANCED_FACE('',(#1669,#1721),#1649,.T.);
#1723=CARTESIAN_POINT('',(25.390402536,-54.804079221,14.89808706));
#1724=DIRECTION('',(-0.707106781,0.,0.707106781));
#1725=DIRECTION('',(0.,-1.,0.));
#1726=AXIS2_PLACEMENT_3D('',#1723,#1724,#1725);
#1727=PLANE('',#1726);
#1728=CARTESIAN_POINT('',(25.390402536,-60.183784505,14.89808706));
#1729=VERTEX_POINT('',#1728);
#1730=CARTESIAN_POINT('',(25.992315476,-60.183784505,15.5));
#1731=VERTEX_POINT('',#1730);
#1732=CARTESIAN_POINT('',(25.390402536,-60.183784505,14.89808706));
#1733=DIRECTION('',(0.707106781,0.,0.707106781));
#1734=VECTOR('',#1733,0.851233443);
#1735=LINE('',#1732,#1734);
#1736=EDGE_CURVE('',#1729,#1731,#1735,.T.);
#1737=ORIENTED_EDGE('',*,*,#1736,.T.);
#1738=CARTESIAN_POINT('',(25.992315476,-56.945498586,15.5));
#1739=VERTEX_POINT('',#1738);
#1740=CARTESIAN_POINT('',(25.992315476,-56.945498586,15.5));
#1741=DIRECTION('',(0.,-1.,0.));
#1742=VECTOR('',#1741,3.23828592);
#1743=LINE('',#1740,#1742);
#1744=EDGE_CURVE('',#1739,#1731,#1743,.T.);
#1745=ORIENTED_EDGE('',*,*,#1744,.F.);
#1746=CARTESIAN_POINT('',(25.390402536,-56.945498586,14.89808706));
#1747=VERTEX_POINT('',#1746);
#1748=CARTESIAN_POINT('',(25.992315476,-56.945498586,15.5));
#1749=DIRECTION('',(-0.707106781,0.,-0.707106781));
#1750=VECTOR('',#1749,0.851233443);
#1751=LINE('',#1748,#1750);
#1752=EDGE_CURVE('',#1739,#1747,#1751,.T.);
#1753=ORIENTED_EDGE('',*,*,#1752,.T.);
#1754=CARTESIAN_POINT('',(25.390402536,-60.183784505,14.89808706));
#1755=DIRECTION('',(0.,1.,0.));
#1756=VECTOR('',#1755,3.23828592);
#1757=LINE('',#1754,#1756);
#1758=EDGE_CURVE('',#1729,#1747,#1757,.T.);
#1759=ORIENTED_EDGE('',*,*,#1758,.F.);
#1760=EDGE_LOOP('',(#1737,#1745,#1753,#1759));
#1761=FACE_BOUND('',#1760,.T.);
#1762=ADVANCED_FACE('',(#1761),#1727,.T.);
#1763=CARTESIAN_POINT('',(24.248983171,-56.945498586,14.89808706));
#1764=DIRECTION('',(0.,0.,1.));
#1765=DIRECTION('',(1.,0.,-0.));
#1766=AXIS2_PLACEMENT_3D('',#1763,#1764,#1765);
#1767=CONICAL_SURFACE('',#1766,1.141419365,45.);
#1768=CARTESIAN_POINT('',(24.248983171,-55.202166281,15.5));
#1769=VERTEX_POINT('',#1768);
#1770=CARTESIAN_POINT('',(24.248983171,-55.804079221,14.89808706));
#1771=VERTEX_POINT('',#1770);
#1772=CARTESIAN_POINT('',(24.248983171,-55.202166281,15.5));
#1773=DIRECTION('',(0.,-0.707106781,-0.707106781));
#1774=VECTOR('',#1773,0.851233443);
#1775=LINE('',#1772,#1774);
#1776=EDGE_CURVE('',#1769,#1771,#1775,.T.);
#1777=ORIENTED_EDGE('',*,*,#1776,.T.);
#1778=CARTESIAN_POINT('',(24.248983171,-56.945498586,14.89808706));
#1779=DIRECTION('',(-0.,-0.,1.));
#1780=DIRECTION('',(-1.,0.,0.));
#1781=AXIS2_PLACEMENT_3D('',#1778,#1779,#1780);
#1782=CIRCLE('',#1781,1.141419365);
#1783=EDGE_CURVE('',#1747,#1771,#1782,.T.);
#1784=ORIENTED_EDGE('',*,*,#1783,.F.);
#1785=ORIENTED_EDGE('',*,*,#1752,.F.);
#1786=CARTESIAN_POINT('',(24.248983171,-56.945498586,15.5));
#1787=DIRECTION('',(0.,0.,-1.));
#1788=DIRECTION('',(-1.,0.,-0.));
#1789=AXIS2_PLACEMENT_3D('',#1786,#1787,#1788);
#1790=CIRCLE('',#1789,1.743332305);
#1791=EDGE_CURVE('',#1769,#1739,#1790,.T.);
#1792=ORIENTED_EDGE('',*,*,#1791,.F.);
#1793=EDGE_LOOP('',(#1777,#1784,#1785,#1792));
#1794=FACE_BOUND('',#1793,.T.);
#1795=ADVANCED_FACE('',(#1794),#1767,.F.);
#1796=CARTESIAN_POINT('',(25.040045232,-60.183784505,15.5));
#1797=DIRECTION('',(0.,0.,1.));
#1798=DIRECTION('',(1.,0.,-0.));
#1799=AXIS2_PLACEMENT_3D('',#1796,#1797,#1798);
#1800=CONICAL_SURFACE('',#1799,0.952270244,45.);
#1801=CARTESIAN_POINT('',(25.040045232,-60.53414181,14.89808706));
#1802=VERTEX_POINT('',#1801);
#1803=CARTESIAN_POINT('',(25.040045232,-61.13605475,15.5));
#1804=VERTEX_POINT('',#1803);
#1805=CARTESIAN_POINT('',(25.040045232,-60.53414181,14.89808706));
#1806=DIRECTION('',(0.,-0.707106781,0.707106781));
#1807=VECTOR('',#1806,0.851233443);
#1808=LINE('',#1805,#1807);
#1809=EDGE_CURVE('',#1802,#1804,#1808,.T.);
#1810=ORIENTED_EDGE('',*,*,#1809,.T.);
#1811=CARTESIAN_POINT('',(25.040045232,-60.183784505,15.5));
#1812=DIRECTION('',(0.,0.,-1.));
#1813=DIRECTION('',(-1.,0.,-0.));
#1814=AXIS2_PLACEMENT_3D('',#1811,#1812,#1813);
#1815=CIRCLE('',#1814,0.952270244);
#1816=EDGE_CURVE('',#1731,#1804,#1815,.T.);
#1817=ORIENTED_EDGE('',*,*,#1816,.F.);
#1818=ORIENTED_EDGE('',*,*,#1736,.F.);
#1819=CARTESIAN_POINT('',(25.040045232,-60.183784505,14.89808706));
#1820=DIRECTION('',(-0.,-0.,1.));
#1821=DIRECTION('',(-1.,0.,0.));
#1822=AXIS2_PLACEMENT_3D('',#1819,#1820,#1821);
#1823=CIRCLE('',#1822,0.350357304);
#1824=EDGE_CURVE('',#1802,#1729,#1823,.T.);
#1825=ORIENTED_EDGE('',*,*,#1824,.F.);
#1826=EDGE_LOOP('',(#1810,#1817,#1818,#1825));
#1827=FACE_BOUND('',#1826,.T.);
#1828=ADVANCED_FACE('',(#1827),#1800,.F.);
#1829=CARTESIAN_POINT('',(0.,-55.804079221,14.89808706));
#1830=DIRECTION('',(-0.,-0.707106781,0.707106781));
#1831=DIRECTION('',(1.,0.,0.));
#1832=AXIS2_PLACEMENT_3D('',#1829,#1830,#1831);
#1833=PLANE('',#1832);
#1834=CARTESIAN_POINT('',(-24.248983171,-55.202166281,15.5));
#1835=VERTEX_POINT('',#1834);
#1836=CARTESIAN_POINT('',(-24.248983171,-55.804079221,14.89808706));
#1837=VERTEX_POINT('',#1836);
#1838=CARTESIAN_POINT('',(-24.248983171,-55.202166281,15.5));
#1839=DIRECTION('',(0.,-0.707106781,-0.707106781));
#1840=VECTOR('',#1839,0.851233443);
#1841=LINE('',#1838,#1840);
#1842=EDGE_CURVE('',#1835,#1837,#1841,.T.);
#1843=ORIENTED_EDGE('',*,*,#1842,.T.);
#1844=CARTESIAN_POINT('',(24.248983171,-55.804079221,14.89808706));
#1845=DIRECTION('',(-1.,0.,-0.));
#1846=VECTOR('',#1845,48.497966342);
#1847=LINE('',#1844,#1846);
#1848=EDGE_CURVE('',#1771,#1837,#1847,.T.);
#1849=ORIENTED_EDGE('',*,*,#1848,.F.);
#1850=ORIENTED_EDGE('',*,*,#1776,.F.);
#1851=CARTESIAN_POINT('',(-24.248983171,-55.202166281,15.5));
#1852=DIRECTION('',(1.,0.,0.));
#1853=VECTOR('',#1852,48.497966342);
#1854=LINE('',#1851,#1853);
#1855=EDGE_CURVE('',#1835,#1769,#1854,.T.);
#1856=ORIENTED_EDGE('',*,*,#1855,.F.);
#1857=EDGE_LOOP('',(#1843,#1849,#1850,#1856));
#1858=FACE_BOUND('',#1857,.T.);
#1859=ADVANCED_FACE('',(#1858),#1833,.T.);
#1860=CARTESIAN_POINT('',(5.220792788,-61.13605475,15.5));
#1861=DIRECTION('',(-0.,0.707106781,0.707106781));
#1862=DIRECTION('',(1.,-0.,0.));
#1863=AXIS2_PLACEMENT_3D('',#1860,#1861,#1862);
#1864=PLANE('',#1863);
#1865=CARTESIAN_POINT('',(-25.040045232,-60.53414181,14.89808706));
#1866=VERTEX_POINT('',#1865);
#1867=CARTESIAN_POINT('',(-25.040045232,-61.13605475,15.5));
#1868=VERTEX_POINT('',#1867);
#1869=CARTESIAN_POINT('',(-25.040045232,-60.53414181,14.89808706));
#1870=DIRECTION('',(0.,-0.707106781,0.707106781));
#1871=VECTOR('',#1870,0.851233443);
#1872=LINE('',#1869,#1871);
#1873=EDGE_CURVE('',#1866,#1868,#1872,.T.);
#1874=ORIENTED_EDGE('',*,*,#1873,.T.);
#1875=CARTESIAN_POINT('',(25.040045232,-61.13605475,15.5));
#1876=DIRECTION('',(-1.,0.,-0.));
#1877=VECTOR('',#1876,50.080090463);
#1878=LINE('',#1875,#1877);
#1879=EDGE_CURVE('',#1804,#1868,#1878,.T.);
#1880=ORIENTED_EDGE('',*,*,#1879,.F.);
#1881=ORIENTED_EDGE('',*,*,#1809,.F.);
#1882=CARTESIAN_POINT('',(-25.040045232,-60.53414181,14.89808706));
#1883=DIRECTION('',(1.,0.,0.));
#1884=VECTOR('',#1883,50.080090463);
#1885=LINE('',#1882,#1884);
#1886=EDGE_CURVE('',#1866,#1802,#1885,.T.);
#1887=ORIENTED_EDGE('',*,*,#1886,.F.);
#1888=EDGE_LOOP('',(#1874,#1880,#1881,#1887));
#1889=FACE_BOUND('',#1888,.T.);
#1890=ADVANCED_FACE('',(#1889),#1864,.T.);
#1891=CARTESIAN_POINT('',(-24.248983171,-56.945498586,15.5));
#1892=DIRECTION('',(0.,0.,1.));
#1893=DIRECTION('',(1.,0.,-0.));
#1894=AXIS2_PLACEMENT_3D('',#1891,#1892,#1893);
#1895=CONICAL_SURFACE('',#1894,1.743332305,45.);
#1896=CARTESIAN_POINT('',(-25.992315476,-56.945498586,15.5));
#1897=VERTEX_POINT('',#1896);
#1898=CARTESIAN_POINT('',(-25.390402536,-56.945498586,14.89808706));
#1899=VERTEX_POINT('',#1898);
#1900=CARTESIAN_POINT('',(-25.992315476,-56.945498586,15.5));
#1901=DIRECTION('',(0.707106781,0.,-0.707106781));
#1902=VECTOR('',#1901,0.851233443);
#1903=LINE('',#1900,#1902);
#1904=EDGE_CURVE('',#1897,#1899,#1903,.T.);
#1905=ORIENTED_EDGE('',*,*,#1904,.T.);
#1906=CARTESIAN_POINT('',(-24.248983171,-56.945498586,14.89808706));
#1907=DIRECTION('',(-0.,-0.,1.));
#1908=DIRECTION('',(-1.,0.,0.));
#1909=AXIS2_PLACEMENT_3D('',#1906,#1907,#1908);
#1910=CIRCLE('',#1909,1.141419365);
#1911=EDGE_CURVE('',#1837,#1899,#1910,.T.);
#1912=ORIENTED_EDGE('',*,*,#1911,.F.);
#1913=ORIENTED_EDGE('',*,*,#1842,.F.);
#1914=CARTESIAN_POINT('',(-24.248983171,-56.945498586,15.5));
#1915=DIRECTION('',(0.,0.,-1.));
#1916=DIRECTION('',(-1.,0.,-0.));
#1917=AXIS2_PLACEMENT_3D('',#1914,#1915,#1916);
#1918=CIRCLE('',#1917,1.743332305);
#1919=EDGE_CURVE('',#1897,#1835,#1918,.T.);
#1920=ORIENTED_EDGE('',*,*,#1919,.F.);
#1921=EDGE_LOOP('',(#1905,#1912,#1913,#1920));
#1922=FACE_BOUND('',#1921,.T.);
#1923=ADVANCED_FACE('',(#1922),#1895,.F.);
#1924=CARTESIAN_POINT('',(-25.040045232,-60.183784505,15.5));
#1925=DIRECTION('',(0.,0.,1.));
#1926=DIRECTION('',(1.,0.,-0.));
#1927=AXIS2_PLACEMENT_3D('',#1924,#1925,#1926);
#1928=CONICAL_SURFACE('',#1927,0.952270244,45.);
#1929=CARTESIAN_POINT('',(-25.390402536,-60.183784505,14.89808706));
#1930=VERTEX_POINT('',#1929);
#1931=CARTESIAN_POINT('',(-25.992315476,-60.183784505,15.5));
#1932=VERTEX_POINT('',#1931);
#1933=CARTESIAN_POINT('',(-25.390402536,-60.183784505,14.89808706));
#1934=DIRECTION('',(-0.707106781,0.,0.707106781));
#1935=VECTOR('',#1934,0.851233443);
#1936=LINE('',#1933,#1935);
#1937=EDGE_CURVE('',#1930,#1932,#1936,.T.);
#1938=ORIENTED_EDGE('',*,*,#1937,.T.);
#1939=CARTESIAN_POINT('',(-25.040045232,-60.183784505,15.5));
#1940=DIRECTION('',(0.,0.,-1.));
#1941=DIRECTION('',(-1.,0.,-0.));
#1942=AXIS2_PLACEMENT_3D('',#1939,#1940,#1941);
#1943=CIRCLE('',#1942,0.952270244);
#1944=EDGE_CURVE('',#1868,#1932,#1943,.T.);
#1945=ORIENTED_EDGE('',*,*,#1944,.F.);
#1946=ORIENTED_EDGE('',*,*,#1873,.F.);
#1947=CARTESIAN_POINT('',(-25.040045232,-60.183784505,14.89808706));
#1948=DIRECTION('',(-0.,-0.,1.));
#1949=DIRECTION('',(-1.,0.,0.));
#1950=AXIS2_PLACEMENT_3D('',#1947,#1948,#1949);
#1951=CIRCLE('',#1950,0.350357304);
#1952=EDGE_CURVE('',#1930,#1866,#1951,.T.);
#1953=ORIENTED_EDGE('',*,*,#1952,.F.);
#1954=EDGE_LOOP('',(#1938,#1945,#1946,#1953));
#1955=FACE_BOUND('',#1954,.T.);
#1956=ADVANCED_FACE('',(#1955),#1928,.F.);
#1957=CARTESIAN_POINT('',(-25.992315476,4.933143721,15.5));
#1958=DIRECTION('',(0.707106781,0.,0.707106781));
#1959=DIRECTION('',(0.,-1.,0.));
#1960=AXIS2_PLACEMENT_3D('',#1957,#1958,#1959);
#1961=PLANE('',#1960);
#1962=ORIENTED_EDGE('',*,*,#1904,.F.);
#1963=CARTESIAN_POINT('',(-25.992315476,-60.183784505,15.5));
#1964=DIRECTION('',(0.,1.,0.));
#1965=VECTOR('',#1964,3.23828592);
#1966=LINE('',#1963,#1965);
#1967=EDGE_CURVE('',#1932,#1897,#1966,.T.);
#1968=ORIENTED_EDGE('',*,*,#1967,.F.);
#1969=ORIENTED_EDGE('',*,*,#1937,.F.);
#1970=CARTESIAN_POINT('',(-25.390402536,-56.945498586,14.89808706));
#1971=DIRECTION('',(0.,-1.,0.));
#1972=VECTOR('',#1971,3.23828592);
#1973=LINE('',#1970,#1972);
#1974=EDGE_CURVE('',#1899,#1930,#1973,.T.);
#1975=ORIENTED_EDGE('',*,*,#1974,.F.);
#1976=EDGE_LOOP('',(#1962,#1968,#1969,#1975));
#1977=FACE_BOUND('',#1976,.T.);
#1978=ADVANCED_FACE('',(#1977),#1961,.T.);
#1979=CARTESIAN_POINT('',(-25.040045232,-60.183784505,19.542399954));
#1980=DIRECTION('',(0.,0.,-1.));
#1981=DIRECTION('',(-1.,0.,-0.));
#1982=AXIS2_PLACEMENT_3D('',#1979,#1980,#1981);
#1983=CYLINDRICAL_SURFACE('',#1982,0.350357304);
#1984=CARTESIAN_POINT('',(-25.390402536,-60.183784505,10.799990168));
#1985=VERTEX_POINT('',#1984);
#1986=CARTESIAN_POINT('',(-25.390402536,-60.183784505,14.89808706));
#1987=DIRECTION('',(0.,-0.,-1.));
#1988=VECTOR('',#1987,4.098096892);
#1989=LINE('',#1986,#1988);
#1990=EDGE_CURVE('',#1930,#1985,#1989,.T.);
#1991=ORIENTED_EDGE('',*,*,#1990,.F.);
#1992=ORIENTED_EDGE('',*,*,#1952,.T.);
#1993=CARTESIAN_POINT('',(-25.040045232,-60.53414181,10.799990168));
#1994=VERTEX_POINT('',#1993);
#1995=CARTESIAN_POINT('',(-25.040045232,-60.53414181,10.799990168));
#1996=DIRECTION('',(-0.,0.,1.));
#1997=VECTOR('',#1996,4.098096892);
#1998=LINE('',#1995,#1997);
#1999=EDGE_CURVE('',#1994,#1866,#1998,.T.);
#2000=ORIENTED_EDGE('',*,*,#1999,.F.);
#2001=CARTESIAN_POINT('',(-25.040045232,-60.183784505,10.799990168));
#2002=DIRECTION('',(-0.,-0.,1.));
#2003=DIRECTION('',(-1.,0.,0.));
#2004=AXIS2_PLACEMENT_3D('',#2001,#2002,#2003);
#2005=CIRCLE('',#2004,0.350357304);
#2006=EDGE_CURVE('',#1985,#1994,#2005,.T.);
#2007=ORIENTED_EDGE('',*,*,#2006,.F.);
#2008=EDGE_LOOP('',(#1991,#1992,#2000,#2007));
#2009=FACE_BOUND('',#2008,.T.);
#2010=ADVANCED_FACE('',(#2009),#1983,.F.);
#2011=CARTESIAN_POINT('',(25.040045232,-60.183784505,-198.158417437));
#2012=DIRECTION('',(-0.,0.,-1.));
#2013=DIRECTION('',(-1.,0.,0.));
#2014=AXIS2_PLACEMENT_3D('',#2011,#2012,#2013);
#2015=CYLINDRICAL_SURFACE('',#2014,0.350357304);
#2016=CARTESIAN_POINT('',(25.040045232,-60.53414181,10.799990168));
#2017=VERTEX_POINT('',#2016);
#2018=CARTESIAN_POINT('',(25.040045232,-60.53414181,14.89808706));
#2019=DIRECTION('',(-0.,-0.,-1.));
#2020=VECTOR('',#2019,4.098096892);
#2021=LINE('',#2018,#2020);
#2022=EDGE_CURVE('',#1802,#2017,#2021,.T.);
#2023=ORIENTED_EDGE('',*,*,#2022,.F.);
#2024=ORIENTED_EDGE('',*,*,#1824,.T.);
#2025=CARTESIAN_POINT('',(25.390402536,-60.183784505,10.799990168));
#2026=VERTEX_POINT('',#2025);
#2027=CARTESIAN_POINT('',(25.390402536,-60.183784505,10.799990168));
#2028=DIRECTION('',(0.,0.,1.));
#2029=VECTOR('',#2028,4.098096892);
#2030=LINE('',#2027,#2029);
#2031=EDGE_CURVE('',#2026,#1729,#2030,.T.);
#2032=ORIENTED_EDGE('',*,*,#2031,.F.);
#2033=CARTESIAN_POINT('',(25.040045232,-60.183784505,10.799990168));
#2034=DIRECTION('',(-0.,-0.,1.));
#2035=DIRECTION('',(-1.,0.,0.));
#2036=AXIS2_PLACEMENT_3D('',#2033,#2034,#2035);
#2037=CIRCLE('',#2036,0.350357304);
#2038=EDGE_CURVE('',#2017,#2026,#2037,.T.);
#2039=ORIENTED_EDGE('',*,*,#2038,.F.);
#2040=EDGE_LOOP('',(#2023,#2024,#2032,#2039));
#2041=FACE_BOUND('',#2040,.T.);
#2042=ADVANCED_FACE('',(#2041),#2015,.F.);
#2043=CARTESIAN_POINT('',(50.039207212,34.823564824,0.));
#2044=DIRECTION('',(1.,0.,-0.));
#2045=DIRECTION('',(0.,0.,1.));
#2046=AXIS2_PLACEMENT_3D('',#2043,#2044,#2045);
#2047=PLANE('',#2046);
#2048=CARTESIAN_POINT('',(50.039207212,-44.101030342,15.5));
#2049=VERTEX_POINT('',#2048);
#2050=CARTESIAN_POINT('',(50.039207212,46.942146046,15.5));
#2051=VERTEX_POINT('',#2050);
#2052=CARTESIAN_POINT('',(50.039207212,-44.101030342,15.5));
#2053=DIRECTION('',(0.,1.,0.));
#2054=VECTOR('',#2053,91.043176388);
#2055=LINE('',#2052,#2054);
#2056=EDGE_CURVE('',#2049,#2051,#2055,.T.);
#2057=ORIENTED_EDGE('',*,*,#2056,.F.);
#2058=CARTESIAN_POINT('',(50.039207212,-59.960711035,15.5));
#2059=VERTEX_POINT('',#2058);
#2060=CARTESIAN_POINT('',(50.039207212,-59.960711035,15.5));
#2061=DIRECTION('',(-0.,1.,-0.));
#2062=VECTOR('',#2061,15.859680692);
#2063=LINE('',#2060,#2062);
#2064=EDGE_CURVE('',#2059,#2049,#2063,.T.);
#2065=ORIENTED_EDGE('',*,*,#2064,.F.);
#2066=CARTESIAN_POINT('',(50.039207212,-61.460711035,15.5));
#2067=VERTEX_POINT('',#2066);
#2068=CARTESIAN_POINT('',(50.039207212,-61.460711035,15.5));
#2069=DIRECTION('',(-0.,1.,-0.));
#2070=VECTOR('',#2069,1.5);
#2071=LINE('',#2068,#2070);
#2072=EDGE_CURVE('',#2067,#2059,#2071,.T.);
#2073=ORIENTED_EDGE('',*,*,#2072,.F.);
#2074=CARTESIAN_POINT('',(50.039207212,-61.960711035,15.));
#2075=VERTEX_POINT('',#2074);
#2076=CARTESIAN_POINT('',(50.039207212,-61.460711035,15.));
#2077=DIRECTION('',(1.,-0.,0.));
#2078=DIRECTION('',(0.,0.,-1.));
#2079=AXIS2_PLACEMENT_3D('',#2076,#2077,#2078);
#2080=CIRCLE('',#2079,0.5);
#2081=EDGE_CURVE('',#2067,#2075,#2080,.T.);
#2082=ORIENTED_EDGE('',*,*,#2081,.T.);
#2083=CARTESIAN_POINT('',(50.039207212,-61.960711035,0.5));
#2084=VERTEX_POINT('',#2083);
#2085=CARTESIAN_POINT('',(50.039207212,-61.960711035,15.));
#2086=DIRECTION('',(-0.,-0.,-1.));
#2087=VECTOR('',#2086,14.5);
#2088=LINE('',#2085,#2087);
#2089=EDGE_CURVE('',#2075,#2084,#2088,.T.);
#2090=ORIENTED_EDGE('',*,*,#2089,.T.);
#2091=CARTESIAN_POINT('',(50.039207212,-61.460711035,0.));
#2092=VERTEX_POINT('',#2091);
#2093=CARTESIAN_POINT('',(50.039207212,-61.460711035,0.5));
#2094=DIRECTION('',(1.,0.,0.));
#2095=DIRECTION('',(0.,0.,-1.));
#2096=AXIS2_PLACEMENT_3D('',#2093,#2094,#2095);
#2097=CIRCLE('',#2096,0.5);
#2098=EDGE_CURVE('',#2084,#2092,#2097,.T.);
#2099=ORIENTED_EDGE('',*,*,#2098,.T.);
#2100=CARTESIAN_POINT('',(50.039207212,-61.380468787,0.006480819));
#2101=VERTEX_POINT('',#2100);
#2102=CARTESIAN_POINT('',(50.039207212,-61.460711035,0.5));
#2103=DIRECTION('',(1.,0.,0.));
#2104=DIRECTION('',(0.,0.,-1.));
#2105=AXIS2_PLACEMENT_3D('',#2102,#2103,#2104);
#2106=CIRCLE('',#2105,0.5);
#2107=EDGE_CURVE('',#2092,#2101,#2106,.T.);
#2108=ORIENTED_EDGE('',*,*,#2107,.T.);
#2109=CARTESIAN_POINT('',(50.039207212,62.329076037,0.006480819));
#2110=VERTEX_POINT('',#2109);
#2111=CARTESIAN_POINT('',(50.039207212,62.329076037,0.006480819));
#2112=DIRECTION('',(0.,-1.,-0.));
#2113=VECTOR('',#2112,123.709544824);
#2114=LINE('',#2111,#2113);
#2115=EDGE_CURVE('',#2110,#2101,#2114,.T.);
#2116=ORIENTED_EDGE('',*,*,#2115,.F.);
#2117=CARTESIAN_POINT('',(50.039207212,65.553143721,3.848775065));
#2118=VERTEX_POINT('',#2117);
#2119=CARTESIAN_POINT('',(50.039207212,65.553143721,3.848775065));
#2120=DIRECTION('',(-0.,-0.64278761,-0.766044443));
#2121=VECTOR('',#2120,5.015758916);
#2122=LINE('',#2119,#2121);
#2123=EDGE_CURVE('',#2118,#2110,#2122,.T.);
#2124=ORIENTED_EDGE('',*,*,#2123,.F.);
#2125=CARTESIAN_POINT('',(50.039207212,65.553143721,13.046067923));
#2126=VERTEX_POINT('',#2125);
#2127=CARTESIAN_POINT('',(50.039207212,65.553143721,13.046067923));
#2128=DIRECTION('',(-0.,0.,-1.));
#2129=VECTOR('',#2128,9.197292858);
#2130=LINE('',#2127,#2129);
#2131=EDGE_CURVE('',#2126,#2118,#2130,.T.);
#2132=ORIENTED_EDGE('',*,*,#2131,.F.);
#2133=CARTESIAN_POINT('',(50.039207212,63.099211645,15.5));
#2134=VERTEX_POINT('',#2133);
#2135=CARTESIAN_POINT('',(50.039207212,63.099211645,13.046067923));
#2136=DIRECTION('',(-1.,-0.,0.));
#2137=DIRECTION('',(0.,0.,1.));
#2138=AXIS2_PLACEMENT_3D('',#2135,#2136,#2137);
#2139=CIRCLE('',#2138,2.453932077);
#2140=EDGE_CURVE('',#2134,#2126,#2139,.T.);
#2141=ORIENTED_EDGE('',*,*,#2140,.F.);
#2142=CARTESIAN_POINT('',(50.039207212,54.98645095,15.5));
#2143=VERTEX_POINT('',#2142);
#2144=CARTESIAN_POINT('',(50.039207212,54.98645095,15.5));
#2145=DIRECTION('',(0.,1.,0.));
#2146=VECTOR('',#2145,8.112760695);
#2147=LINE('',#2144,#2146);
#2148=EDGE_CURVE('',#2143,#2134,#2147,.T.);
#2149=ORIENTED_EDGE('',*,*,#2148,.F.);
#2150=CARTESIAN_POINT('',(50.039207212,46.942146046,15.5));
#2151=DIRECTION('',(-0.,1.,-0.));
#2152=VECTOR('',#2151,8.044304904);
#2153=LINE('',#2150,#2152);
#2154=EDGE_CURVE('',#2051,#2143,#2153,.T.);
#2155=ORIENTED_EDGE('',*,*,#2154,.F.);
#2156=EDGE_LOOP('',(#2057,#2065,#2073,#2082,#2090,#2099,#2108,#2116,#2124,#2132,#2141,#2149,#2155));
#2157=FACE_BOUND('',#2156,.T.);
#2158=ADVANCED_FACE('',(#2157),#2047,.T.);
#2159=CARTESIAN_POINT('',(-50.039207212,34.823564824,0.));
#2160=DIRECTION('',(-1.,0.,-0.));
#2161=DIRECTION('',(-0.,0.,1.));
#2162=AXIS2_PLACEMENT_3D('',#2159,#2160,#2161);
#2163=PLANE('',#2162);
#2164=CARTESIAN_POINT('',(-50.039207212,-44.101030342,15.5));
#2165=VERTEX_POINT('',#2164);
#2166=CARTESIAN_POINT('',(-50.039207212,46.942146046,15.5));
#2167=VERTEX_POINT('',#2166);
#2168=CARTESIAN_POINT('',(-50.039207212,-44.101030342,15.5));
#2169=DIRECTION('',(0.,1.,0.));
#2170=VECTOR('',#2169,91.043176388);
#2171=LINE('',#2168,#2170);
#2172=EDGE_CURVE('',#2165,#2167,#2171,.T.);
#2173=ORIENTED_EDGE('',*,*,#2172,.T.);
#2174=CARTESIAN_POINT('',(-50.039207212,54.98645095,15.5));
#2175=VERTEX_POINT('',#2174);
#2176=CARTESIAN_POINT('',(-50.039207212,46.942146046,15.5));
#2177=DIRECTION('',(0.,1.,0.));
#2178=VECTOR('',#2177,8.044304904);
#2179=LINE('',#2176,#2178);
#2180=EDGE_CURVE('',#2167,#2175,#2179,.T.);
#2181=ORIENTED_EDGE('',*,*,#2180,.T.);
#2182=CARTESIAN_POINT('',(-50.039207212,63.099211645,15.5));
#2183=VERTEX_POINT('',#2182);
#2184=CARTESIAN_POINT('',(-50.039207212,54.98645095,15.5));
#2185=DIRECTION('',(-0.,1.,0.));
#2186=VECTOR('',#2185,8.112760695);
#2187=LINE('',#2184,#2186);
#2188=EDGE_CURVE('',#2175,#2183,#2187,.T.);
#2189=ORIENTED_EDGE('',*,*,#2188,.T.);
#2190=CARTESIAN_POINT('',(-50.039207212,65.553143721,13.046067923));
#2191=VERTEX_POINT('',#2190);
#2192=CARTESIAN_POINT('',(-50.039207212,63.099211645,13.046067923));
#2193=DIRECTION('',(-1.,0.,-0.));
#2194=DIRECTION('',(-0.,0.,1.));
#2195=AXIS2_PLACEMENT_3D('',#2192,#2193,#2194);
#2196=CIRCLE('',#2195,2.453932077);
#2197=EDGE_CURVE('',#2183,#2191,#2196,.T.);
#2198=ORIENTED_EDGE('',*,*,#2197,.T.);
#2199=CARTESIAN_POINT('',(-50.039207212,65.553143721,3.848775065));
#2200=VERTEX_POINT('',#2199);
#2201=CARTESIAN_POINT('',(-50.039207212,65.553143721,13.046067923));
#2202=DIRECTION('',(0.,0.,-1.));
#2203=VECTOR('',#2202,9.197292858);
#2204=LINE('',#2201,#2203);
#2205=EDGE_CURVE('',#2191,#2200,#2204,.T.);
#2206=ORIENTED_EDGE('',*,*,#2205,.T.);
#2207=CARTESIAN_POINT('',(-50.039207212,62.329076037,0.006480819));
#2208=VERTEX_POINT('',#2207);
#2209=CARTESIAN_POINT('',(-50.039207212,65.553143721,3.848775065));
#2210=DIRECTION('',(0.,-0.64278761,-0.766044443));
#2211=VECTOR('',#2210,5.015758916);
#2212=LINE('',#2209,#2211);
#2213=EDGE_CURVE('',#2200,#2208,#2212,.T.);
#2214=ORIENTED_EDGE('',*,*,#2213,.T.);
#2215=CARTESIAN_POINT('',(-50.039207212,-61.380468787,0.006480819));
#2216=VERTEX_POINT('',#2215);
#2217=CARTESIAN_POINT('',(-50.039207212,62.329076037,0.006480819));
#2218=DIRECTION('',(0.,-1.,-0.));
#2219=VECTOR('',#2218,123.709544824);
#2220=LINE('',#2217,#2219);
#2221=EDGE_CURVE('',#2208,#2216,#2220,.T.);
#2222=ORIENTED_EDGE('',*,*,#2221,.T.);
#2223=CARTESIAN_POINT('',(-50.039207212,-61.460711035,0.));
#2224=VERTEX_POINT('',#2223);
#2225=CARTESIAN_POINT('',(-50.039207212,-61.460711035,0.5));
#2226=DIRECTION('',(1.,0.,0.));
#2227=DIRECTION('',(0.,0.,-1.));
#2228=AXIS2_PLACEMENT_3D('',#2225,#2226,#2227);
#2229=CIRCLE('',#2228,0.5);
#2230=EDGE_CURVE('',#2224,#2216,#2229,.T.);
#2231=ORIENTED_EDGE('',*,*,#2230,.F.);
#2232=CARTESIAN_POINT('',(-50.039207212,-61.960711035,0.5));
#2233=VERTEX_POINT('',#2232);
#2234=CARTESIAN_POINT('',(-50.039207212,-61.460711035,0.5));
#2235=DIRECTION('',(1.,0.,0.));
#2236=DIRECTION('',(0.,0.,-1.));
#2237=AXIS2_PLACEMENT_3D('',#2234,#2235,#2236);
#2238=CIRCLE('',#2237,0.5);
#2239=EDGE_CURVE('',#2233,#2224,#2238,.T.);
#2240=ORIENTED_EDGE('',*,*,#2239,.F.);
#2241=CARTESIAN_POINT('',(-50.039207212,-61.960711035,15.));
#2242=VERTEX_POINT('',#2241);
#2243=CARTESIAN_POINT('',(-50.039207212,-61.960711035,15.));
#2244=DIRECTION('',(0.,-0.,-1.));
#2245=VECTOR('',#2244,14.5);
#2246=LINE('',#2243,#2245);
#2247=EDGE_CURVE('',#2242,#2233,#2246,.T.);
#2248=ORIENTED_EDGE('',*,*,#2247,.F.);
#2249=CARTESIAN_POINT('',(-50.039207212,-61.460711035,15.5));
#2250=VERTEX_POINT('',#2249);
#2251=CARTESIAN_POINT('',(-50.039207212,-61.460711035,15.));
#2252=DIRECTION('',(1.,-0.,0.));
#2253=DIRECTION('',(0.,0.,-1.));
#2254=AXIS2_PLACEMENT_3D('',#2251,#2252,#2253);
#2255=CIRCLE('',#2254,0.5);
#2256=EDGE_CURVE('',#2250,#2242,#2255,.T.);
#2257=ORIENTED_EDGE('',*,*,#2256,.F.);
#2258=CARTESIAN_POINT('',(-50.039207212,-59.960711035,15.5));
#2259=VERTEX_POINT('',#2258);
#2260=CARTESIAN_POINT('',(-50.039207212,-61.460711035,15.5));
#2261=DIRECTION('',(0.,1.,0.));
#2262=VECTOR('',#2261,1.5);
#2263=LINE('',#2260,#2262);
#2264=EDGE_CURVE('',#2250,#2259,#2263,.T.);
#2265=ORIENTED_EDGE('',*,*,#2264,.T.);
#2266=CARTESIAN_POINT('',(-50.039207212,-59.960711035,15.5));
#2267=DIRECTION('',(0.,1.,0.));
#2268=VECTOR('',#2267,15.859680692);
#2269=LINE('',#2266,#2268);
#2270=EDGE_CURVE('',#2259,#2165,#2269,.T.);
#2271=ORIENTED_EDGE('',*,*,#2270,.T.);
#2272=EDGE_LOOP('',(#2173,#2181,#2189,#2198,#2206,#2214,#2222,#2231,#2240,#2248,#2257,#2265,#2271));
#2273=FACE_BOUND('',#2272,.T.);
#2274=ADVANCED_FACE('',(#2273),#2163,.T.);
#2275=CARTESIAN_POINT('',(-0.,-61.460711035,0.5));
#2276=DIRECTION('',(-1.,0.,-0.));
#2277=DIRECTION('',(0.,0.,-1.));
#2278=AXIS2_PLACEMENT_3D('',#2275,#2276,#2277);
#2279=CYLINDRICAL_SURFACE('',#2278,0.5);
#2280=CARTESIAN_POINT('',(-50.039207212,-61.460711035,0.));
#2281=DIRECTION('',(1.,-0.,0.));
#2282=VECTOR('',#2281,100.078414424);
#2283=LINE('',#2280,#2282);
#2284=EDGE_CURVE('',#2224,#2092,#2283,.T.);
#2285=ORIENTED_EDGE('',*,*,#2284,.T.);
#2286=ORIENTED_EDGE('',*,*,#2098,.F.);
#2287=CARTESIAN_POINT('',(50.039207212,-61.960711035,0.5));
#2288=DIRECTION('',(-1.,-0.,-0.));
#2289=VECTOR('',#2288,100.078414424);
#2290=LINE('',#2287,#2289);
#2291=EDGE_CURVE('',#2084,#2233,#2290,.T.);
#2292=ORIENTED_EDGE('',*,*,#2291,.T.);
#2293=ORIENTED_EDGE('',*,*,#2239,.T.);
#2294=EDGE_LOOP('',(#2285,#2286,#2292,#2293));
#2295=FACE_BOUND('',#2294,.T.);
#2296=ADVANCED_FACE('',(#2295),#2279,.T.);
#2297=CARTESIAN_POINT('',(-0.039207212,-61.960711035,15.353553391));
#2298=DIRECTION('',(0.,1.,0.));
#2299=DIRECTION('',(-0.,0.,1.));
#2300=AXIS2_PLACEMENT_3D('',#2297,#2298,#2299);
#2301=PLANE('',#2300);
#2302=CARTESIAN_POINT('',(-0.,-61.960711035,15.));
#2303=VERTEX_POINT('',#2302);
#2304=CARTESIAN_POINT('',(-50.039207212,-61.960711035,15.));
#2305=DIRECTION('',(1.,0.,0.));
#2306=VECTOR('',#2305,50.039207212);
#2307=LINE('',#2304,#2306);
#2308=EDGE_CURVE('',#2242,#2303,#2307,.T.);
#2309=ORIENTED_EDGE('',*,*,#2308,.F.);
#2310=ORIENTED_EDGE('',*,*,#2247,.T.);
#2311=ORIENTED_EDGE('',*,*,#2291,.F.);
#2312=ORIENTED_EDGE('',*,*,#2089,.F.);
#2313=CARTESIAN_POINT('',(50.039207212,-61.960711035,15.));
#2314=DIRECTION('',(-1.,-0.,-0.));
#2315=VECTOR('',#2314,50.039207212);
#2316=LINE('',#2313,#2315);
#2317=EDGE_CURVE('',#2075,#2303,#2316,.T.);
#2318=ORIENTED_EDGE('',*,*,#2317,.T.);
#2319=EDGE_LOOP('',(#2309,#2310,#2311,#2312,#2318));
#2320=FACE_BOUND('',#2319,.T.);
#2321=ADVANCED_FACE('',(#2320),#2301,.F.);
#2322=CARTESIAN_POINT('',(5.220792788,-61.460711035,15.));
#2323=DIRECTION('',(-1.,0.,-0.));
#2324=DIRECTION('',(0.,0.,-1.));
#2325=AXIS2_PLACEMENT_3D('',#2322,#2323,#2324);
#2326=CYLINDRICAL_SURFACE('',#2325,0.5);
#2327=ORIENTED_EDGE('',*,*,#2308,.T.);
#2328=ORIENTED_EDGE('',*,*,#2317,.F.);
#2329=ORIENTED_EDGE('',*,*,#2081,.F.);
#2330=CARTESIAN_POINT('',(-0.,-61.460711035,15.5));
#2331=VERTEX_POINT('',#2330);
#2332=CARTESIAN_POINT('',(-0.,-61.460711035,15.5));
#2333=DIRECTION('',(1.,-0.,0.));
#2334=VECTOR('',#2333,50.039207212);
#2335=LINE('',#2332,#2334);
#2336=EDGE_CURVE('',#2331,#2067,#2335,.T.);
#2337=ORIENTED_EDGE('',*,*,#2336,.F.);
#2338=CARTESIAN_POINT('',(-0.,-61.460711035,15.5));
#2339=DIRECTION('',(-1.,0.,-0.));
#2340=VECTOR('',#2339,50.039207212);
#2341=LINE('',#2338,#2340);
#2342=EDGE_CURVE('',#2331,#2250,#2341,.T.);
#2343=ORIENTED_EDGE('',*,*,#2342,.T.);
#2344=ORIENTED_EDGE('',*,*,#2256,.T.);
#2345=EDGE_LOOP('',(#2327,#2328,#2329,#2337,#2343,#2344));
#2346=FACE_BOUND('',#2345,.T.);
#2347=ADVANCED_FACE('',(#2346),#2326,.T.);
#2348=CARTESIAN_POINT('',(5.220792788,4.933143721,15.5));
#2349=DIRECTION('',(0.,0.,-1.));
#2350=DIRECTION('',(-1.,0.,-0.));
#2351=AXIS2_PLACEMENT_3D('',#2348,#2349,#2350);
#2352=PLANE('',#2351);
#2353=CARTESIAN_POINT('',(35.625255839,-48.543883965,15.5));
#2354=VERTEX_POINT('',#2353);
#2355=CARTESIAN_POINT('',(35.625255839,-48.711534605,15.5));
#2356=VERTEX_POINT('',#2355);
#2357=CARTESIAN_POINT('',(35.625255839,-48.543883965,15.5));
#2358=DIRECTION('',(0.,-1.,0.));
#2359=VECTOR('',#2358,0.16765064);
#2360=LINE('',#2357,#2359);
#2361=EDGE_CURVE('',#2354,#2356,#2360,.T.);
#2362=ORIENTED_EDGE('',*,*,#2361,.T.);
#2363=CARTESIAN_POINT('',(33.093723165,-52.291662446,15.5));
#2364=VERTEX_POINT('',#2363);
#2365=CARTESIAN_POINT('',(35.625255839,-48.711534605,15.5));
#2366=CARTESIAN_POINT('',(35.625523526,-49.422455445,15.5));
#2367=CARTESIAN_POINT('',(35.432554388,-50.081590216,15.5));
#2368=CARTESIAN_POINT('',(35.240092977,-50.738990718,15.5));
#2369=CARTESIAN_POINT('',(34.883787085,-51.243067279,15.5));
#2370=CARTESIAN_POINT('',(34.528134056,-51.746220216,15.5));
#2371=CARTESIAN_POINT('',(34.062498778,-52.019141441,15.5));
#2372=CARTESIAN_POINT('',(33.596899827,-52.292041374,15.5));
#2373=CARTESIAN_POINT('',(33.093723165,-52.291662446,15.5));
#2374=B_SPLINE_CURVE_WITH_KNOTS('',2,(#2365,#2366,#2367,#2368,#2369,#2370,#2371,#2372,#2373),.UNSPECIFIED.,.F.,.F.,(3,2,2,2,3),(0.,0.25,0.5,0.75,1.),.UNSPECIFIED.);
#2375=EDGE_CURVE('',#2356,#2364,#2374,.T.);
#2376=ORIENTED_EDGE('',*,*,#2375,.T.);
#2377=CARTESIAN_POINT('',(-33.093723165,-52.291662446,15.5));
#2378=VERTEX_POINT('',#2377);
#2379=CARTESIAN_POINT('',(33.093723165,-52.291662446,15.5));
#2380=DIRECTION('',(-1.,-0.,-0.));
#2381=VECTOR('',#2380,66.18744633);
#2382=LINE('',#2379,#2381);
#2383=EDGE_CURVE('',#2364,#2378,#2382,.T.);
#2384=ORIENTED_EDGE('',*,*,#2383,.T.);
#2385=CARTESIAN_POINT('',(-35.625255839,-48.711534605,15.5));
#2386=VERTEX_POINT('',#2385);
#2387=CARTESIAN_POINT('',(-33.093723165,-52.291662446,15.5));
#2388=CARTESIAN_POINT('',(-33.596360173,-52.292040967,15.5));
#2389=CARTESIAN_POINT('',(-34.062498778,-52.019141441,15.5));
#2390=CARTESIAN_POINT('',(-34.52730882,-51.747019718,15.5));
#2391=CARTESIAN_POINT('',(-34.883787085,-51.243067279,15.5));
#2392=CARTESIAN_POINT('',(-35.239612432,-50.740037869,15.5));
#2393=CARTESIAN_POINT('',(-35.432554388,-50.081590216,15.5));
#2394=CARTESIAN_POINT('',(-35.625523749,-49.423049037,15.5));
#2395=CARTESIAN_POINT('',(-35.625255839,-48.711534605,15.5));
#2396=B_SPLINE_CURVE_WITH_KNOTS('',2,(#2387,#2388,#2389,#2390,#2391,#2392,#2393,#2394,#2395),.UNSPECIFIED.,.F.,.F.,(3,2,2,2,3),(0.,0.25,0.5,0.75,1.),.UNSPECIFIED.);
#2397=EDGE_CURVE('',#2378,#2386,#2396,.T.);
#2398=ORIENTED_EDGE('',*,*,#2397,.T.);
#2399=CARTESIAN_POINT('',(-35.625255839,-48.543883965,15.5));
#2400=VERTEX_POINT('',#2399);
#2401=CARTESIAN_POINT('',(-35.625255839,-48.711534605,15.5));
#2402=DIRECTION('',(0.,1.,0.));
#2403=VECTOR('',#2402,0.16765064);
#2404=LINE('',#2401,#2403);
#2405=EDGE_CURVE('',#2386,#2400,#2404,.T.);
#2406=ORIENTED_EDGE('',*,*,#2405,.T.);
#2407=CARTESIAN_POINT('',(-36.093723165,-48.075416639,15.5));
#2408=VERTEX_POINT('',#2407);
#2409=CARTESIAN_POINT('',(-36.093723165,-48.543883965,15.5));
#2410=DIRECTION('',(-0.,-0.,1.));
#2411=DIRECTION('',(-1.,0.,-0.));
#2412=AXIS2_PLACEMENT_3D('',#2409,#2410,#2411);
#2413=CIRCLE('',#2412,0.468467326);
#2414=EDGE_CURVE('',#2400,#2408,#2413,.T.);
#2415=ORIENTED_EDGE('',*,*,#2414,.T.);
#2416=CARTESIAN_POINT('',(-44.053258219,-48.075416639,15.5));
#2417=VERTEX_POINT('',#2416);
#2418=CARTESIAN_POINT('',(-36.093723165,-48.075416639,15.5));
#2419=DIRECTION('',(-1.,0.,-0.));
#2420=VECTOR('',#2419,7.959535054);
#2421=LINE('',#2418,#2420);
#2422=EDGE_CURVE('',#2408,#2417,#2421,.T.);
#2423=ORIENTED_EDGE('',*,*,#2422,.T.);
#2424=CARTESIAN_POINT('',(-45.584790893,-46.543883965,15.5));
#2425=VERTEX_POINT('',#2424);
#2426=CARTESIAN_POINT('',(-44.053258219,-46.543883965,15.5));
#2427=DIRECTION('',(0.,0.,-1.));
#2428=DIRECTION('',(-1.,0.,-0.));
#2429=AXIS2_PLACEMENT_3D('',#2426,#2427,#2428);
#2430=CIRCLE('',#2429,1.531532674);
#2431=EDGE_CURVE('',#2417,#2425,#2430,.T.);
#2432=ORIENTED_EDGE('',*,*,#2431,.T.);
#2433=CARTESIAN_POINT('',(-45.584790893,49.726612073,15.5));
#2434=VERTEX_POINT('',#2433);
#2435=CARTESIAN_POINT('',(-45.584790893,-46.543883965,15.5));
#2436=DIRECTION('',(0.,1.,0.));
#2437=VECTOR('',#2436,96.270496039);
#2438=LINE('',#2435,#2437);
#2439=EDGE_CURVE('',#2425,#2434,#2438,.T.);
#2440=ORIENTED_EDGE('',*,*,#2439,.T.);
#2441=CARTESIAN_POINT('',(-44.053258219,51.258144747,15.5));
#2442=VERTEX_POINT('',#2441);
#2443=CARTESIAN_POINT('',(-44.053258219,49.726612073,15.5));
#2444=DIRECTION('',(0.,0.,-1.));
#2445=DIRECTION('',(-1.,0.,-0.));
#2446=AXIS2_PLACEMENT_3D('',#2443,#2444,#2445);
#2447=CIRCLE('',#2446,1.531532674);
#2448=EDGE_CURVE('',#2434,#2442,#2447,.T.);
#2449=ORIENTED_EDGE('',*,*,#2448,.T.);
#2450=CARTESIAN_POINT('',(44.053258219,51.258144747,15.5));
#2451=VERTEX_POINT('',#2450);
#2452=CARTESIAN_POINT('',(-44.053258219,51.258144747,15.5));
#2453=DIRECTION('',(1.,0.,0.));
#2454=VECTOR('',#2453,88.106516438);
#2455=LINE('',#2452,#2454);
#2456=EDGE_CURVE('',#2442,#2451,#2455,.T.);
#2457=ORIENTED_EDGE('',*,*,#2456,.T.);
#2458=CARTESIAN_POINT('',(45.584790893,49.726612073,15.5));
#2459=VERTEX_POINT('',#2458);
#2460=CARTESIAN_POINT('',(44.053258219,49.726612073,15.5));
#2461=DIRECTION('',(0.,0.,-1.));
#2462=DIRECTION('',(-1.,0.,-0.));
#2463=AXIS2_PLACEMENT_3D('',#2460,#2461,#2462);
#2464=CIRCLE('',#2463,1.531532674);
#2465=EDGE_CURVE('',#2451,#2459,#2464,.T.);
#2466=ORIENTED_EDGE('',*,*,#2465,.T.);
#2467=CARTESIAN_POINT('',(45.584790893,-46.543883965,15.5));
#2468=VERTEX_POINT('',#2467);
#2469=CARTESIAN_POINT('',(45.584790893,49.726612073,15.5));
#2470=DIRECTION('',(0.,-1.,0.));
#2471=VECTOR('',#2470,96.270496039);
#2472=LINE('',#2469,#2471);
#2473=EDGE_CURVE('',#2459,#2468,#2472,.T.);
#2474=ORIENTED_EDGE('',*,*,#2473,.T.);
#2475=CARTESIAN_POINT('',(44.053258219,-48.075416639,15.5));
#2476=VERTEX_POINT('',#2475);
#2477=CARTESIAN_POINT('',(44.053258219,-46.543883965,15.5));
#2478=DIRECTION('',(0.,0.,-1.));
#2479=DIRECTION('',(-1.,0.,-0.));
#2480=AXIS2_PLACEMENT_3D('',#2477,#2478,#2479);
#2481=CIRCLE('',#2480,1.531532674);
#2482=EDGE_CURVE('',#2468,#2476,#2481,.T.);
#2483=ORIENTED_EDGE('',*,*,#2482,.T.);
#2484=CARTESIAN_POINT('',(36.093723165,-48.075416639,15.5));
#2485=VERTEX_POINT('',#2484);
#2486=CARTESIAN_POINT('',(44.053258219,-48.075416639,15.5));
#2487=DIRECTION('',(-1.,0.,-0.));
#2488=VECTOR('',#2487,7.959535054);
#2489=LINE('',#2486,#2488);
#2490=EDGE_CURVE('',#2476,#2485,#2489,.T.);
#2491=ORIENTED_EDGE('',*,*,#2490,.T.);
#2492=CARTESIAN_POINT('',(36.093723165,-48.543883965,15.5));
#2493=DIRECTION('',(-0.,-0.,1.));
#2494=DIRECTION('',(-1.,0.,-0.));
#2495=AXIS2_PLACEMENT_3D('',#2492,#2493,#2494);
#2496=CIRCLE('',#2495,0.468467326);
#2497=EDGE_CURVE('',#2485,#2354,#2496,.T.);
#2498=ORIENTED_EDGE('',*,*,#2497,.T.);
#2499=EDGE_LOOP('',(#2362,#2376,#2384,#2398,#2406,#2415,#2423,#2432,#2440,#2449,#2457,#2466,#2474,#2483,#2491,#2498));
#2500=FACE_BOUND('',#2499,.T.);
#2501=ORIENTED_EDGE('',*,*,#2064,.T.);
#2502=ORIENTED_EDGE('',*,*,#2056,.T.);
#2503=ORIENTED_EDGE('',*,*,#2154,.T.);
#2504=ORIENTED_EDGE('',*,*,#2148,.T.);
#2505=CARTESIAN_POINT('',(44.653258219,63.099211645,15.5));
#2506=VERTEX_POINT('',#2505);
#2507=CARTESIAN_POINT('',(44.653258219,63.099211645,15.5));
#2508=DIRECTION('',(1.,0.,-0.));
#2509=VECTOR('',#2508,5.385948993);
#2510=LINE('',#2507,#2509);
#2511=EDGE_CURVE('',#2506,#2134,#2510,.T.);
#2512=ORIENTED_EDGE('',*,*,#2511,.F.);
#2513=CARTESIAN_POINT('',(44.653258219,57.582427802,15.5));
#2514=VERTEX_POINT('',#2513);
#2515=CARTESIAN_POINT('',(44.653258219,57.582427802,15.5));
#2516=DIRECTION('',(0.,1.,0.));
#2517=VECTOR('',#2516,5.516783843);
#2518=LINE('',#2515,#2517);
#2519=EDGE_CURVE('',#2514,#2506,#2518,.T.);
#2520=ORIENTED_EDGE('',*,*,#2519,.F.);
#2521=CARTESIAN_POINT('',(44.523974139,57.453143721,15.5));
#2522=VERTEX_POINT('',#2521);
#2523=CARTESIAN_POINT('',(44.523974139,57.582427802,15.5));
#2524=DIRECTION('',(-0.,0.,-1.));
#2525=DIRECTION('',(1.,0.,0.));
#2526=AXIS2_PLACEMENT_3D('',#2523,#2524,#2525);
#2527=CIRCLE('',#2526,0.12928408);
#2528=EDGE_CURVE('',#2514,#2522,#2527,.T.);
#2529=ORIENTED_EDGE('',*,*,#2528,.T.);
#2530=CARTESIAN_POINT('',(-44.523974139,57.453143721,15.5));
#2531=VERTEX_POINT('',#2530);
#2532=CARTESIAN_POINT('',(-44.523974139,57.453143721,15.5));
#2533=DIRECTION('',(1.,-0.,0.));
#2534=VECTOR('',#2533,89.047948277);
#2535=LINE('',#2532,#2534);
#2536=EDGE_CURVE('',#2531,#2522,#2535,.T.);
#2537=ORIENTED_EDGE('',*,*,#2536,.F.);
#2538=CARTESIAN_POINT('',(-44.653258219,57.582427802,15.5));
#2539=VERTEX_POINT('',#2538);
#2540=CARTESIAN_POINT('',(-44.523974139,57.582427802,15.5));
#2541=DIRECTION('',(-0.,-0.,1.));
#2542=DIRECTION('',(-1.,0.,-0.));
#2543=AXIS2_PLACEMENT_3D('',#2540,#2541,#2542);
#2544=CIRCLE('',#2543,0.12928408);
#2545=EDGE_CURVE('',#2539,#2531,#2544,.T.);
#2546=ORIENTED_EDGE('',*,*,#2545,.F.);
#2547=CARTESIAN_POINT('',(-44.653258219,63.099211645,15.5));
#2548=VERTEX_POINT('',#2547);
#2549=CARTESIAN_POINT('',(-44.653258219,57.582427802,15.5));
#2550=DIRECTION('',(-0.,1.,0.));
#2551=VECTOR('',#2550,5.516783843);
#2552=LINE('',#2549,#2551);
#2553=EDGE_CURVE('',#2539,#2548,#2552,.T.);
#2554=ORIENTED_EDGE('',*,*,#2553,.T.);
#2555=CARTESIAN_POINT('',(-44.653258219,63.099211645,15.5));
#2556=DIRECTION('',(-1.,0.,-0.));
#2557=VECTOR('',#2556,5.385948993);
#2558=LINE('',#2555,#2557);
#2559=EDGE_CURVE('',#2548,#2183,#2558,.T.);
#2560=ORIENTED_EDGE('',*,*,#2559,.T.);
#2561=ORIENTED_EDGE('',*,*,#2188,.F.);
#2562=ORIENTED_EDGE('',*,*,#2180,.F.);
#2563=ORIENTED_EDGE('',*,*,#2172,.F.);
#2564=ORIENTED_EDGE('',*,*,#2270,.F.);
#2565=ORIENTED_EDGE('',*,*,#2264,.F.);
#2566=ORIENTED_EDGE('',*,*,#2342,.F.);
#2567=ORIENTED_EDGE('',*,*,#2336,.T.);
#2568=ORIENTED_EDGE('',*,*,#2072,.T.);
#2569=EDGE_LOOP('',(#2501,#2502,#2503,#2504,#2512,#2520,#2529,#2537,#2546,#2554,#2560,#2561,#2562,#2563,#2564,#2565,#2566,#2567,#2568));
#2570=FACE_BOUND('',#2569,.T.);
#2571=ORIENTED_EDGE('',*,*,#1879,.T.);
#2572=ORIENTED_EDGE('',*,*,#1944,.T.);
#2573=ORIENTED_EDGE('',*,*,#1967,.T.);
#2574=ORIENTED_EDGE('',*,*,#1919,.T.);
#2575=ORIENTED_EDGE('',*,*,#1855,.T.);
#2576=ORIENTED_EDGE('',*,*,#1791,.T.);
#2577=ORIENTED_EDGE('',*,*,#1744,.T.);
#2578=ORIENTED_EDGE('',*,*,#1816,.T.);
#2579=EDGE_LOOP('',(#2571,#2572,#2573,#2574,#2575,#2576,#2577,#2578));
#2580=FACE_BOUND('',#2579,.T.);
#2581=ADVANCED_FACE('',(#2500,#2570,#2580),#2352,.F.);
#2582=CARTESIAN_POINT('',(218.99422294,-60.53414181,19.542399954));
#2583=DIRECTION('',(0.,1.,0.));
#2584=DIRECTION('',(-0.,0.,1.));
#2585=AXIS2_PLACEMENT_3D('',#2582,#2583,#2584);
#2586=PLANE('',#2585);
#2587=ORIENTED_EDGE('',*,*,#1999,.T.);
#2588=ORIENTED_EDGE('',*,*,#1886,.T.);
#2589=ORIENTED_EDGE('',*,*,#2022,.T.);
#2590=CARTESIAN_POINT('',(-25.040045232,-60.53414181,10.799990168));
#2591=DIRECTION('',(1.,0.,-0.));
#2592=VECTOR('',#2591,50.080090463);
#2593=LINE('',#2590,#2592);
#2594=EDGE_CURVE('',#1994,#2017,#2593,.T.);
#2595=ORIENTED_EDGE('',*,*,#2594,.F.);
#2596=EDGE_LOOP('',(#2587,#2588,#2589,#2595));
#2597=FACE_BOUND('',#2596,.T.);
#2598=ADVANCED_FACE('',(#2597),#2586,.T.);
#2599=CARTESIAN_POINT('',(-50.039207212,53.798698601,10.799990168));
#2600=DIRECTION('',(0.,0.,-1.));
#2601=DIRECTION('',(-1.,0.,0.));
#2602=AXIS2_PLACEMENT_3D('',#2599,#2600,#2601);
#2603=PLANE('',#2602);
#2604=ORIENTED_EDGE('',*,*,#2594,.T.);
#2605=ORIENTED_EDGE('',*,*,#2038,.T.);
#2606=CARTESIAN_POINT('',(25.390402536,-56.945498586,10.799990168));
#2607=VERTEX_POINT('',#2606);
#2608=CARTESIAN_POINT('',(25.390402536,-56.945498586,10.799990168));
#2609=DIRECTION('',(0.,-1.,0.));
#2610=VECTOR('',#2609,3.23828592);
#2611=LINE('',#2608,#2610);
#2612=EDGE_CURVE('',#2607,#2026,#2611,.T.);
#2613=ORIENTED_EDGE('',*,*,#2612,.F.);
#2614=CARTESIAN_POINT('',(24.248983171,-55.804079221,10.799990168));
#2615=VERTEX_POINT('',#2614);
#2616=CARTESIAN_POINT('',(24.248983171,-56.945498586,10.799990168));
#2617=DIRECTION('',(-0.,-0.,1.));
#2618=DIRECTION('',(-1.,0.,0.));
#2619=AXIS2_PLACEMENT_3D('',#2616,#2617,#2618);
#2620=CIRCLE('',#2619,1.141419365);
#2621=EDGE_CURVE('',#2607,#2615,#2620,.T.);
#2622=ORIENTED_EDGE('',*,*,#2621,.T.);
#2623=CARTESIAN_POINT('',(-24.248983171,-55.804079221,10.799990168));
#2624=VERTEX_POINT('',#2623);
#2625=CARTESIAN_POINT('',(-24.248983171,-55.804079221,10.799990168));
#2626=DIRECTION('',(1.,0.,-0.));
#2627=VECTOR('',#2626,48.497966342);
#2628=LINE('',#2625,#2627);
#2629=EDGE_CURVE('',#2624,#2615,#2628,.T.);
#2630=ORIENTED_EDGE('',*,*,#2629,.F.);
#2631=CARTESIAN_POINT('',(-25.390402536,-56.945498586,10.799990168));
#2632=VERTEX_POINT('',#2631);
#2633=CARTESIAN_POINT('',(-24.248983171,-56.945498586,10.799990168));
#2634=DIRECTION('',(-0.,-0.,1.));
#2635=DIRECTION('',(-1.,0.,0.));
#2636=AXIS2_PLACEMENT_3D('',#2633,#2634,#2635);
#2637=CIRCLE('',#2636,1.141419365);
#2638=EDGE_CURVE('',#2624,#2632,#2637,.T.);
#2639=ORIENTED_EDGE('',*,*,#2638,.T.);
#2640=CARTESIAN_POINT('',(-25.390402536,-60.183784505,10.799990168));
#2641=DIRECTION('',(0.,1.,0.));
#2642=VECTOR('',#2641,3.23828592);
#2643=LINE('',#2640,#2642);
#2644=EDGE_CURVE('',#1985,#2632,#2643,.T.);
#2645=ORIENTED_EDGE('',*,*,#2644,.F.);
#2646=ORIENTED_EDGE('',*,*,#2006,.T.);
#2647=EDGE_LOOP('',(#2604,#2605,#2613,#2622,#2630,#2639,#2645,#2646));
#2648=FACE_BOUND('',#2647,.T.);
#2649=ADVANCED_FACE('',(#2648),#2603,.F.);
#2650=CARTESIAN_POINT('',(13.823100237,-56.900966517,12.542701534));
#2651=DIRECTION('',(-1.,-0.,0.));
#2652=DIRECTION('',(0.,-1.,-0.));
#2653=AXIS2_PLACEMENT_3D('',#2650,#2651,#2652);
#2654=CONICAL_SURFACE('',#2653,1.300170107,41.211954686);
#2655=CARTESIAN_POINT('',(13.692384172,-55.804079221,11.649349819));
#2656=VERTEX_POINT('',#2655);
#2657=CARTESIAN_POINT('',(13.748687883,-55.804079221,13.355716473));
#2658=VERTEX_POINT('',#2657);
#2659=CARTESIAN_POINT('',(13.692384172,-55.804079221,11.649349819));
#2660=CARTESIAN_POINT('',(13.782903257,-55.804079221,11.774887262));
#2661=CARTESIAN_POINT('',(13.86714318,-55.804079221,11.906325914));
#2662=CARTESIAN_POINT('',(13.933386005,-55.804079221,12.047275621));
#2663=CARTESIAN_POINT('',(13.966507418,-55.804079221,12.117750474));
#2664=CARTESIAN_POINT('',(13.994675868,-55.804079221,12.190011265));
#2665=CARTESIAN_POINT('',(14.015657436,-55.804079221,12.264863501));
#2666=CARTESIAN_POINT('',(14.036639003,-55.804079221,12.339715737));
#2667=CARTESIAN_POINT('',(14.050164029,-55.804079221,12.417680604));
#2668=CARTESIAN_POINT('',(14.054009901,-55.804079221,12.494659922));
#2669=CARTESIAN_POINT('',(14.057855774,-55.804079221,12.571639239));
#2670=CARTESIAN_POINT('',(14.052371856,-55.804079221,12.648525029));
#2671=CARTESIAN_POINT('',(14.037971297,-55.804079221,12.725321434));
#2672=CARTESIAN_POINT('',(14.023570738,-55.804079221,12.802117838));
#2673=CARTESIAN_POINT('',(14.000661733,-55.804079221,12.876813032));
#2674=CARTESIAN_POINT('',(13.972178241,-55.804079221,12.948680995));
#2675=CARTESIAN_POINT('',(13.915211258,-55.804079221,13.092416922));
#2676=CARTESIAN_POINT('',(13.83548061,-55.804079221,13.228063208));
#2677=CARTESIAN_POINT('',(13.748687883,-55.804079221,13.355716473));
#2678=B_SPLINE_CURVE_WITH_KNOTS('',3,(#2659,#2660,#2661,#2662,#2663,#2664,#2665,#2666,#2667,#2668,#2669,#2670,#2671,#2672,#2673,#2674,#2675,#2676,#2677),.UNSPECIFIED.,.F.,.F.,(4,3,3,3,3,3,4),(0.003780697,0.004246437,0.004479308,0.004712178,0.004945049,0.005177919,0.00564366),.UNSPECIFIED.);
#2679=EDGE_CURVE('',#2656,#2658,#2678,.T.);
#2680=ORIENTED_EDGE('',*,*,#2679,.T.);
#2681=CARTESIAN_POINT('',(13.748687883,-55.804079221,13.355716473));
#2682=CARTESIAN_POINT('',(13.711131673,-55.733264975,13.31541376));
#2683=CARTESIAN_POINT('',(13.677388008,-55.667853391,13.266674832));
#2684=CARTESIAN_POINT('',(13.646994611,-55.608296183,13.209255321));
#2685=CARTESIAN_POINT('',(13.616601214,-55.548738976,13.15183581));
#2686=CARTESIAN_POINT('',(13.589222191,-55.494348346,13.084367344));
#2687=CARTESIAN_POINT('',(13.566703475,-55.449972502,13.011099495));
#2688=CARTESIAN_POINT('',(13.521666043,-55.361220814,12.864563795));
#2689=CARTESIAN_POINT('',(13.494252401,-55.309561804,12.68962308));
#2690=CARTESIAN_POINT('',(13.488431636,-55.308006575,12.511084124));
#2691=CARTESIAN_POINT('',(13.485521254,-55.307228961,12.421814646));
#2692=CARTESIAN_POINT('',(13.487978123,-55.318736592,12.33259313));
#2693=CARTESIAN_POINT('',(13.495651609,-55.341805734,12.247017115));
#2694=CARTESIAN_POINT('',(13.503325095,-55.364874876,12.161441101));
#2695=CARTESIAN_POINT('',(13.516358324,-55.399863906,12.078793094));
#2696=CARTESIAN_POINT('',(13.534015802,-55.444086021,12.003815246));
#2697=CARTESIAN_POINT('',(13.55167328,-55.488308136,11.928837398));
#2698=CARTESIAN_POINT('',(13.574390462,-55.542817594,11.859787144));
#2699=CARTESIAN_POINT('',(13.600871144,-55.603419848,11.800544972));
#2700=CARTESIAN_POINT('',(13.627351826,-55.664022102,11.7413028));
#2701=CARTESIAN_POINT('',(13.65809971,-55.731894997,11.690432231));
#2702=CARTESIAN_POINT('',(13.692384172,-55.804079221,11.649349819));
#2703=B_SPLINE_CURVE_WITH_KNOTS('',3,(#2681,#2682,#2683,#2684,#2685,#2686,#2687,#2688,#2689,#2690,#2691,#2692,#2693,#2694,#2695,#2696,#2697,#2698,#2699,#2700,#2701,#2702),.UNSPECIFIED.,.F.,.F.,(4,3,3,3,3,3,3,4),(0.,0.000264081,0.000528163,0.001056326,0.001320407,0.001584489,0.00184857,0.002112652),.UNSPECIFIED.);
#2704=EDGE_CURVE('',#2658,#2656,#2703,.T.);
#2705=ORIENTED_EDGE('',*,*,#2704,.T.);
#2706=EDGE_LOOP('',(#2680,#2705));
#2707=FACE_BOUND('',#2706,.T.);
#2708=ADVANCED_FACE('',(#2707),#2654,.F.);
#2709=CARTESIAN_POINT('',(80.,62.020459724,-0.361313781));
#2710=DIRECTION('',(0.,-0.766044443,0.64278761));
#2711=DIRECTION('',(-1.,-0.,0.));
#2712=AXIS2_PLACEMENT_3D('',#2709,#2710,#2711);
#2713=PLANE('',#2712);
#2714=ORIENTED_EDGE('',*,*,#2123,.T.);
#2715=CARTESIAN_POINT('',(44.653258219,62.329076037,0.006480819));
#2716=VERTEX_POINT('',#2715);
#2717=CARTESIAN_POINT('',(50.039207212,62.329076037,0.006480819));
#2718=DIRECTION('',(-1.,-0.,0.));
#2719=VECTOR('',#2718,5.385948993);
#2720=LINE('',#2717,#2719);
#2721=EDGE_CURVE('',#2110,#2716,#2720,.T.);
#2722=ORIENTED_EDGE('',*,*,#2721,.T.);
#2723=CARTESIAN_POINT('',(44.653258219,65.553143721,3.848775065));
#2724=VERTEX_POINT('',#2723);
#2725=CARTESIAN_POINT('',(44.653258219,62.329076037,0.006480819));
#2726=DIRECTION('',(0.,0.64278761,0.766044443));
#2727=VECTOR('',#2726,5.015758916);
#2728=LINE('',#2725,#2727);
#2729=EDGE_CURVE('',#2716,#2724,#2728,.T.);
#2730=ORIENTED_EDGE('',*,*,#2729,.T.);
#2731=CARTESIAN_POINT('',(44.653258219,65.553143721,3.848775065));
#2732=DIRECTION('',(1.,0.,-0.));
#2733=VECTOR('',#2732,5.385948993);
#2734=LINE('',#2731,#2733);
#2735=EDGE_CURVE('',#2724,#2118,#2734,.T.);
#2736=ORIENTED_EDGE('',*,*,#2735,.T.);
#2737=EDGE_LOOP('',(#2714,#2722,#2730,#2736));
#2738=FACE_BOUND('',#2737,.T.);
#2739=ADVANCED_FACE('',(#2738),#2713,.F.);
#2740=CARTESIAN_POINT('',(44.653258219,67.161588872,2.048601854));
#2741=DIRECTION('',(-1.,0.,0.));
#2742=DIRECTION('',(0.,0.,1.));
#2743=AXIS2_PLACEMENT_3D('',#2740,#2741,#2742);
#2744=PLANE('',#2743);
#2745=CARTESIAN_POINT('',(44.653258219,57.582427802,0.006480819));
#2746=VERTEX_POINT('',#2745);
#2747=CARTESIAN_POINT('',(44.653258219,57.582427802,0.006480819));
#2748=DIRECTION('',(0.,-0.,1.));
#2749=VECTOR('',#2748,15.493519181);
#2750=LINE('',#2747,#2749);
#2751=EDGE_CURVE('',#2746,#2514,#2750,.T.);
#2752=ORIENTED_EDGE('',*,*,#2751,.T.);
#2753=ORIENTED_EDGE('',*,*,#2519,.T.);
#2754=CARTESIAN_POINT('',(44.653258219,65.553143721,13.046067923));
#2755=VERTEX_POINT('',#2754);
#2756=CARTESIAN_POINT('',(44.653258219,63.099211645,13.046067923));
#2757=DIRECTION('',(1.,0.,-0.));
#2758=DIRECTION('',(-0.,0.,-1.));
#2759=AXIS2_PLACEMENT_3D('',#2756,#2757,#2758);
#2760=CIRCLE('',#2759,2.453932077);
#2761=EDGE_CURVE('',#2755,#2506,#2760,.T.);
#2762=ORIENTED_EDGE('',*,*,#2761,.F.);
#2763=CARTESIAN_POINT('',(44.653258219,65.553143721,11.486047908));
#2764=VERTEX_POINT('',#2763);
#2765=CARTESIAN_POINT('',(44.653258219,65.553143721,11.486047908));
#2766=DIRECTION('',(0.,-0.,1.));
#2767=VECTOR('',#2766,1.560020016);
#2768=LINE('',#2765,#2767);
#2769=EDGE_CURVE('',#2764,#2755,#2768,.T.);
#2770=ORIENTED_EDGE('',*,*,#2769,.F.);
#2771=CARTESIAN_POINT('',(44.653258219,64.720637215,10.653541402));
#2772=VERTEX_POINT('',#2771);
#2773=CARTESIAN_POINT('',(44.653258219,64.720637215,11.486047908));
#2774=DIRECTION('',(-1.,0.,0.));
#2775=DIRECTION('',(0.,0.,1.));
#2776=AXIS2_PLACEMENT_3D('',#2773,#2774,#2775);
#2777=CIRCLE('',#2776,0.832506506);
#2778=EDGE_CURVE('',#2764,#2772,#2777,.T.);
#2779=ORIENTED_EDGE('',*,*,#2778,.T.);
#2780=CARTESIAN_POINT('',(44.653258219,61.556629419,10.653541402));
#2781=VERTEX_POINT('',#2780);
#2782=CARTESIAN_POINT('',(44.653258219,61.556629419,10.653541402));
#2783=DIRECTION('',(-0.,1.,-0.));
#2784=VECTOR('',#2783,3.164007796);
#2785=LINE('',#2782,#2784);
#2786=EDGE_CURVE('',#2781,#2772,#2785,.T.);
#2787=ORIENTED_EDGE('',*,*,#2786,.F.);
#2788=CARTESIAN_POINT('',(44.653258219,59.953147767,9.050059749));
#2789=VERTEX_POINT('',#2788);
#2790=CARTESIAN_POINT('',(44.653258219,61.553143721,9.050059749));
#2791=DIRECTION('',(-1.,0.,0.));
#2792=DIRECTION('',(0.,0.,1.));
#2793=AXIS2_PLACEMENT_3D('',#2790,#2791,#2792);
#2794=CIRCLE('',#2793,1.6);
#2795=EDGE_CURVE('',#2789,#2781,#2794,.T.);
#2796=ORIENTED_EDGE('',*,*,#2795,.F.);
#2797=CARTESIAN_POINT('',(44.653258219,59.953147767,5.712072309));
#2798=VERTEX_POINT('',#2797);
#2799=CARTESIAN_POINT('',(44.653258219,59.953147767,5.712072309));
#2800=DIRECTION('',(0.,0.,1.));
#2801=VECTOR('',#2800,3.33798744);
#2802=LINE('',#2799,#2801);
#2803=EDGE_CURVE('',#2798,#2789,#2802,.T.);
#2804=ORIENTED_EDGE('',*,*,#2803,.F.);
#2805=CARTESIAN_POINT('',(44.653258219,60.012220312,5.548880027));
#2806=VERTEX_POINT('',#2805);
#2807=CARTESIAN_POINT('',(44.653258219,60.208099423,5.712072309));
#2808=DIRECTION('',(1.,-0.,-0.));
#2809=DIRECTION('',(0.,0.,1.));
#2810=AXIS2_PLACEMENT_3D('',#2807,#2808,#2809);
#2811=CIRCLE('',#2810,0.254951656);
#2812=EDGE_CURVE('',#2798,#2806,#2811,.T.);
#2813=ORIENTED_EDGE('',*,*,#2812,.T.);
#2814=CARTESIAN_POINT('',(44.653258219,60.012220312,4.144375105));
#2815=VERTEX_POINT('',#2814);
#2816=CARTESIAN_POINT('',(44.653258219,59.169309201,4.846627566));
#2817=DIRECTION('',(1.,0.,-0.));
#2818=DIRECTION('',(0.,0.,1.));
#2819=AXIS2_PLACEMENT_3D('',#2816,#2817,#2818);
#2820=CIRCLE('',#2819,1.097113331);
#2821=EDGE_CURVE('',#2815,#2806,#2820,.T.);
#2822=ORIENTED_EDGE('',*,*,#2821,.F.);
#2823=CARTESIAN_POINT('',(44.653258219,59.953147767,3.981182823));
#2824=VERTEX_POINT('',#2823);
#2825=CARTESIAN_POINT('',(44.653258219,60.208099423,3.981182823));
#2826=DIRECTION('',(1.,-0.,-0.));
#2827=DIRECTION('',(0.,0.,1.));
#2828=AXIS2_PLACEMENT_3D('',#2825,#2826,#2827);
#2829=CIRCLE('',#2828,0.254951656);
#2830=EDGE_CURVE('',#2815,#2824,#2829,.T.);
#2831=ORIENTED_EDGE('',*,*,#2830,.T.);
#2832=CARTESIAN_POINT('',(44.653258219,59.953147767,3.798868456));
#2833=VERTEX_POINT('',#2832);
#2834=CARTESIAN_POINT('',(44.653258219,59.953147767,3.798868456));
#2835=DIRECTION('',(0.,0.,1.));
#2836=VECTOR('',#2835,0.182314368);
#2837=LINE('',#2834,#2836);
#2838=EDGE_CURVE('',#2833,#2824,#2837,.T.);
#2839=ORIENTED_EDGE('',*,*,#2838,.F.);
#2840=CARTESIAN_POINT('',(44.653258219,61.553143721,2.198868456));
#2841=VERTEX_POINT('',#2840);
#2842=CARTESIAN_POINT('',(44.653258219,61.553143721,3.798868456));
#2843=DIRECTION('',(-1.,0.,0.));
#2844=DIRECTION('',(0.,0.,1.));
#2845=AXIS2_PLACEMENT_3D('',#2842,#2843,#2844);
#2846=CIRCLE('',#2845,1.6);
#2847=EDGE_CURVE('',#2841,#2833,#2846,.T.);
#2848=ORIENTED_EDGE('',*,*,#2847,.F.);
#2849=CARTESIAN_POINT('',(44.653258219,63.153143721,3.798868456));
#2850=VERTEX_POINT('',#2849);
#2851=CARTESIAN_POINT('',(44.653258219,61.553143721,3.798868456));
#2852=DIRECTION('',(-1.,0.,0.));
#2853=DIRECTION('',(0.,0.,1.));
#2854=AXIS2_PLACEMENT_3D('',#2851,#2852,#2853);
#2855=CIRCLE('',#2854,1.6);
#2856=EDGE_CURVE('',#2850,#2841,#2855,.T.);
#2857=ORIENTED_EDGE('',*,*,#2856,.F.);
#2858=CARTESIAN_POINT('',(44.653258219,63.153143721,4.012467267));
#2859=VERTEX_POINT('',#2858);
#2860=CARTESIAN_POINT('',(44.653258219,63.153143721,4.012467267));
#2861=DIRECTION('',(-0.,0.,-1.));
#2862=VECTOR('',#2861,0.213598811);
#2863=LINE('',#2860,#2862);
#2864=EDGE_CURVE('',#2859,#2850,#2863,.T.);
#2865=ORIENTED_EDGE('',*,*,#2864,.F.);
#2866=CARTESIAN_POINT('',(44.653258219,63.098839055,4.169760408));
#2867=VERTEX_POINT('',#2866);
#2868=CARTESIAN_POINT('',(44.653258219,62.898192065,4.012467267));
#2869=DIRECTION('',(1.,-0.,-0.));
#2870=DIRECTION('',(0.,0.,1.));
#2871=AXIS2_PLACEMENT_3D('',#2868,#2869,#2870);
#2872=CIRCLE('',#2871,0.254951656);
#2873=EDGE_CURVE('',#2859,#2867,#2872,.T.);
#2874=ORIENTED_EDGE('',*,*,#2873,.T.);
#2875=CARTESIAN_POINT('',(44.653258219,63.098839055,5.523494724));
#2876=VERTEX_POINT('',#2875);
#2877=CARTESIAN_POINT('',(44.653258219,63.962267402,4.846627566));
#2878=DIRECTION('',(1.,0.,-0.));
#2879=DIRECTION('',(0.,0.,1.));
#2880=AXIS2_PLACEMENT_3D('',#2877,#2878,#2879);
#2881=CIRCLE('',#2880,1.097113331);
#2882=EDGE_CURVE('',#2876,#2867,#2881,.T.);
#2883=ORIENTED_EDGE('',*,*,#2882,.F.);
#2884=CARTESIAN_POINT('',(44.653258219,63.153143721,5.680787866));
#2885=VERTEX_POINT('',#2884);
#2886=CARTESIAN_POINT('',(44.653258219,62.898192065,5.680787866));
#2887=DIRECTION('',(1.,-0.,-0.));
#2888=DIRECTION('',(0.,0.,1.));
#2889=AXIS2_PLACEMENT_3D('',#2886,#2887,#2888);
#2890=CIRCLE('',#2889,0.254951656);
#2891=EDGE_CURVE('',#2876,#2885,#2890,.T.);
#2892=ORIENTED_EDGE('',*,*,#2891,.T.);
#2893=CARTESIAN_POINT('',(44.653258219,63.153143721,7.09132097));
#2894=VERTEX_POINT('',#2893);
#2895=CARTESIAN_POINT('',(44.653258219,63.153143721,7.09132097));
#2896=DIRECTION('',(-0.,0.,-1.));
#2897=VECTOR('',#2896,1.410533104);
#2898=LINE('',#2895,#2897);
#2899=EDGE_CURVE('',#2894,#2885,#2898,.T.);
#2900=ORIENTED_EDGE('',*,*,#2899,.F.);
#2901=CARTESIAN_POINT('',(44.653258219,63.216420946,7.32475738));
#2902=VERTEX_POINT('',#2901);
#2903=CARTESIAN_POINT('',(44.653258219,63.615368198,7.09132097));
#2904=DIRECTION('',(-1.,0.,0.));
#2905=DIRECTION('',(0.,0.,1.));
#2906=AXIS2_PLACEMENT_3D('',#2903,#2904,#2905);
#2907=CIRCLE('',#2906,0.462224477);
#2908=EDGE_CURVE('',#2894,#2902,#2907,.T.);
#2909=ORIENTED_EDGE('',*,*,#2908,.T.);
#2910=CARTESIAN_POINT('',(44.653258219,64.703974748,7.354536465));
#2911=VERTEX_POINT('',#2910);
#2912=CARTESIAN_POINT('',(44.653258219,63.216420946,7.32475738));
#2913=DIRECTION('',(0.,0.999799683,0.020014819));
#2914=VECTOR('',#2913,1.487851843);
#2915=LINE('',#2912,#2914);
#2916=EDGE_CURVE('',#2902,#2911,#2915,.T.);
#2917=ORIENTED_EDGE('',*,*,#2916,.T.);
#2918=CARTESIAN_POINT('',(44.653258219,64.720637215,7.35470323));
#2919=VERTEX_POINT('',#2918);
#2920=CARTESIAN_POINT('',(44.653258219,64.720637215,6.522196724));
#2921=DIRECTION('',(-1.,0.,0.));
#2922=DIRECTION('',(0.,0.,1.));
#2923=AXIS2_PLACEMENT_3D('',#2920,#2921,#2922);
#2924=CIRCLE('',#2923,0.832506506);
#2925=EDGE_CURVE('',#2911,#2919,#2924,.T.);
#2926=ORIENTED_EDGE('',*,*,#2925,.T.);
#2927=CARTESIAN_POINT('',(44.653258219,65.553143721,6.522196724));
#2928=VERTEX_POINT('',#2927);
#2929=CARTESIAN_POINT('',(44.653258219,64.720637215,6.522196724));
#2930=DIRECTION('',(-1.,0.,0.));
#2931=DIRECTION('',(0.,0.,1.));
#2932=AXIS2_PLACEMENT_3D('',#2929,#2930,#2931);
#2933=CIRCLE('',#2932,0.832506506);
#2934=EDGE_CURVE('',#2919,#2928,#2933,.T.);
#2935=ORIENTED_EDGE('',*,*,#2934,.T.);
#2936=CARTESIAN_POINT('',(44.653258219,65.553143721,3.848775065));
#2937=DIRECTION('',(0.,-0.,1.));
#2938=VECTOR('',#2937,2.673421658);
#2939=LINE('',#2936,#2938);
#2940=EDGE_CURVE('',#2724,#2928,#2939,.T.);
#2941=ORIENTED_EDGE('',*,*,#2940,.F.);
#2942=ORIENTED_EDGE('',*,*,#2729,.F.);
#2943=CARTESIAN_POINT('',(44.653258219,62.329076037,0.006480819));
#2944=DIRECTION('',(-0.,-1.,-0.));
#2945=VECTOR('',#2944,4.746648235);
#2946=LINE('',#2943,#2945);
#2947=EDGE_CURVE('',#2716,#2746,#2946,.T.);
#2948=ORIENTED_EDGE('',*,*,#2947,.T.);
#2949=EDGE_LOOP('',(#2752,#2753,#2762,#2770,#2779,#2787,#2796,#2804,#2813,#2822,#2831,#2839,#2848,#2857,#2865,#2874,#2883,#2892,#2900,#2909,#2917,#2926,#2935,#2941,#2942,#2948));
#2950=FACE_BOUND('',#2949,.T.);
#2951=ADVANCED_FACE('',(#2950),#2744,.T.);
#2952=CARTESIAN_POINT('',(44.523974139,57.582427802,4.807155305));
#2953=DIRECTION('',(-0.,0.,-1.));
#2954=DIRECTION('',(0.,1.,0.));
#2955=AXIS2_PLACEMENT_3D('',#2952,#2953,#2954);
#2956=CYLINDRICAL_SURFACE('',#2955,0.12928408);
#2957=CARTESIAN_POINT('',(44.523974139,57.453143721,0.006480819));
#2958=VERTEX_POINT('',#2957);
#2959=CARTESIAN_POINT('',(44.523974139,57.453143721,15.5));
#2960=DIRECTION('',(-0.,0.,-1.));
#2961=VECTOR('',#2960,15.493519181);
#2962=LINE('',#2959,#2961);
#2963=EDGE_CURVE('',#2522,#2958,#2962,.T.);
#2964=ORIENTED_EDGE('',*,*,#2963,.F.);
#2965=ORIENTED_EDGE('',*,*,#2528,.F.);
#2966=ORIENTED_EDGE('',*,*,#2751,.F.);
#2967=CARTESIAN_POINT('',(44.523974139,57.582427802,0.006480819));
#2968=DIRECTION('',(-0.,0.,-1.));
#2969=DIRECTION('',(-1.,0.,0.));
#2970=AXIS2_PLACEMENT_3D('',#2967,#2968,#2969);
#2971=CIRCLE('',#2970,0.12928408);
#2972=EDGE_CURVE('',#2746,#2958,#2971,.T.);
#2973=ORIENTED_EDGE('',*,*,#2972,.T.);
#2974=EDGE_LOOP('',(#2964,#2965,#2966,#2973));
#2975=FACE_BOUND('',#2974,.T.);
#2976=ADVANCED_FACE('',(#2975),#2956,.F.);
#2977=CARTESIAN_POINT('',(33.093723165,-54.267605637,20.524538358));
#2978=DIRECTION('',(0.,-0.707106781,0.707106781));
#2979=DIRECTION('',(1.,-0.,-0.));
#2980=AXIS2_PLACEMENT_3D('',#2977,#2978,#2979);
#2981=CYLINDRICAL_SURFACE('',#2980,2.);
#2982=CARTESIAN_POINT('',(33.093723165,-49.958097528,13.386603124));
#2983=VERTEX_POINT('',#2982);
#2984=CARTESIAN_POINT('',(33.093723165,-51.915812088,15.344317684));
#2985=VERTEX_POINT('',#2984);
#2986=CARTESIAN_POINT('',(33.093723165,-49.958097528,13.386603124));
#2987=DIRECTION('',(0.,-0.707106781,0.707106781));
#2988=VECTOR('',#2987,2.768626482);
#2989=LINE('',#2986,#2988);
#2990=EDGE_CURVE('',#2983,#2985,#2989,.T.);
#2991=ORIENTED_EDGE('',*,*,#2990,.T.);
#2992=CARTESIAN_POINT('',(35.093723165,-48.711534605,14.968467326));
#2993=VERTEX_POINT('',#2992);
#2994=CARTESIAN_POINT('',(33.093723165,-51.915812088,15.344317684));
#2995=CARTESIAN_POINT('',(33.351730209,-51.915935056,15.344440652));
#2996=CARTESIAN_POINT('',(33.613715264,-51.834732895,15.334802477));
#2997=CARTESIAN_POINT('',(33.85909003,-51.671900988,15.315707779));
#2998=CARTESIAN_POINT('',(33.920433721,-51.631193011,15.310934105));
#2999=CARTESIAN_POINT('',(33.974250997,-51.590334791,15.306099226));
#3000=CARTESIAN_POINT('',(34.030800952,-51.542244105,15.300423048));
#3001=CARTESIAN_POINT('',(34.087350906,-51.49415342,15.294746871));
#3002=CARTESIAN_POINT('',(34.143098527,-51.441175715,15.28850472));
#3003=CARTESIAN_POINT('',(34.197674549,-51.383293839,15.281713749));
#3004=CARTESIAN_POINT('',(34.306826594,-51.267530089,15.268131806));
#3005=CARTESIAN_POINT('',(34.411306649,-51.13211354,15.252390694));
#3006=CARTESIAN_POINT('',(34.507936727,-50.977300942,15.234233663));
#3007=CARTESIAN_POINT('',(34.520015487,-50.957949367,15.231964034));
#3008=CARTESIAN_POINT('',(34.528757092,-50.943568786,15.230272449));
#3009=CARTESIAN_POINT('',(34.539093421,-50.926244468,15.228232268));
#3010=CARTESIAN_POINT('',(34.54942975,-50.90892015,15.226192086));
#3011=CARTESIAN_POINT('',(34.559714382,-50.891289851,15.224112675));
#3012=CARTESIAN_POINT('',(34.56993972,-50.873352265,15.221995342));
#3013=CARTESIAN_POINT('',(34.590390395,-50.837477093,15.217760675));
#3014=CARTESIAN_POINT('',(34.610604098,-50.800372596,15.213374493));
#3015=CARTESIAN_POINT('',(34.630517517,-50.762030295,15.208845275));
#3016=CARTESIAN_POINT('',(34.670344355,-50.685345695,15.199786838));
#3017=CARTESIAN_POINT('',(34.708973127,-50.603706567,15.19015957));
#3018=CARTESIAN_POINT('',(34.745858747,-50.517081246,15.179995135));
#3019=CARTESIAN_POINT('',(34.819629987,-50.343830606,15.159666265));
#3020=CARTESIAN_POINT('',(34.886463471,-50.150564598,15.137259326));
#3021=CARTESIAN_POINT('',(34.94148223,-49.937758511,15.112299031));
#3022=CARTESIAN_POINT('',(34.943201566,-49.93110832,15.111519022));
#3023=CARTESIAN_POINT('',(34.943582831,-49.929609079,15.111342321));
#3024=CARTESIAN_POINT('',(34.94463718,-49.92548085,15.110856472));
#3025=CARTESIAN_POINT('',(34.945691529,-49.921352622,15.110370622));
#3026=CARTESIAN_POINT('',(34.946748492,-49.9171887,15.109879794));
#3027=CARTESIAN_POINT('',(34.947807814,-49.91298903,15.109384043));
#3028=CARTESIAN_POINT('',(34.949926458,-49.90458969,15.108392542));
#3029=CARTESIAN_POINT('',(34.952054543,-49.896047356,15.107381347));
#3030=CARTESIAN_POINT('',(34.954189967,-49.887361599,15.106350892));
#3031=CARTESIAN_POINT('',(34.958460815,-49.869990083,15.104289981));
#3032=CARTESIAN_POINT('',(34.962761093,-49.852044857,15.102152037));
#3033=CARTESIAN_POINT('',(34.967073135,-49.833522584,15.099940398));
#3034=CARTESIAN_POINT('',(34.975697217,-49.79647804,15.095517118));
#3035=CARTESIAN_POINT('',(34.984369529,-49.757125013,15.090799349));
#3036=CARTESIAN_POINT('',(34.992934699,-49.715439632,15.085810964));
#3037=CARTESIAN_POINT('',(35.010065039,-49.63206887,15.075834193));
#3038=CARTESIAN_POINT('',(35.026785771,-49.539359919,15.064783727));
#3039=CARTESIAN_POINT('',(35.041626848,-49.437199748,15.052772598));
#3040=CARTESIAN_POINT('',(35.071309002,-49.232879405,15.028750339));
#3041=CARTESIAN_POINT('',(35.093723165,-48.990455813,15.001183792));
#3042=CARTESIAN_POINT('',(35.093723165,-48.711534605,14.968467326));
#3043=B_SPLINE_CURVE_WITH_KNOTS('',3,(#2994,#2995,#2996,#2997,#2998,#2999,#3000,#3001,#3002,#3003,#3004,#3005,#3006,#3007,#3008,#3009,#3010,#3011,#3012,#3013,#3014,#3015,#3016,#3017,#3018,#3019,
#3020,#3021,#3022,#3023,#3024,#3025,#3026,#3027,#3028,#3029,#3030,#3031,#3032,#3033,#3034,#3035,#3036,#3037,#3038,#3039,#3040,#3041,#3042),.UNSPECIFIED.,.F.,.F.,(4,3,3,3,3,3,3,3,3,3,3,3,3,3,3,3,4),(0.,0.25,0.3125,0.375,0.5,0.515625,0.53125,0.5625,0.625,0.75,0.75390625,0.7578125,0.765625,0.78125,0.8125,0.875,1.),.UNSPECIFIED.);
#3044=EDGE_CURVE('',#2985,#2993,#3043,.T.);
#3045=ORIENTED_EDGE('',*,*,#3044,.T.);
#3046=CARTESIAN_POINT('',(35.093723165,-48.543883965,14.800816686));
#3047=VERTEX_POINT('',#3046);
#3048=CARTESIAN_POINT('',(35.093723165,-48.711534605,14.968467326));
#3049=DIRECTION('',(-0.,0.707106781,-0.707106781));
#3050=VECTOR('',#3049,0.237093809);
#3051=LINE('',#3048,#3050);
#3052=EDGE_CURVE('',#2993,#3047,#3051,.T.);
#3053=ORIENTED_EDGE('',*,*,#3052,.T.);
#3054=CARTESIAN_POINT('',(33.093723165,-48.543883965,14.800816686));
#3055=DIRECTION('',(0.,-0.707106781,0.707106781));
#3056=DIRECTION('',(0.,-0.707106781,-0.707106781));
#3057=AXIS2_PLACEMENT_3D('',#3054,#3055,#3056);
#3058=CIRCLE('',#3057,2.);
#3059=EDGE_CURVE('',#2983,#3047,#3058,.T.);
#3060=ORIENTED_EDGE('',*,*,#3059,.F.);
#3061=EDGE_LOOP('',(#2991,#3045,#3053,#3060));
#3062=FACE_BOUND('',#3061,.T.);
#3063=ADVANCED_FACE('',(#3062),#2981,.F.);
#3064=CARTESIAN_POINT('',(35.093723165,-47.13517052,22.820441533));
#3065=DIRECTION('',(1.,0.,-0.));
#3066=DIRECTION('',(-0.,0.,-1.));
#3067=AXIS2_PLACEMENT_3D('',#3064,#3065,#3066);
#3068=PLANE('',#3067);
#3069=ORIENTED_EDGE('',*,*,#3052,.F.);
#3070=CARTESIAN_POINT('',(35.093723165,-48.543883965,14.968467326));
#3071=VERTEX_POINT('',#3070);
#3072=CARTESIAN_POINT('',(35.093723165,-48.711534605,14.968467326));
#3073=DIRECTION('',(0.,1.,0.));
#3074=VECTOR('',#3073,0.16765064);
#3075=LINE('',#3072,#3074);
#3076=EDGE_CURVE('',#2993,#3071,#3075,.T.);
#3077=ORIENTED_EDGE('',*,*,#3076,.T.);
#3078=CARTESIAN_POINT('',(35.093723165,-48.543883965,14.800816686));
#3079=DIRECTION('',(0.,-0.,1.));
#3080=VECTOR('',#3079,0.16765064);
#3081=LINE('',#3078,#3080);
#3082=EDGE_CURVE('',#3047,#3071,#3081,.T.);
#3083=ORIENTED_EDGE('',*,*,#3082,.F.);
#3084=EDGE_LOOP('',(#3069,#3077,#3083));
#3085=FACE_BOUND('',#3084,.T.);
#3086=ADVANCED_FACE('',(#3085),#3068,.F.);
#3087=CARTESIAN_POINT('',(36.093723165,-48.543883965,22.820441533));
#3088=DIRECTION('',(0.,0.,1.));
#3089=DIRECTION('',(1.,0.,-0.));
#3090=AXIS2_PLACEMENT_3D('',#3087,#3088,#3089);
#3091=CYLINDRICAL_SURFACE('',#3090,1.);
#3092=ORIENTED_EDGE('',*,*,#3082,.T.);
#3093=CARTESIAN_POINT('',(36.093723165,-47.543883965,14.968467326));
#3094=VERTEX_POINT('',#3093);
#3095=CARTESIAN_POINT('',(36.093723165,-48.543883965,14.968467326));
#3096=DIRECTION('',(0.,0.,-1.));
#3097=DIRECTION('',(-1.,0.,0.));
#3098=AXIS2_PLACEMENT_3D('',#3095,#3096,#3097);
#3099=CIRCLE('',#3098,1.);
#3100=EDGE_CURVE('',#3071,#3094,#3099,.T.);
#3101=ORIENTED_EDGE('',*,*,#3100,.T.);
#3102=CARTESIAN_POINT('',(36.093723165,-47.543883965,11.800816686));
#3103=VERTEX_POINT('',#3102);
#3104=CARTESIAN_POINT('',(36.093723165,-47.543883965,14.968467326));
#3105=DIRECTION('',(-0.,-0.,-1.));
#3106=VECTOR('',#3105,3.16765064);
#3107=LINE('',#3104,#3106);
#3108=EDGE_CURVE('',#3094,#3103,#3107,.T.);
#3109=ORIENTED_EDGE('',*,*,#3108,.T.);
#3110=CARTESIAN_POINT('',(36.093723165,-48.543883965,14.800816686));
#3111=DIRECTION('',(-0.,-0.948683298,-0.316227766));
#3112=DIRECTION('',(0.,-0.316227766,0.948683298));
#3113=AXIS2_PLACEMENT_3D('',#3110,#3111,#3112);
#3114=ELLIPSE('',#3113,3.16227766,1.);
#3115=EDGE_CURVE('',#3047,#3103,#3114,.T.);
#3116=ORIENTED_EDGE('',*,*,#3115,.F.);
#3117=EDGE_LOOP('',(#3092,#3101,#3109,#3116));
#3118=FACE_BOUND('',#3117,.T.);
#3119=ADVANCED_FACE('',(#3118),#3091,.T.);
#3120=CARTESIAN_POINT('',(44.053258219,-46.543883965,22.820441533));
#3121=DIRECTION('',(0.,0.,1.));
#3122=DIRECTION('',(1.,0.,-0.));
#3123=AXIS2_PLACEMENT_3D('',#3120,#3121,#3122);
#3124=CYLINDRICAL_SURFACE('',#3123,1.);
#3125=CARTESIAN_POINT('',(44.053258219,-47.543883965,14.968467326));
#3126=VERTEX_POINT('',#3125);
#3127=CARTESIAN_POINT('',(44.053258219,-47.543883965,3.902470465));
#3128=DIRECTION('',(0.,0.,1.));
#3129=VECTOR('',#3128,11.065996861);
#3130=LINE('',#3127,#3129);
#3131=EDGE_CURVE('',#1689,#3126,#3130,.T.);
#3132=ORIENTED_EDGE('',*,*,#3131,.T.);
#3133=CARTESIAN_POINT('',(45.053258219,-46.543883965,14.968467326));
#3134=VERTEX_POINT('',#3133);
#3135=CARTESIAN_POINT('',(44.053258219,-46.543883965,14.968467326));
#3136=DIRECTION('',(-0.,-0.,1.));
#3137=DIRECTION('',(-1.,0.,0.));
#3138=AXIS2_PLACEMENT_3D('',#3135,#3136,#3137);
#3139=CIRCLE('',#3138,1.);
#3140=EDGE_CURVE('',#3126,#3134,#3139,.T.);
#3141=ORIENTED_EDGE('',*,*,#3140,.T.);
#3142=CARTESIAN_POINT('',(45.053258219,-46.543883965,14.968467326));
#3143=DIRECTION('',(-0.,-0.,-1.));
#3144=VECTOR('',#3143,11.065996861);
#3145=LINE('',#3142,#3144);
#3146=EDGE_CURVE('',#3134,#1697,#3145,.T.);
#3147=ORIENTED_EDGE('',*,*,#3146,.T.);
#3148=ORIENTED_EDGE('',*,*,#1703,.F.);
#3149=EDGE_LOOP('',(#3132,#3141,#3147,#3148));
#3150=FACE_BOUND('',#3149,.T.);
#3151=ADVANCED_FACE('',(#3150),#3124,.F.);
#3152=CARTESIAN_POINT('',(5.299207212,63.099211645,13.046067923));
#3153=DIRECTION('',(1.,0.,-0.));
#3154=DIRECTION('',(0.,0.,1.));
#3155=AXIS2_PLACEMENT_3D('',#3152,#3153,#3154);
#3156=CYLINDRICAL_SURFACE('',#3155,2.453932077);
#3157=ORIENTED_EDGE('',*,*,#2761,.T.);
#3158=ORIENTED_EDGE('',*,*,#2511,.T.);
#3159=ORIENTED_EDGE('',*,*,#2140,.T.);
#3160=CARTESIAN_POINT('',(50.039207212,65.553143721,13.046067923));
#3161=DIRECTION('',(-1.,-0.,0.));
#3162=VECTOR('',#3161,5.385948993);
#3163=LINE('',#3160,#3162);
#3164=EDGE_CURVE('',#2126,#2755,#3163,.T.);
#3165=ORIENTED_EDGE('',*,*,#3164,.T.);
#3166=EDGE_LOOP('',(#3157,#3158,#3159,#3165));
#3167=FACE_BOUND('',#3166,.T.);
#3168=ADVANCED_FACE('',(#3167),#3156,.T.);
#3169=CARTESIAN_POINT('',(5.299207212,65.553143721,18.006480819));
#3170=DIRECTION('',(0.,1.,0.));
#3171=DIRECTION('',(-1.,-0.,0.));
#3172=AXIS2_PLACEMENT_3D('',#3169,#3170,#3171);
#3173=PLANE('',#3172);
#3174=ORIENTED_EDGE('',*,*,#2769,.T.);
#3175=ORIENTED_EDGE('',*,*,#3164,.F.);
#3176=ORIENTED_EDGE('',*,*,#2131,.T.);
#3177=ORIENTED_EDGE('',*,*,#2735,.F.);
#3178=ORIENTED_EDGE('',*,*,#2940,.T.);
#3179=CARTESIAN_POINT('',(46.598379775,65.553143721,6.522196724));
#3180=VERTEX_POINT('',#3179);
#3181=CARTESIAN_POINT('',(44.653258219,65.553143721,6.522196724));
#3182=DIRECTION('',(1.,-0.,-0.));
#3183=VECTOR('',#3182,1.945121556);
#3184=LINE('',#3181,#3183);
#3185=EDGE_CURVE('',#2928,#3180,#3184,.T.);
#3186=ORIENTED_EDGE('',*,*,#3185,.T.);
#3187=CARTESIAN_POINT('',(46.598379775,65.553143721,11.486047908));
#3188=VERTEX_POINT('',#3187);
#3189=CARTESIAN_POINT('',(46.598379775,65.553143721,6.522196724));
#3190=DIRECTION('',(0.,-0.,1.));
#3191=VECTOR('',#3190,4.963851184);
#3192=LINE('',#3189,#3191);
#3193=EDGE_CURVE('',#3180,#3188,#3192,.T.);
#3194=ORIENTED_EDGE('',*,*,#3193,.T.);
#3195=CARTESIAN_POINT('',(46.598379775,65.553143721,11.486047908));
#3196=DIRECTION('',(-1.,-0.,0.));
#3197=VECTOR('',#3196,1.945121556);
#3198=LINE('',#3195,#3197);
#3199=EDGE_CURVE('',#3188,#2764,#3198,.T.);
#3200=ORIENTED_EDGE('',*,*,#3199,.T.);
#3201=EDGE_LOOP('',(#3174,#3175,#3176,#3177,#3178,#3186,#3194,#3200));
#3202=FACE_BOUND('',#3201,.T.);
#3203=ADVANCED_FACE('',(#3202),#3173,.T.);
#3204=CARTESIAN_POINT('',(44.653258219,64.720637215,6.522196724));
#3205=DIRECTION('',(-1.,0.,0.));
#3206=DIRECTION('',(0.,0.,1.));
#3207=AXIS2_PLACEMENT_3D('',#3204,#3205,#3206);
#3208=CYLINDRICAL_SURFACE('',#3207,0.832506506);
#3209=CARTESIAN_POINT('',(46.598379775,64.720637215,7.35470323));
#3210=VERTEX_POINT('',#3209);
#3211=CARTESIAN_POINT('',(44.653258219,64.720637215,7.35470323));
#3212=DIRECTION('',(1.,-0.,-0.));
#3213=VECTOR('',#3212,1.945121556);
#3214=LINE('',#3211,#3213);
#3215=EDGE_CURVE('',#2919,#3210,#3214,.T.);
#3216=ORIENTED_EDGE('',*,*,#3215,.T.);
#3217=CARTESIAN_POINT('',(46.598379775,64.720637215,6.522196724));
#3218=DIRECTION('',(1.,0.,-0.));
#3219=DIRECTION('',(-0.,0.,-1.));
#3220=AXIS2_PLACEMENT_3D('',#3217,#3218,#3219);
#3221=CIRCLE('',#3220,0.832506506);
#3222=EDGE_CURVE('',#3180,#3210,#3221,.T.);
#3223=ORIENTED_EDGE('',*,*,#3222,.F.);
#3224=ORIENTED_EDGE('',*,*,#3185,.F.);
#3225=ORIENTED_EDGE('',*,*,#2934,.F.);
#3226=EDGE_LOOP('',(#3216,#3223,#3224,#3225));
#3227=FACE_BOUND('',#3226,.T.);
#3228=ADVANCED_FACE('',(#3227),#3208,.T.);
#3229=CARTESIAN_POINT('',(44.653258219,65.663250663,7.373740046));
#3230=DIRECTION('',(0.,-0.020014819,0.999799683));
#3231=DIRECTION('',(-0.,-0.999799683,-0.020014819));
#3232=AXIS2_PLACEMENT_3D('',#3229,#3230,#3231);
#3233=PLANE('',#3232);
#3234=ORIENTED_EDGE('',*,*,#2916,.F.);
#3235=CARTESIAN_POINT('',(46.598379775,63.216420946,7.32475738));
#3236=VERTEX_POINT('',#3235);
#3237=CARTESIAN_POINT('',(44.653258219,63.216420946,7.32475738));
#3238=DIRECTION('',(1.,-0.,-0.));
#3239=VECTOR('',#3238,1.945121556);
#3240=LINE('',#3237,#3239);
#3241=EDGE_CURVE('',#2902,#3236,#3240,.T.);
#3242=ORIENTED_EDGE('',*,*,#3241,.T.);
#3243=CARTESIAN_POINT('',(46.598379775,64.703974748,7.354536465));
#3244=VERTEX_POINT('',#3243);
#3245=CARTESIAN_POINT('',(46.598379775,63.216420946,7.32475738));
#3246=DIRECTION('',(0.,0.999799683,0.020014819));
#3247=VECTOR('',#3246,1.487851843);
#3248=LINE('',#3245,#3247);
#3249=EDGE_CURVE('',#3236,#3244,#3248,.T.);
#3250=ORIENTED_EDGE('',*,*,#3249,.T.);
#3251=CARTESIAN_POINT('',(46.598379775,64.703974748,7.354536465));
#3252=DIRECTION('',(-1.,0.,0.));
#3253=VECTOR('',#3252,1.945121556);
#3254=LINE('',#3251,#3253);
#3255=EDGE_CURVE('',#3244,#2911,#3254,.T.);
#3256=ORIENTED_EDGE('',*,*,#3255,.T.);
#3257=EDGE_LOOP('',(#3234,#3242,#3250,#3256));
#3258=FACE_BOUND('',#3257,.T.);
#3259=ADVANCED_FACE('',(#3258),#3233,.T.);
#3260=CARTESIAN_POINT('',(47.553258219,63.615368198,7.09132097));
#3261=DIRECTION('',(-1.,0.,0.));
#3262=DIRECTION('',(0.,0.,1.));
#3263=AXIS2_PLACEMENT_3D('',#3260,#3261,#3262);
#3264=CYLINDRICAL_SURFACE('',#3263,0.462224477);
#3265=ORIENTED_EDGE('',*,*,#3241,.F.);
#3266=ORIENTED_EDGE('',*,*,#2908,.F.);
#3267=CARTESIAN_POINT('',(46.598379775,63.153143721,7.09132097));
#3268=VERTEX_POINT('',#3267);
#3269=CARTESIAN_POINT('',(46.598379775,63.153143721,7.09132097));
#3270=DIRECTION('',(-1.,0.,0.));
#3271=VECTOR('',#3270,1.945121556);
#3272=LINE('',#3269,#3271);
#3273=EDGE_CURVE('',#3268,#2894,#3272,.T.);
#3274=ORIENTED_EDGE('',*,*,#3273,.F.);
#3275=CARTESIAN_POINT('',(46.598379775,63.615368198,7.09132097));
#3276=DIRECTION('',(1.,-0.,-0.));
#3277=DIRECTION('',(0.,0.,1.));
#3278=AXIS2_PLACEMENT_3D('',#3275,#3276,#3277);
#3279=CIRCLE('',#3278,0.462224477);
#3280=EDGE_CURVE('',#3236,#3268,#3279,.T.);
#3281=ORIENTED_EDGE('',*,*,#3280,.F.);
#3282=EDGE_LOOP('',(#3265,#3266,#3274,#3281));
#3283=FACE_BOUND('',#3282,.T.);
#3284=ADVANCED_FACE('',(#3283),#3264,.T.);
#3285=CARTESIAN_POINT('',(47.553258219,63.153143721,6.424464102));
#3286=DIRECTION('',(0.,1.,0.));
#3287=DIRECTION('',(0.,0.,1.));
#3288=AXIS2_PLACEMENT_3D('',#3285,#3286,#3287);
#3289=PLANE('',#3288);
#3290=CARTESIAN_POINT('',(46.598379775,63.153143721,5.680787866));
#3291=VERTEX_POINT('',#3290);
#3292=CARTESIAN_POINT('',(46.598379775,63.153143721,7.09132097));
#3293=DIRECTION('',(-0.,0.,-1.));
#3294=VECTOR('',#3293,1.410533104);
#3295=LINE('',#3292,#3294);
#3296=EDGE_CURVE('',#3268,#3291,#3295,.T.);
#3297=ORIENTED_EDGE('',*,*,#3296,.F.);
#3298=ORIENTED_EDGE('',*,*,#3273,.T.);
#3299=ORIENTED_EDGE('',*,*,#2899,.T.);
#3300=CARTESIAN_POINT('',(44.653258219,63.153143721,5.680787866));
#3301=DIRECTION('',(1.,0.,-0.));
#3302=VECTOR('',#3301,1.945121556);
#3303=LINE('',#3300,#3302);
#3304=EDGE_CURVE('',#2885,#3291,#3303,.T.);
#3305=ORIENTED_EDGE('',*,*,#3304,.T.);
#3306=EDGE_LOOP('',(#3297,#3298,#3299,#3305));
#3307=FACE_BOUND('',#3306,.T.);
#3308=ADVANCED_FACE('',(#3307),#3289,.F.);
#3309=CARTESIAN_POINT('',(44.653258219,62.898192065,5.680787866));
#3310=DIRECTION('',(1.,0.,-0.));
#3311=DIRECTION('',(-0.,0.,-1.));
#3312=AXIS2_PLACEMENT_3D('',#3309,#3310,#3311);
#3313=CYLINDRICAL_SURFACE('',#3312,0.254951656);
#3314=CARTESIAN_POINT('',(46.598379775,63.098839055,5.523494724));
#3315=VERTEX_POINT('',#3314);
#3316=CARTESIAN_POINT('',(46.598379775,62.898192065,5.680787866));
#3317=DIRECTION('',(-1.,0.,0.));
#3318=DIRECTION('',(0.,0.,1.));
#3319=AXIS2_PLACEMENT_3D('',#3316,#3317,#3318);
#3320=CIRCLE('',#3319,0.254951656);
#3321=EDGE_CURVE('',#3291,#3315,#3320,.T.);
#3322=ORIENTED_EDGE('',*,*,#3321,.F.);
#3323=ORIENTED_EDGE('',*,*,#3304,.F.);
#3324=ORIENTED_EDGE('',*,*,#2891,.F.);
#3325=CARTESIAN_POINT('',(46.598379775,63.098839055,5.523494724));
#3326=DIRECTION('',(-1.,-0.,0.));
#3327=VECTOR('',#3326,1.945121556);
#3328=LINE('',#3325,#3327);
#3329=EDGE_CURVE('',#3315,#2876,#3328,.T.);
#3330=ORIENTED_EDGE('',*,*,#3329,.F.);
#3331=EDGE_LOOP('',(#3322,#3323,#3324,#3330));
#3332=FACE_BOUND('',#3331,.T.);
#3333=ADVANCED_FACE('',(#3332),#3313,.F.);
#3334=CARTESIAN_POINT('',(44.653258219,63.962267402,4.846627566));
#3335=DIRECTION('',(1.,0.,-0.));
#3336=DIRECTION('',(-0.,0.,-1.));
#3337=AXIS2_PLACEMENT_3D('',#3334,#3335,#3336);
#3338=CYLINDRICAL_SURFACE('',#3337,1.097113331);
#3339=ORIENTED_EDGE('',*,*,#2882,.T.);
#3340=CARTESIAN_POINT('',(46.598379775,63.098839055,4.169760408));
#3341=VERTEX_POINT('',#3340);
#3342=CARTESIAN_POINT('',(44.653258219,63.098839055,4.169760408));
#3343=DIRECTION('',(1.,0.,-0.));
#3344=VECTOR('',#3343,1.945121556);
#3345=LINE('',#3342,#3344);
#3346=EDGE_CURVE('',#2867,#3341,#3345,.T.);
#3347=ORIENTED_EDGE('',*,*,#3346,.T.);
#3348=CARTESIAN_POINT('',(46.598379775,63.962267402,4.846627566));
#3349=DIRECTION('',(1.,-0.,-0.));
#3350=DIRECTION('',(0.,0.,1.));
#3351=AXIS2_PLACEMENT_3D('',#3348,#3349,#3350);
#3352=CIRCLE('',#3351,1.097113331);
#3353=EDGE_CURVE('',#3315,#3341,#3352,.T.);
#3354=ORIENTED_EDGE('',*,*,#3353,.F.);
#3355=ORIENTED_EDGE('',*,*,#3329,.T.);
#3356=EDGE_LOOP('',(#3339,#3347,#3354,#3355));
#3357=FACE_BOUND('',#3356,.T.);
#3358=ADVANCED_FACE('',(#3357),#3338,.T.);
#3359=CARTESIAN_POINT('',(44.653258219,62.898192065,4.012467267));
#3360=DIRECTION('',(1.,0.,-0.));
#3361=DIRECTION('',(-0.,0.,-1.));
#3362=AXIS2_PLACEMENT_3D('',#3359,#3360,#3361);
#3363=CYLINDRICAL_SURFACE('',#3362,0.254951656);
#3364=ORIENTED_EDGE('',*,*,#2873,.F.);
#3365=CARTESIAN_POINT('',(46.598379775,63.153143721,4.012467267));
#3366=VERTEX_POINT('',#3365);
#3367=CARTESIAN_POINT('',(46.598379775,63.153143721,4.012467267));
#3368=DIRECTION('',(-1.,-0.,0.));
#3369=VECTOR('',#3368,1.945121556);
#3370=LINE('',#3367,#3369);
#3371=EDGE_CURVE('',#3366,#2859,#3370,.T.);
#3372=ORIENTED_EDGE('',*,*,#3371,.F.);
#3373=CARTESIAN_POINT('',(46.598379775,62.898192065,4.012467267));
#3374=DIRECTION('',(-1.,0.,0.));
#3375=DIRECTION('',(0.,0.,1.));
#3376=AXIS2_PLACEMENT_3D('',#3373,#3374,#3375);
#3377=CIRCLE('',#3376,0.254951656);
#3378=EDGE_CURVE('',#3341,#3366,#3377,.T.);
#3379=ORIENTED_EDGE('',*,*,#3378,.F.);
#3380=ORIENTED_EDGE('',*,*,#3346,.F.);
#3381=EDGE_LOOP('',(#3364,#3372,#3379,#3380));
#3382=FACE_BOUND('',#3381,.T.);
#3383=ADVANCED_FACE('',(#3382),#3363,.F.);
#3384=CARTESIAN_POINT('',(47.553258219,63.153143721,6.424464102));
#3385=DIRECTION('',(0.,1.,0.));
#3386=DIRECTION('',(0.,0.,1.));
#3387=AXIS2_PLACEMENT_3D('',#3384,#3385,#3386);
#3388=PLANE('',#3387);
#3389=CARTESIAN_POINT('',(46.598379775,63.153143721,3.798868456));
#3390=VERTEX_POINT('',#3389);
#3391=CARTESIAN_POINT('',(46.598379775,63.153143721,4.012467267));
#3392=DIRECTION('',(-0.,0.,-1.));
#3393=VECTOR('',#3392,0.213598811);
#3394=LINE('',#3391,#3393);
#3395=EDGE_CURVE('',#3366,#3390,#3394,.T.);
#3396=ORIENTED_EDGE('',*,*,#3395,.F.);
#3397=ORIENTED_EDGE('',*,*,#3371,.T.);
#3398=ORIENTED_EDGE('',*,*,#2864,.T.);
#3399=CARTESIAN_POINT('',(46.598379775,63.153143721,3.798868456));
#3400=DIRECTION('',(-1.,-0.,0.));
#3401=VECTOR('',#3400,1.945121556);
#3402=LINE('',#3399,#3401);
#3403=EDGE_CURVE('',#3390,#2850,#3402,.T.);
#3404=ORIENTED_EDGE('',*,*,#3403,.F.);
#3405=EDGE_LOOP('',(#3396,#3397,#3398,#3404));
#3406=FACE_BOUND('',#3405,.T.);
#3407=ADVANCED_FACE('',(#3406),#3388,.F.);
#3408=CARTESIAN_POINT('',(44.553258219,61.553143721,3.798868456));
#3409=DIRECTION('',(1.,0.,-0.));
#3410=DIRECTION('',(-0.,0.,-1.));
#3411=AXIS2_PLACEMENT_3D('',#3408,#3409,#3410);
#3412=CYLINDRICAL_SURFACE('',#3411,1.6);
#3413=CARTESIAN_POINT('',(46.598379775,61.553143721,2.198868456));
#3414=VERTEX_POINT('',#3413);
#3415=CARTESIAN_POINT('',(46.598379775,61.553143721,2.198868456));
#3416=DIRECTION('',(-1.,-0.,0.));
#3417=VECTOR('',#3416,1.945121556);
#3418=LINE('',#3415,#3417);
#3419=EDGE_CURVE('',#3414,#2841,#3418,.T.);
#3420=ORIENTED_EDGE('',*,*,#3419,.F.);
#3421=CARTESIAN_POINT('',(46.598379775,61.553143721,3.798868456));
#3422=DIRECTION('',(1.,-0.,-0.));
#3423=DIRECTION('',(0.,0.,1.));
#3424=AXIS2_PLACEMENT_3D('',#3421,#3422,#3423);
#3425=CIRCLE('',#3424,1.6);
#3426=EDGE_CURVE('',#3414,#3390,#3425,.T.);
#3427=ORIENTED_EDGE('',*,*,#3426,.T.);
#3428=ORIENTED_EDGE('',*,*,#3403,.T.);
#3429=ORIENTED_EDGE('',*,*,#2856,.T.);
#3430=EDGE_LOOP('',(#3420,#3427,#3428,#3429));
#3431=FACE_BOUND('',#3430,.T.);
#3432=ADVANCED_FACE('',(#3431),#3412,.F.);
#3433=CARTESIAN_POINT('',(47.553258219,59.953147767,6.424464102));
#3434=DIRECTION('',(0.,-1.,0.));
#3435=DIRECTION('',(-0.,0.,-1.));
#3436=AXIS2_PLACEMENT_3D('',#3433,#3434,#3435);
#3437=PLANE('',#3436);
#3438=ORIENTED_EDGE('',*,*,#2838,.T.);
#3439=CARTESIAN_POINT('',(46.598379775,59.953147767,3.981182823));
#3440=VERTEX_POINT('',#3439);
#3441=CARTESIAN_POINT('',(44.653258219,59.953147767,3.981182823));
#3442=DIRECTION('',(1.,0.,-0.));
#3443=VECTOR('',#3442,1.945121556);
#3444=LINE('',#3441,#3443);
#3445=EDGE_CURVE('',#2824,#3440,#3444,.T.);
#3446=ORIENTED_EDGE('',*,*,#3445,.T.);
#3447=CARTESIAN_POINT('',(46.598379775,59.953147767,3.798868456));
#3448=VERTEX_POINT('',#3447);
#3449=CARTESIAN_POINT('',(46.598379775,59.953147767,3.798868456));
#3450=DIRECTION('',(0.,0.,1.));
#3451=VECTOR('',#3450,0.182314368);
#3452=LINE('',#3449,#3451);
#3453=EDGE_CURVE('',#3448,#3440,#3452,.T.);
#3454=ORIENTED_EDGE('',*,*,#3453,.F.);
#3455=CARTESIAN_POINT('',(46.598379775,59.953147767,3.798868456));
#3456=DIRECTION('',(-1.,-0.,0.));
#3457=VECTOR('',#3456,1.945121556);
#3458=LINE('',#3455,#3457);
#3459=EDGE_CURVE('',#3448,#2833,#3458,.T.);
#3460=ORIENTED_EDGE('',*,*,#3459,.T.);
#3461=EDGE_LOOP('',(#3438,#3446,#3454,#3460));
#3462=FACE_BOUND('',#3461,.T.);
#3463=ADVANCED_FACE('',(#3462),#3437,.F.);
#3464=CARTESIAN_POINT('',(44.653258219,60.208099423,3.981182823));
#3465=DIRECTION('',(1.,0.,-0.));
#3466=DIRECTION('',(-0.,0.,-1.));
#3467=AXIS2_PLACEMENT_3D('',#3464,#3465,#3466);
#3468=CYLINDRICAL_SURFACE('',#3467,0.254951656);
#3469=CARTESIAN_POINT('',(46.598379775,60.012220312,4.144375105));
#3470=VERTEX_POINT('',#3469);
#3471=CARTESIAN_POINT('',(46.598379775,60.208099423,3.981182823));
#3472=DIRECTION('',(-1.,0.,0.));
#3473=DIRECTION('',(0.,0.,1.));
#3474=AXIS2_PLACEMENT_3D('',#3471,#3472,#3473);
#3475=CIRCLE('',#3474,0.254951656);
#3476=EDGE_CURVE('',#3440,#3470,#3475,.T.);
#3477=ORIENTED_EDGE('',*,*,#3476,.F.);
#3478=ORIENTED_EDGE('',*,*,#3445,.F.);
#3479=ORIENTED_EDGE('',*,*,#2830,.F.);
#3480=CARTESIAN_POINT('',(46.598379775,60.012220312,4.144375105));
#3481=DIRECTION('',(-1.,-0.,0.));
#3482=VECTOR('',#3481,1.945121556);
#3483=LINE('',#3480,#3482);
#3484=EDGE_CURVE('',#3470,#2815,#3483,.T.);
#3485=ORIENTED_EDGE('',*,*,#3484,.F.);
#3486=EDGE_LOOP('',(#3477,#3478,#3479,#3485));
#3487=FACE_BOUND('',#3486,.T.);
#3488=ADVANCED_FACE('',(#3487),#3468,.F.);
#3489=CARTESIAN_POINT('',(44.653258219,59.169309201,4.846627566));
#3490=DIRECTION('',(1.,0.,-0.));
#3491=DIRECTION('',(-0.,0.,-1.));
#3492=AXIS2_PLACEMENT_3D('',#3489,#3490,#3491);
#3493=CYLINDRICAL_SURFACE('',#3492,1.097113331);
#3494=CARTESIAN_POINT('',(46.598379775,60.012220312,5.548880027));
#3495=VERTEX_POINT('',#3494);
#3496=CARTESIAN_POINT('',(46.598379775,59.169309201,4.846627566));
#3497=DIRECTION('',(1.,-0.,-0.));
#3498=DIRECTION('',(0.,0.,1.));
#3499=AXIS2_PLACEMENT_3D('',#3496,#3497,#3498);
#3500=CIRCLE('',#3499,1.097113331);
#3501=EDGE_CURVE('',#3470,#3495,#3500,.T.);
#3502=ORIENTED_EDGE('',*,*,#3501,.F.);
#3503=ORIENTED_EDGE('',*,*,#3484,.T.);
#3504=ORIENTED_EDGE('',*,*,#2821,.T.);
#3505=CARTESIAN_POINT('',(44.653258219,60.012220312,5.548880027));
#3506=DIRECTION('',(1.,0.,-0.));
#3507=VECTOR('',#3506,1.945121556);
#3508=LINE('',#3505,#3507);
#3509=EDGE_CURVE('',#2806,#3495,#3508,.T.);
#3510=ORIENTED_EDGE('',*,*,#3509,.T.);
#3511=EDGE_LOOP('',(#3502,#3503,#3504,#3510));
#3512=FACE_BOUND('',#3511,.T.);
#3513=ADVANCED_FACE('',(#3512),#3493,.T.);
#3514=CARTESIAN_POINT('',(44.653258219,60.208099423,5.712072309));
#3515=DIRECTION('',(1.,0.,-0.));
#3516=DIRECTION('',(-0.,0.,-1.));
#3517=AXIS2_PLACEMENT_3D('',#3514,#3515,#3516);
#3518=CYLINDRICAL_SURFACE('',#3517,0.254951656);
#3519=ORIENTED_EDGE('',*,*,#2812,.F.);
#3520=CARTESIAN_POINT('',(46.598379775,59.953147767,5.712072309));
#3521=VERTEX_POINT('',#3520);
#3522=CARTESIAN_POINT('',(46.598379775,59.953147767,5.712072309));
#3523=DIRECTION('',(-1.,-0.,0.));
#3524=VECTOR('',#3523,1.945121556);
#3525=LINE('',#3522,#3524);
#3526=EDGE_CURVE('',#3521,#2798,#3525,.T.);
#3527=ORIENTED_EDGE('',*,*,#3526,.F.);
#3528=CARTESIAN_POINT('',(46.598379775,60.208099423,5.712072309));
#3529=DIRECTION('',(-1.,0.,0.));
#3530=DIRECTION('',(0.,0.,1.));
#3531=AXIS2_PLACEMENT_3D('',#3528,#3529,#3530);
#3532=CIRCLE('',#3531,0.254951656);
#3533=EDGE_CURVE('',#3495,#3521,#3532,.T.);
#3534=ORIENTED_EDGE('',*,*,#3533,.F.);
#3535=ORIENTED_EDGE('',*,*,#3509,.F.);
#3536=EDGE_LOOP('',(#3519,#3527,#3534,#3535));
#3537=FACE_BOUND('',#3536,.T.);
#3538=ADVANCED_FACE('',(#3537),#3518,.F.);
#3539=CARTESIAN_POINT('',(47.553258219,59.953147767,6.424464102));
#3540=DIRECTION('',(0.,-1.,0.));
#3541=DIRECTION('',(-0.,0.,-1.));
#3542=AXIS2_PLACEMENT_3D('',#3539,#3540,#3541);
#3543=PLANE('',#3542);
#3544=CARTESIAN_POINT('',(46.598379775,59.953145744,9.050059749));
#3545=VERTEX_POINT('',#3544);
#3546=CARTESIAN_POINT('',(46.598379775,59.953147767,5.712072309));
#3547=DIRECTION('',(0.,0.,1.));
#3548=VECTOR('',#3547,3.33798744);
#3549=LINE('',#3546,#3548);
#3550=EDGE_CURVE('',#3521,#3545,#3549,.T.);
#3551=ORIENTED_EDGE('',*,*,#3550,.F.);
#3552=ORIENTED_EDGE('',*,*,#3526,.T.);
#3553=ORIENTED_EDGE('',*,*,#2803,.T.);
#3554=CARTESIAN_POINT('',(46.598379775,59.953145744,9.050059749));
#3555=DIRECTION('',(-1.,0.,0.));
#3556=VECTOR('',#3555,1.945121556);
#3557=LINE('',#3554,#3556);
#3558=EDGE_CURVE('',#3545,#2789,#3557,.T.);
#3559=ORIENTED_EDGE('',*,*,#3558,.F.);
#3560=EDGE_LOOP('',(#3551,#3552,#3553,#3559));
#3561=FACE_BOUND('',#3560,.T.);
#3562=ADVANCED_FACE('',(#3561),#3543,.F.);
#3563=CARTESIAN_POINT('',(47.553258219,61.553143721,9.050059749));
#3564=DIRECTION('',(-1.,0.,0.));
#3565=DIRECTION('',(0.,0.,1.));
#3566=AXIS2_PLACEMENT_3D('',#3563,#3564,#3565);
#3567=CYLINDRICAL_SURFACE('',#3566,1.6);
#3568=ORIENTED_EDGE('',*,*,#2795,.T.);
#3569=CARTESIAN_POINT('',(46.598379775,61.556853179,10.650055449));
#3570=VERTEX_POINT('',#3569);
#3571=CARTESIAN_POINT('',(46.598379775,61.556853179,10.653541402));
#3572=CARTESIAN_POINT('',(44.653258219,61.556629419,10.653541402));
#3573=B_SPLINE_CURVE_WITH_KNOTS('',1,(#3571,#3572),.UNSPECIFIED.,.F.,.F.,(2,2),(0.,1.),.UNSPECIFIED.);
#3574=EDGE_CURVE('',#3570,#2781,#3573,.T.);
#3575=ORIENTED_EDGE('',*,*,#3574,.F.);
#3576=CARTESIAN_POINT('',(46.598379775,61.553143721,9.050059749));
#3577=DIRECTION('',(-1.,0.,0.));
#3578=DIRECTION('',(0.,0.,1.));
#3579=AXIS2_PLACEMENT_3D('',#3576,#3577,#3578);
#3580=CIRCLE('',#3579,1.6);
#3581=EDGE_CURVE('',#3545,#3570,#3580,.T.);
#3582=ORIENTED_EDGE('',*,*,#3581,.F.);
#3583=ORIENTED_EDGE('',*,*,#3558,.T.);
#3584=EDGE_LOOP('',(#3568,#3575,#3582,#3583));
#3585=FACE_BOUND('',#3584,.T.);
#3586=ADVANCED_FACE('',(#3585),#3567,.F.);
#3587=CARTESIAN_POINT('',(47.553258219,64.220104925,10.653541402));
#3588=DIRECTION('',(0.,0.,1.));
#3589=DIRECTION('',(0.,-1.,0.));
#3590=AXIS2_PLACEMENT_3D('',#3587,#3588,#3589);
#3591=PLANE('',#3590);
#3592=ORIENTED_EDGE('',*,*,#2786,.T.);
#3593=CARTESIAN_POINT('',(46.598379775,64.720637215,10.653541402));
#3594=VERTEX_POINT('',#3593);
#3595=CARTESIAN_POINT('',(44.653258219,64.720637215,10.653541402));
#3596=DIRECTION('',(1.,0.,-0.));
#3597=VECTOR('',#3596,1.945121556);
#3598=LINE('',#3595,#3597);
#3599=EDGE_CURVE('',#2772,#3594,#3598,.T.);
#3600=ORIENTED_EDGE('',*,*,#3599,.T.);
#3601=CARTESIAN_POINT('',(46.598379775,61.556853179,10.653541402));
#3602=DIRECTION('',(-0.,1.,-0.));
#3603=VECTOR('',#3602,3.163784036);
#3604=LINE('',#3601,#3603);
#3605=EDGE_CURVE('',#3570,#3594,#3604,.T.);
#3606=ORIENTED_EDGE('',*,*,#3605,.F.);
#3607=ORIENTED_EDGE('',*,*,#3574,.T.);
#3608=EDGE_LOOP('',(#3592,#3600,#3606,#3607));
#3609=FACE_BOUND('',#3608,.T.);
#3610=ADVANCED_FACE('',(#3609),#3591,.F.);
#3611=CARTESIAN_POINT('',(5.299207212,64.720637215,11.486047908));
#3612=DIRECTION('',(1.,0.,-0.));
#3613=DIRECTION('',(-0.,0.,-1.));
#3614=AXIS2_PLACEMENT_3D('',#3611,#3612,#3613);
#3615=CYLINDRICAL_SURFACE('',#3614,0.832506506);
#3616=CARTESIAN_POINT('',(46.598379775,64.720637215,11.486047908));
#3617=DIRECTION('',(1.,0.,-0.));
#3618=DIRECTION('',(-0.,0.,-1.));
#3619=AXIS2_PLACEMENT_3D('',#3616,#3617,#3618);
#3620=CIRCLE('',#3619,0.832506506);
#3621=EDGE_CURVE('',#3594,#3188,#3620,.T.);
#3622=ORIENTED_EDGE('',*,*,#3621,.F.);
#3623=ORIENTED_EDGE('',*,*,#3599,.F.);
#3624=ORIENTED_EDGE('',*,*,#2778,.F.);
#3625=ORIENTED_EDGE('',*,*,#3199,.F.);
#3626=EDGE_LOOP('',(#3622,#3623,#3624,#3625));
#3627=FACE_BOUND('',#3626,.T.);
#3628=ADVANCED_FACE('',(#3627),#3615,.T.);
#3629=CARTESIAN_POINT('',(46.598379775,62.152469236,3.607155305));
#3630=DIRECTION('',(1.,0.,-0.));
#3631=DIRECTION('',(-0.,0.,-1.));
#3632=AXIS2_PLACEMENT_3D('',#3629,#3630,#3631);
#3633=PLANE('',#3632);
#3634=ORIENTED_EDGE('',*,*,#3249,.F.);
#3635=ORIENTED_EDGE('',*,*,#3280,.T.);
#3636=ORIENTED_EDGE('',*,*,#3296,.T.);
#3637=ORIENTED_EDGE('',*,*,#3321,.T.);
#3638=ORIENTED_EDGE('',*,*,#3353,.T.);
#3639=ORIENTED_EDGE('',*,*,#3378,.T.);
#3640=ORIENTED_EDGE('',*,*,#3395,.T.);
#3641=ORIENTED_EDGE('',*,*,#3426,.F.);
#3642=CARTESIAN_POINT('',(46.598379775,61.553143721,3.798868456));
#3643=DIRECTION('',(1.,-0.,-0.));
#3644=DIRECTION('',(0.,0.,1.));
#3645=AXIS2_PLACEMENT_3D('',#3642,#3643,#3644);
#3646=CIRCLE('',#3645,1.6);
#3647=EDGE_CURVE('',#3448,#3414,#3646,.T.);
#3648=ORIENTED_EDGE('',*,*,#3647,.F.);
#3649=ORIENTED_EDGE('',*,*,#3453,.T.);
#3650=ORIENTED_EDGE('',*,*,#3476,.T.);
#3651=ORIENTED_EDGE('',*,*,#3501,.T.);
#3652=ORIENTED_EDGE('',*,*,#3533,.T.);
#3653=ORIENTED_EDGE('',*,*,#3550,.T.);
#3654=ORIENTED_EDGE('',*,*,#3581,.T.);
#3655=ORIENTED_EDGE('',*,*,#3605,.T.);
#3656=ORIENTED_EDGE('',*,*,#3621,.T.);
#3657=ORIENTED_EDGE('',*,*,#3193,.F.);
#3658=ORIENTED_EDGE('',*,*,#3222,.T.);
#3659=CARTESIAN_POINT('',(46.598379775,64.720637215,6.522196724));
#3660=DIRECTION('',(1.,0.,-0.));
#3661=DIRECTION('',(-0.,0.,-1.));
#3662=AXIS2_PLACEMENT_3D('',#3659,#3660,#3661);
#3663=CIRCLE('',#3662,0.832506506);
#3664=EDGE_CURVE('',#3210,#3244,#3663,.T.);
#3665=ORIENTED_EDGE('',*,*,#3664,.T.);
#3666=EDGE_LOOP('',(#3634,#3635,#3636,#3637,#3638,#3639,#3640,#3641,#3648,#3649,#3650,#3651,#3652,#3653,#3654,#3655,#3656,#3657,#3658,#3665));
#3667=FACE_BOUND('',#3666,.T.);
#3668=ADVANCED_FACE('',(#3667),#3633,.F.);
#3669=CARTESIAN_POINT('',(45.053258219,3.046216343,22.820441533));
#3670=DIRECTION('',(-1.,0.,0.));
#3671=DIRECTION('',(0.,0.,1.));
#3672=AXIS2_PLACEMENT_3D('',#3669,#3670,#3671);
#3673=PLANE('',#3672);
#3674=ORIENTED_EDGE('',*,*,#3146,.F.);
#3675=CARTESIAN_POINT('',(45.053258219,49.726612073,14.968467326));
#3676=VERTEX_POINT('',#3675);
#3677=CARTESIAN_POINT('',(45.053258219,-46.543883965,14.968467326));
#3678=DIRECTION('',(0.,1.,0.));
#3679=VECTOR('',#3678,96.270496039);
#3680=LINE('',#3677,#3679);
#3681=EDGE_CURVE('',#3134,#3676,#3680,.T.);
#3682=ORIENTED_EDGE('',*,*,#3681,.T.);
#3683=CARTESIAN_POINT('',(45.053258219,49.726612073,14.968467326));
#3684=DIRECTION('',(0.,0.,-1.));
#3685=VECTOR('',#3684,11.065996861);
#3686=LINE('',#3683,#3685);
#3687=EDGE_CURVE('',#3676,#1706,#3686,.T.);
#3688=ORIENTED_EDGE('',*,*,#3687,.T.);
#3689=ORIENTED_EDGE('',*,*,#1711,.F.);
#3690=EDGE_LOOP('',(#3674,#3682,#3688,#3689));
#3691=FACE_BOUND('',#3690,.T.);
#3692=ADVANCED_FACE('',(#3691),#3673,.T.);
#3693=CARTESIAN_POINT('',(33.093723165,-49.958097528,13.386603124));
#3694=CARTESIAN_POINT('',(33.224622859,-49.958097528,13.386603124));
#3695=CARTESIAN_POINT('',(33.355519316,-49.948981383,13.395719269));
#3696=CARTESIAN_POINT('',(33.612288302,-49.912866239,13.431834413));
#3697=CARTESIAN_POINT('',(33.738154482,-49.885868132,13.45883252));
#3698=CARTESIAN_POINT('',(33.980025578,-49.815025728,13.529674923));
#3699=CARTESIAN_POINT('',(34.096024513,-49.771183183,13.573517469));
#3700=CARTESIAN_POINT('',(34.313702749,-49.668335953,13.676364699));
#3701=CARTESIAN_POINT('',(34.415376666,-49.609333812,13.735366839));
#3702=CARTESIAN_POINT('',(34.600496789,-49.478434118,13.866266533));
#3703=CARTESIAN_POINT('',(34.683938416,-49.406539802,13.93816085));
#3704=CARTESIAN_POINT('',(34.829386363,-49.252618046,14.092082606));
#3705=CARTESIAN_POINT('',(34.891389086,-49.170594412,14.17410624));
#3706=CARTESIAN_POINT('',(34.991575374,-48.999565719,14.345134932));
#3707=CARTESIAN_POINT('',(35.029756462,-48.91056489,14.434135762));
#3708=CARTESIAN_POINT('',(35.080830989,-48.729001799,14.615698853));
#3709=CARTESIAN_POINT('',(35.093723165,-48.636444027,14.708256625));
#3710=CARTESIAN_POINT('',(35.093723165,-48.543883965,14.800816686));
#3711=CARTESIAN_POINT('',(33.093723165,-49.565398446,12.993904042));
#3712=CARTESIAN_POINT('',(33.21690952,-49.573965811,13.002471407));
#3713=CARTESIAN_POINT('',(33.340093592,-49.574494581,13.019076943));
#3714=CARTESIAN_POINT('',(33.582323253,-49.559413719,13.067768787));
#3715=CARTESIAN_POINT('',(33.701364348,-49.54380425,13.099854101));
#3716=CARTESIAN_POINT('',(33.931301365,-49.496924308,13.178394895));
#3717=CARTESIAN_POINT('',(34.04219301,-49.465654581,13.224848847));
#3718=CARTESIAN_POINT('',(34.252092934,-49.388457318,13.330540125));
#3719=CARTESIAN_POINT('',(34.351097291,-49.34253109,13.389775437));
#3720=CARTESIAN_POINT('',(34.53387647,-49.237518861,13.519019834));
#3721=CARTESIAN_POINT('',(34.617647852,-49.178434692,13.589026486));
#3722=CARTESIAN_POINT('',(34.76711789,-49.049052124,13.737448145));
#3723=CARTESIAN_POINT('',(34.832813699,-48.978756028,13.81586038));
#3724=CARTESIAN_POINT('',(34.943887156,-48.829280358,13.978450404));
#3725=CARTESIAN_POINT('',(34.989262642,-48.750103485,14.062625169));
#3726=CARTESIAN_POINT('',(35.058123307,-48.585506889,14.233907405));
#3727=CARTESIAN_POINT('',(35.081607081,-48.500090179,14.321011697));
#3728=CARTESIAN_POINT('',(35.093723165,-48.412984271,14.408117605));
#3729=CARTESIAN_POINT('',(33.171805135,-49.172853875,12.601359471));
#3730=CARTESIAN_POINT('',(33.285651056,-49.18847986,12.616985456));
#3731=CARTESIAN_POINT('',(33.399495343,-49.197046671,12.639670121));
#3732=CARTESIAN_POINT('',(33.623830662,-49.199783189,12.698464215));
#3733=CARTESIAN_POINT('',(33.734318473,-49.193952808,12.734572759));
#3734=CARTESIAN_POINT('',(33.948681969,-49.168038583,12.819127165));
#3735=CARTESIAN_POINT('',(34.052554573,-49.147955063,12.867571774));
#3736=CARTESIAN_POINT('',(34.25062137,-49.09409806,12.975349212));
#3737=CARTESIAN_POINT('',(34.34481271,-49.060325301,13.034680457));
#3738=CARTESIAN_POINT('',(34.520732655,-48.980057426,13.162463104));
#3739=CARTESIAN_POINT('',(34.602458718,-48.933563414,13.230912639));
#3740=CARTESIAN_POINT('',(34.751026994,-48.829197207,13.374896775));
#3741=CARTESIAN_POINT('',(34.81786705,-48.771326468,13.450429279));
#3742=CARTESIAN_POINT('',(34.93467617,-48.645889024,13.6063369));
#3743=CARTESIAN_POINT('',(34.984643525,-48.578324081,13.686709753));
#3744=CARTESIAN_POINT('',(35.066212323,-48.435470053,13.849913926));
#3745=CARTESIAN_POINT('',(35.097812552,-48.360182986,13.932742879));
#3746=CARTESIAN_POINT('',(35.119750488,-48.282136081,14.015573033));
#3747=CARTESIAN_POINT('',(33.472364,-48.447240587,11.875746183));
#3748=CARTESIAN_POINT('',(33.565934701,-48.47457199,11.903077587));
#3749=CARTESIAN_POINT('',(33.659504653,-48.496548547,11.935763345));
#3750=CARTESIAN_POINT('',(33.844564488,-48.529271324,12.011086981));
#3751=CARTESIAN_POINT('',(33.936052888,-48.540017226,12.053724203));
#3752=CARTESIAN_POINT('',(34.11491285,-48.550005584,12.147974153));
#3753=CARTESIAN_POINT('',(34.202282976,-48.549247901,12.199586079));
#3754=CARTESIAN_POINT('',(34.37095833,-48.536211424,12.310611694));
#3755=CARTESIAN_POINT('',(34.452262198,-48.523932674,12.370024452));
#3756=CARTESIAN_POINT('',(34.606987777,-48.488093282,12.495306933));
#3757=CARTESIAN_POINT('',(34.68040823,-48.464532869,12.561175615));
#3758=CARTESIAN_POINT('',(34.81771992,-48.406622144,12.69788377));
#3759=CARTESIAN_POINT('',(34.881610029,-48.372272242,12.768722114));
#3760=CARTESIAN_POINT('',(34.998420057,-48.293517701,12.913774698));
#3761=CARTESIAN_POINT('',(35.051339003,-48.249113645,12.987987745));
#3762=CARTESIAN_POINT('',(35.145003464,-48.151214181,13.138121057));
#3763=CARTESIAN_POINT('',(35.185748179,-48.097719518,13.21404009));
#3764=CARTESIAN_POINT('',(35.219936777,-48.040264985,13.289959745));
#3765=CARTESIAN_POINT('',(33.694722638,-48.114457368,11.542962964));
#3766=CARTESIAN_POINT('',(33.777335609,-48.146436888,11.574942484));
#3767=CARTESIAN_POINT('',(33.859948075,-48.173787154,11.611550845));
#3768=CARTESIAN_POINT('',(34.023584768,-48.218684032,11.693301971));
#3769=CARTESIAN_POINT('',(34.104607995,-48.236230348,11.738444214));
#3770=CARTESIAN_POINT('',(34.263507139,-48.261162378,11.8363747));
#3771=CARTESIAN_POINT('',(34.341382085,-48.268547918,11.889162322));
#3772=CARTESIAN_POINT('',(34.492485409,-48.272997547,12.001348047));
#3773=CARTESIAN_POINT('',(34.565712863,-48.270061588,12.060745443));
#3774=CARTESIAN_POINT('',(34.706110263,-48.25390681,12.184988064));
#3775=CARTESIAN_POINT('',(34.773279349,-48.24068807,12.24983251));
#3776=CARTESIAN_POINT('',(34.900264233,-48.204205297,12.383701849));
#3777=CARTESIAN_POINT('',(34.960079251,-48.180941469,12.452725903));
#3778=CARTESIAN_POINT('',(35.071200058,-48.124800804,12.593606733));
#3779=CARTESIAN_POINT('',(35.122505162,-48.091924294,12.665462626));
#3780=CARTESIAN_POINT('',(35.215612082,-48.017177277,12.810604974));
#3781=CARTESIAN_POINT('',(35.25741332,-47.975307214,12.883890521));
#3782=CARTESIAN_POINT('',(35.294056323,-47.929337245,12.957176527));
#3783=CARTESIAN_POINT('',(34.250083005,-47.559097001,10.987602597));
#3784=CARTESIAN_POINT('',(34.309975571,-47.598370249,11.026875845));
#3785=CARTESIAN_POINT('',(34.369867944,-47.6341835,11.069608808));
#3786=CARTESIAN_POINT('',(34.488804016,-47.698355637,11.16136143));
#3787=CARTESIAN_POINT('',(34.547847331,-47.726714287,11.210380764));
#3788=CARTESIAN_POINT('',(34.664247744,-47.775548551,11.31398354));
#3789=CARTESIAN_POINT('',(34.721604466,-47.796023978,11.368566619));
#3790=CARTESIAN_POINT('',(34.833817039,-47.828775759,11.48249538));
#3791=CARTESIAN_POINT('',(34.888672527,-47.841051979,11.541840666));
#3792=CARTESIAN_POINT('',(34.995101956,-47.857206757,11.664424874));
#3793=CARTESIAN_POINT('',(35.046675552,-47.861085237,11.727663371));
#3794=CARTESIAN_POINT('',(35.145805155,-47.8603666,11.857109929));
#3795=CARTESIAN_POINT('',(35.193360838,-47.85576946,11.923317543));
#3796=CARTESIAN_POINT('',(35.283773293,-47.838143831,12.057736269));
#3797=CARTESIAN_POINT('',(35.326629766,-47.825115376,12.125946919));
#3798=CARTESIAN_POINT('',(35.407026595,-47.790793377,12.263377335));
#3799=CARTESIAN_POINT('',(35.444566679,-47.769499923,12.332596628));
#3800=CARTESIAN_POINT('',(35.479176445,-47.744217123,12.401816159));
#3801=CARTESIAN_POINT('',(34.582866224,-47.336738363,10.765243959));
#3802=CARTESIAN_POINT('',(34.630985999,-47.378655887,10.807161483));
#3803=CARTESIAN_POINT('',(34.67910565,-47.41755737,10.85209482));
#3804=CARTESIAN_POINT('',(34.774745748,-47.488829395,10.947418047));
#3805=CARTESIAN_POINT('',(34.822265949,-47.521199742,10.99780768));
#3806=CARTESIAN_POINT('',(34.916115116,-47.57899279,11.103398991));
#3807=CARTESIAN_POINT('',(34.962443841,-47.604415333,11.158600385));
#3808=CARTESIAN_POINT('',(35.053332783,-47.647983987,11.273109891));
#3809=CARTESIAN_POINT('',(35.097892765,-47.666129977,11.332417696));
#3810=CARTESIAN_POINT('',(35.184688853,-47.694908856,11.454382802));
#3811=CARTESIAN_POINT('',(35.226924736,-47.705541663,11.517039776));
#3812=CARTESIAN_POINT('',(35.308546045,-47.719152668,11.644903681));
#3813=CARTESIAN_POINT('',(35.347931262,-47.722130825,11.710110268));
#3814=CARTESIAN_POINT('',(35.423359976,-47.720388032,11.842241647));
#3815=CARTESIAN_POINT('',(35.459403278,-47.715667082,11.909166083));
#3816=CARTESIAN_POINT('',(35.527698308,-47.698579217,12.043879701));
#3817=CARTESIAN_POINT('',(35.559949858,-47.686212342,12.11166852));
#3818=CARTESIAN_POINT('',(35.590104185,-47.670097577,12.179457521));
#3819=CARTESIAN_POINT('',(35.12707619,-47.111319214,10.53982481));
#3820=CARTESIAN_POINT('',(35.157281721,-47.155864607,10.584370203));
#3821=CARTESIAN_POINT('',(35.187487194,-47.197838794,10.631486625));
#3822=CARTESIAN_POINT('',(35.247573101,-47.276187406,10.730348411));
#3823=CARTESIAN_POINT('',(35.27745342,-47.312561676,10.782093579));
#3824=CARTESIAN_POINT('',(35.336567348,-47.379313529,10.889649158));
#3825=CARTESIAN_POINT('',(35.365800843,-47.40969098,10.945459357));
#3826=CARTESIAN_POINT('',(35.423306378,-47.464117368,11.060537189));
#3827=CARTESIAN_POINT('',(35.451578307,-47.488166196,11.119804595));
#3828=CARTESIAN_POINT('',(35.506856267,-47.529672223,11.241151523));
#3829=CARTESIAN_POINT('',(35.533862191,-47.547129339,11.303230806));
#3830=CARTESIAN_POINT('',(35.58631726,-47.575260403,11.429525659));
#3831=CARTESIAN_POINT('',(35.611766303,-47.585934296,11.493740982));
#3832=CARTESIAN_POINT('',(35.660833409,-47.600381057,11.623608913));
#3833=CARTESIAN_POINT('',(35.684451377,-47.604153895,11.689261267));
#3834=CARTESIAN_POINT('',(35.729601755,-47.604755665,11.821288667));
#3835=CARTESIAN_POINT('',(35.751134077,-47.601584595,11.887663455));
#3836=CARTESIAN_POINT('',(35.771507507,-47.594957861,11.954038373));
#3837=CARTESIAN_POINT('',(35.315875459,-47.054047582,10.482553178));
#3838=CARTESIAN_POINT('',(35.340065283,-47.099244524,10.52775012));
#3839=CARTESIAN_POINT('',(35.364255064,-47.141981781,10.575406585));
#3840=CARTESIAN_POINT('',(35.412384621,-47.222091873,10.675142345));
#3841=CARTESIAN_POINT('',(35.436324312,-47.259464562,10.727221461));
#3842=CARTESIAN_POINT('',(35.483706185,-47.328455975,10.835259954));
#3843=CARTESIAN_POINT('',(35.507148282,-47.360074573,10.891219137));
#3844=CARTESIAN_POINT('',(35.5532926,-47.417228144,11.006434811));
#3845=CARTESIAN_POINT('',(35.575994739,-47.442763014,11.065691095));
#3846=CARTESIAN_POINT('',(35.620424421,-47.487482797,11.186883706));
#3847=CARTESIAN_POINT('',(35.642151885,-47.506667627,11.248819814));
#3848=CARTESIAN_POINT('',(35.684407568,-47.538487093,11.374726915));
#3849=CARTESIAN_POINT('',(35.704935712,-47.551121671,11.43869768));
#3850=CARTESIAN_POINT('',(35.744580498,-47.569708577,11.568007761));
#3851=CARTESIAN_POINT('',(35.763697069,-47.575660873,11.633346843));
#3852=CARTESIAN_POINT('',(35.800321038,-47.580820725,11.764712982));
#3853=CARTESIAN_POINT('',(35.817828371,-47.580028273,11.830739802));
#3854=CARTESIAN_POINT('',(35.834440596,-47.575867317,11.89676674));
#3855=CARTESIAN_POINT('',(35.701028938,-46.977435791,10.405941388));
#3856=CARTESIAN_POINT('',(35.713145082,-47.02350006,10.452005656));
#3857=CARTESIAN_POINT('',(35.725261206,-47.067253414,10.500380691));
#3858=CARTESIAN_POINT('',(35.749376798,-47.149710153,10.60127899));
#3859=CARTESIAN_POINT('',(35.761376227,-47.188413405,10.653802093));
#3860=CARTESIAN_POINT('',(35.785142854,-47.260390882,10.762482368));
#3861=CARTESIAN_POINT('',(35.796910014,-47.293664992,10.818639368));
#3862=CARTESIAN_POINT('',(35.820098759,-47.354458215,10.934037746));
#3863=CARTESIAN_POINT('',(35.831520309,-47.381977231,10.993278941));
#3864=CARTESIAN_POINT('',(35.853907809,-47.430990578,11.114265863));
#3865=CARTESIAN_POINT('',(35.864873726,-47.45248483,11.176011398));
#3866=CARTESIAN_POINT('',(35.886244317,-47.489237878,11.301402664));
#3867=CARTESIAN_POINT('',(35.896648958,-47.504496615,11.365048196));
#3868=CARTESIAN_POINT('',(35.916796746,-47.528628846,11.493616545));
#3869=CARTESIAN_POINT('',(35.926539862,-47.537502301,11.558539157));
#3870=CARTESIAN_POINT('',(35.945270705,-47.548776634,11.689026267));
#3871=CARTESIAN_POINT('',(35.954258403,-47.551177493,11.754590556));
#3872=CARTESIAN_POINT('',(35.962825089,-47.550330053,11.82015495));
#3873=CARTESIAN_POINT('',(35.897373624,-46.958097528,10.386603124));
#3874=CARTESIAN_POINT('',(35.903431666,-47.004377558,10.432883155));
#3875=CARTESIAN_POINT('',(35.909489698,-47.048383929,10.481436702));
#3876=CARTESIAN_POINT('',(35.92154744,-47.131425815,10.582623534));
#3877=CARTESIAN_POINT('',(35.92754713,-47.170461203,10.635256662));
#3878=CARTESIAN_POINT('',(35.939430407,-47.243185177,10.744095779));
#3879=CARTESIAN_POINT('',(35.945313975,-47.27687365,10.800301601));
#3880=CARTESIAN_POINT('',(35.956908344,-47.338579338,10.915744825));
#3881=CARTESIAN_POINT('',(35.962619127,-47.366596458,10.974982048));
#3882=CARTESIAN_POINT('',(35.973812929,-47.416689602,11.095917596));
#3883=CARTESIAN_POINT('',(35.97929593,-47.438765549,11.157615733));
#3884=CARTESIAN_POINT('',(35.989981362,-47.476763725,11.28287893));
#3885=CARTESIAN_POINT('',(35.995183776,-47.492685894,11.346443796));
#3886=CARTESIAN_POINT('',(36.005257931,-47.518223158,11.474828289));
#3887=CARTESIAN_POINT('',(36.010129657,-47.527838212,11.539647718));
#3888=CARTESIAN_POINT('',(36.019495516,-47.540668626,11.669917094));
#3889=CARTESIAN_POINT('',(36.023989636,-47.543883965,11.735366839));
#3890=CARTESIAN_POINT('',(36.028273318,-47.543883965,11.800816686));
#3891=CARTESIAN_POINT('',(36.093723165,-46.958097528,10.386603124));
#3892=CARTESIAN_POINT('',(36.093723165,-47.004377558,10.432883155));
#3893=CARTESIAN_POINT('',(36.093723165,-47.048383929,10.481436702));
#3894=CARTESIAN_POINT('',(36.093723165,-47.131425815,10.582623534));
#3895=CARTESIAN_POINT('',(36.093723165,-47.170461203,10.635256662));
#3896=CARTESIAN_POINT('',(36.093723165,-47.243185177,10.744095779));
#3897=CARTESIAN_POINT('',(36.093723165,-47.27687365,10.800301601));
#3898=CARTESIAN_POINT('',(36.093723165,-47.338579338,10.915744825));
#3899=CARTESIAN_POINT('',(36.093723165,-47.366596458,10.974982048));
#3900=CARTESIAN_POINT('',(36.093723165,-47.416689602,11.095917596));
#3901=CARTESIAN_POINT('',(36.093723165,-47.438765549,11.157615733));
#3902=CARTESIAN_POINT('',(36.093723165,-47.476763725,11.28287893));
#3903=CARTESIAN_POINT('',(36.093723165,-47.492685894,11.346443796));
#3904=CARTESIAN_POINT('',(36.093723165,-47.518223158,11.474828289));
#3905=CARTESIAN_POINT('',(36.093723165,-47.527838212,11.539647718));
#3906=CARTESIAN_POINT('',(36.093723165,-47.540668626,11.669917094));
#3907=CARTESIAN_POINT('',(36.093723165,-47.543883965,11.735366839));
#3908=CARTESIAN_POINT('',(36.093723165,-47.543883965,11.800816686));
#3909=B_SPLINE_SURFACE_WITH_KNOTS('',3,3,((#3693,#3694,#3695,#3696,#3697,#3698,#3699,#3700,#3701,#3702,#3703,#3704,#3705,#3706,#3707,#3708,#3709,#3710),(#3711,#3712,#3713,#3714,#3715,#3716,#3717,#3718,#3719,#3720,#3721,#3722,#3723,#3724,#3725,#3726,#3727,#3728),(#3729,#3730,#3731,#3732,#3733,#3734,#3735,#3736,#3737,#3738,#3739,#3740,#3741,#3742,#3743,#3744,#3745,#3746),(#3747,#3748,#3749,#3750,#3751,#3752,#3753,#3754,#3755,#3756,#3757,#3758,#3759,#3760,#3761,#3762,#3763,#3764),(#3765,#3766,#3767,#3768,#3769,#3770,#3771,#3772,#3773,#3774,#3775,#3776,#3777,#3778,#3779,#3780,#3781,#3782),(#3783,#3784,#3785,#3786,#3787,#3788,#3789,#3790,#3791,#3792,#3793,#3794,#3795,#3796,#3797,#3798,#3799,#3800),(#3801,#3802,#3803,#3804,#3805,#3806,#3807,#3808,#3809,#3810,#3811,#3812,#3813,#3814,#3815,#3816,#3817,#3818),(#3819,#3820,#3821,#3822,#3823,#3824,#3825,#3826,#3827,#3828,#3829,#3830,#3831,#3832,#3833,#3834,#3835,#3836),(#3837,#3838,#3839,#3840,#3841,#3842,#3843,#3844,#3845,#3846,#3847,#3848,#3849,#3850,#3851,#3852,#3853,#3854),(#3855,#3856,#3857,#3858,#3859,#3860,#3861,#3862,#3863,#3864,#3865,#3866,#3867,#3868,#3869,#3870,#3871,#3872),(#3873,#3874,#3875,#3876,#3877,#3878,#3879,#3880,#3881,#3882,#3883,#3884,#3885,#3886,#3887,#3888,#3889,#3890),(#3891,#3892,#3893,#3894,#3895,#3896,#3897,#3898,#3899,#3900,#3901,#3902,#3903,#3904,#3905,#3906,#3907,#3908)),.UNSPECIFIED.,.F.,.F.,.U.,(4,2,2,2,2,4),(4,2,2,2,2,2,2,2,4),(1.570796327,1.963495408,2.35619449,2.748893572,2.945243113,3.141592654),(0.,0.125,0.25,0.375,0.5,0.625,0.75,0.875,1.),.UNSPECIFIED.);
#3910=ORIENTED_EDGE('',*,*,#3115,.T.);
#3911=CARTESIAN_POINT('',(34.312832131,-47.543883965,10.972389562));
#3912=VERTEX_POINT('',#3911);
#3913=CARTESIAN_POINT('',(34.312832131,-47.543883965,10.972389562));
#3914=CARTESIAN_POINT('',(34.337022696,-47.543883965,10.972389562));
#3915=CARTESIAN_POINT('',(34.361213261,-47.543883965,10.972389562));
#3916=CARTESIAN_POINT('',(34.385403826,-47.543883965,10.972389562));
#3917=CARTESIAN_POINT('',(34.40959439,-47.543883965,10.972389562));
#3918=CARTESIAN_POINT('',(34.629971275,-47.543883965,10.993805223));
#3919=CARTESIAN_POINT('',(34.839117706,-47.543883965,11.027810493));
#3920=CARTESIAN_POINT('',(35.03116022,-47.543883965,11.077150656));
#3921=CARTESIAN_POINT('',(35.210530982,-47.543883965,11.137916316));
#3922=CARTESIAN_POINT('',(35.229773478,-47.543883965,11.147250387));
#3923=CARTESIAN_POINT('',(35.249015974,-47.543883965,11.156584458));
#3924=CARTESIAN_POINT('',(35.26825847,-47.543883965,11.165918529));
#3925=CARTESIAN_POINT('',(35.287500965,-47.543883965,11.1752526));
#3926=CARTESIAN_POINT('',(35.293280666,-47.543883965,11.178056194));
#3927=CARTESIAN_POINT('',(35.299060367,-47.543883965,11.180859787));
#3928=CARTESIAN_POINT('',(35.304840068,-47.543883965,11.183663381));
#3929=CARTESIAN_POINT('',(35.310619769,-47.543883965,11.186466974));
#3930=CARTESIAN_POINT('',(35.31639947,-47.543883965,11.189270568));
#3931=CARTESIAN_POINT('',(35.322179171,-47.543883965,11.192074162));
#3932=CARTESIAN_POINT('',(35.327958872,-47.543883965,11.194877755));
#3933=CARTESIAN_POINT('',(35.333738573,-47.543883965,11.197681349));
#3934=CARTESIAN_POINT('',(35.451702841,-47.543883965,11.251165611));
#3935=CARTESIAN_POINT('',(35.562179101,-47.543883965,11.310580048));
#3936=CARTESIAN_POINT('',(35.661756196,-47.543883965,11.37640742));
#3937=CARTESIAN_POINT('',(35.75552899,-47.543883965,11.445783472));
#3938=CARTESIAN_POINT('',(35.842711684,-47.543883965,11.519494703));
#3939=CARTESIAN_POINT('',(35.923921929,-47.543883965,11.597059817));
#3940=CARTESIAN_POINT('',(35.998898788,-47.543883965,11.6791011));
#3941=CARTESIAN_POINT('',(36.065638431,-47.543883965,11.767653032));
#3942=CARTESIAN_POINT('',(36.069149023,-47.543883965,11.771798488));
#3943=CARTESIAN_POINT('',(36.072659614,-47.543883965,11.775943945));
#3944=CARTESIAN_POINT('',(36.076170206,-47.543883965,11.780089402));
#3945=CARTESIAN_POINT('',(36.079680798,-47.543883965,11.784234859));
#3946=CARTESIAN_POINT('',(36.08319139,-47.543883965,11.788380316));
#3947=CARTESIAN_POINT('',(36.086701981,-47.543883965,11.792525773));
#3948=CARTESIAN_POINT('',(36.090212573,-47.543883965,11.79667123));
#3949=CARTESIAN_POINT('',(36.093723165,-47.543883965,11.800816686));
#3950=B_SPLINE_CURVE_WITH_KNOTS('',2,(#3913,#3914,#3915,#3916,#3917,#3918,#3919,#3920,#3921,#3922,#3923,#3924,#3925,#3926,#3927,#3928,#3929,#3930,#3931,#3932,#3933,#3934,#3935,#3936,#3937,#3938,
#3939,#3940,#3941,#3942,#3943,#3944,#3945,#3946,#3947,#3948,#3949),.UNSPECIFIED.,.F.,.F.,(3,1,1,1,1,1,1,1,1,1,1,2,1,1,1,1,1,1,1,1,1,1,1,1,1,1,
1,1,1,1,1,1,1,1,3),(0.,0.017860264,0.029767107,0.04167395,0.102118733,0.20875801,0.309703535,0.405109536,0.456981348,0.467508187,0.478035026,0.493825285,0.49854079,0.50168446,0.504828131,0.507971801,0.511115471,0.514259141,0.517402811,0.550667516,0.613054145,0.672956144,0.730706542,0.787184252,0.842598629,0.897272484,
0.951600083,0.980061861,0.98272028,0.985378698,0.988037117,0.990695535,0.993353954,0.996012372,1.),.UNSPECIFIED.);
#3951=EDGE_CURVE('',#3912,#3103,#3950,.T.);
#3952=ORIENTED_EDGE('',*,*,#3951,.F.);
#3953=CARTESIAN_POINT('',(36.093723165,-49.958097528,13.386603124));
#3954=DIRECTION('',(0.,0.707106781,0.707106781));
#3955=DIRECTION('',(0.,-0.707106781,0.707106781));
#3956=AXIS2_PLACEMENT_3D('',#3953,#3954,#3955);
#3957=ELLIPSE('',#3956,4.242640687,3.);
#3958=EDGE_CURVE('',#3912,#2983,#3957,.T.);
#3959=ORIENTED_EDGE('',*,*,#3958,.T.);
#3960=ORIENTED_EDGE('',*,*,#3059,.T.);
#3961=EDGE_LOOP('',(#3910,#3952,#3959,#3960));
#3962=FACE_BOUND('',#3961,.T.);
#3963=ADVANCED_FACE('',(#3962),#3909,.F.);
#3964=CARTESIAN_POINT('',(-14.825581223,-56.289653868,12.502533146));
#3965=DIRECTION('',(1.,-0.,0.));
#3966=DIRECTION('',(-0.,-1.,-0.));
#3967=AXIS2_PLACEMENT_3D('',#3964,#3965,#3966);
#3968=CYLINDRICAL_SURFACE('',#3967,0.981684535);
#3969=CARTESIAN_POINT('',(-13.748687883,-55.804079221,13.355716473));
#3970=VERTEX_POINT('',#3969);
#3971=CARTESIAN_POINT('',(-13.748687883,-55.804079221,13.355716473));
#3972=DIRECTION('',(1.,-0.,0.));
#3973=VECTOR('',#3972,27.497375766);
#3974=LINE('',#3971,#3973);
#3975=EDGE_CURVE('',#3970,#2658,#3974,.T.);
#3976=ORIENTED_EDGE('',*,*,#3975,.F.);
#3977=CARTESIAN_POINT('',(-13.692384172,-55.804079221,11.649349819));
#3978=VERTEX_POINT('',#3977);
#3979=CARTESIAN_POINT('',(-13.748687883,-55.804079221,13.355716473));
#3980=CARTESIAN_POINT('',(-13.711131673,-55.733264975,13.31541376));
#3981=CARTESIAN_POINT('',(-13.677388008,-55.667853391,13.266674832));
#3982=CARTESIAN_POINT('',(-13.646994611,-55.608296183,13.209255321));
#3983=CARTESIAN_POINT('',(-13.616601214,-55.548738976,13.15183581));
#3984=CARTESIAN_POINT('',(-13.589222191,-55.494348346,13.084367344));
#3985=CARTESIAN_POINT('',(-13.566703475,-55.449972502,13.011099495));
#3986=CARTESIAN_POINT('',(-13.521666043,-55.361220814,12.864563795));
#3987=CARTESIAN_POINT('',(-13.494252401,-55.309561804,12.68962308));
#3988=CARTESIAN_POINT('',(-13.488431636,-55.308006575,12.511084124));
#3989=CARTESIAN_POINT('',(-13.485521254,-55.307228961,12.421814646));
#3990=CARTESIAN_POINT('',(-13.487978123,-55.318736592,12.33259313));
#3991=CARTESIAN_POINT('',(-13.495651609,-55.341805734,12.247017115));
#3992=CARTESIAN_POINT('',(-13.503325095,-55.364874876,12.161441101));
#3993=CARTESIAN_POINT('',(-13.516358324,-55.399863906,12.078793094));
#3994=CARTESIAN_POINT('',(-13.534015802,-55.444086021,12.003815246));
#3995=CARTESIAN_POINT('',(-13.55167328,-55.488308136,11.928837398));
#3996=CARTESIAN_POINT('',(-13.574390462,-55.542817594,11.859787144));
#3997=CARTESIAN_POINT('',(-13.600871144,-55.603419848,11.800544972));
#3998=CARTESIAN_POINT('',(-13.627351826,-55.664022102,11.7413028));
#3999=CARTESIAN_POINT('',(-13.65809971,-55.731894997,11.690432231));
#4000=CARTESIAN_POINT('',(-13.692384172,-55.804079221,11.649349819));
#4001=B_SPLINE_CURVE_WITH_KNOTS('',3,(#3979,#3980,#3981,#3982,#3983,#3984,#3985,#3986,#3987,#3988,#3989,#3990,#3991,#3992,#3993,#3994,#3995,#3996,#3997,#3998,#3999,#4000),.UNSPECIFIED.,.F.,.F.,(4,3,3,3,3,3,3,4),(0.,0.000264081,0.000528163,0.001056326,0.001320407,0.001584489,0.00184857,0.002112652),.UNSPECIFIED.);
#4002=EDGE_CURVE('',#3970,#3978,#4001,.T.);
#4003=ORIENTED_EDGE('',*,*,#4002,.T.);
#4004=CARTESIAN_POINT('',(13.692384172,-55.804079221,11.649349819));
#4005=DIRECTION('',(-1.,0.,-0.));
#4006=VECTOR('',#4005,27.384768343);
#4007=LINE('',#4004,#4006);
#4008=EDGE_CURVE('',#2656,#3978,#4007,.T.);
#4009=ORIENTED_EDGE('',*,*,#4008,.F.);
#4010=ORIENTED_EDGE('',*,*,#2704,.F.);
#4011=EDGE_LOOP('',(#3976,#4003,#4009,#4010));
#4012=FACE_BOUND('',#4011,.T.);
#4013=ADVANCED_FACE('',(#4012),#3968,.F.);
#4014=CARTESIAN_POINT('',(-17.546861582,-56.853392075,20.281897671));
#4015=DIRECTION('',(0.,-0.707106781,-0.707106781));
#4016=DIRECTION('',(0.,0.707106781,-0.707106781));
#4017=AXIS2_PLACEMENT_3D('',#4014,#4015,#4016);
#4018=PLANE('',#4017);
#4019=CARTESIAN_POINT('',(-33.093723165,-49.958097528,13.386603124));
#4020=VERTEX_POINT('',#4019);
#4021=CARTESIAN_POINT('',(-33.093723165,-51.915812088,15.344317684));
#4022=VERTEX_POINT('',#4021);
#4023=CARTESIAN_POINT('',(-33.093723165,-49.958097528,13.386603124));
#4024=DIRECTION('',(-0.,-0.707106781,0.707106781));
#4025=VECTOR('',#4024,2.768626482);
#4026=LINE('',#4023,#4025);
#4027=EDGE_CURVE('',#4020,#4022,#4026,.T.);
#4028=ORIENTED_EDGE('',*,*,#4027,.T.);
#4029=CARTESIAN_POINT('',(-33.093723165,-51.915812088,15.344317684));
#4030=DIRECTION('',(1.,0.,0.));
#4031=VECTOR('',#4030,66.18744633);
#4032=LINE('',#4029,#4031);
#4033=EDGE_CURVE('',#4022,#2985,#4032,.T.);
#4034=ORIENTED_EDGE('',*,*,#4033,.T.);
#4035=ORIENTED_EDGE('',*,*,#2990,.F.);
#4036=ORIENTED_EDGE('',*,*,#3958,.F.);
#4037=CARTESIAN_POINT('',(-34.312832131,-47.543883965,10.972389562));
#4038=VERTEX_POINT('',#4037);
#4039=CARTESIAN_POINT('',(34.312832131,-47.543883965,10.972389562));
#4040=DIRECTION('',(-1.,0.,-0.));
#4041=VECTOR('',#4040,68.625664262);
#4042=LINE('',#4039,#4041);
#4043=EDGE_CURVE('',#3912,#4038,#4042,.T.);
#4044=ORIENTED_EDGE('',*,*,#4043,.T.);
#4045=CARTESIAN_POINT('',(-36.093723165,-49.958097528,13.386603124));
#4046=DIRECTION('',(-0.,0.707106781,0.707106781));
#4047=DIRECTION('',(-0.,-0.707106781,0.707106781));
#4048=AXIS2_PLACEMENT_3D('',#4045,#4046,#4047);
#4049=ELLIPSE('',#4048,4.242640687,3.);
#4050=EDGE_CURVE('',#4020,#4038,#4049,.T.);
#4051=ORIENTED_EDGE('',*,*,#4050,.F.);
#4052=EDGE_LOOP('',(#4028,#4034,#4035,#4036,#4044,#4051));
#4053=FACE_BOUND('',#4052,.T.);
#4054=ADVANCED_FACE('',(#4053),#4018,.F.);
#4055=CARTESIAN_POINT('',(-122.681506143,57.453143721,4.807155305));
#4056=DIRECTION('',(0.,1.,0.));
#4057=DIRECTION('',(-1.,0.,-0.));
#4058=AXIS2_PLACEMENT_3D('',#4055,#4056,#4057);
#4059=PLANE('',#4058);
#4060=ORIENTED_EDGE('',*,*,#2536,.T.);
#4061=ORIENTED_EDGE('',*,*,#2963,.T.);
#4062=CARTESIAN_POINT('',(-44.523974139,57.453143721,0.006480819));
#4063=VERTEX_POINT('',#4062);
#4064=CARTESIAN_POINT('',(-44.523974139,57.453143721,0.006480819));
#4065=DIRECTION('',(1.,-0.,0.));
#4066=VECTOR('',#4065,89.047948277);
#4067=LINE('',#4064,#4066);
#4068=EDGE_CURVE('',#4063,#2958,#4067,.T.);
#4069=ORIENTED_EDGE('',*,*,#4068,.F.);
#4070=CARTESIAN_POINT('',(-44.523974139,57.453143721,15.5));
#4071=DIRECTION('',(0.,0.,-1.));
#4072=VECTOR('',#4071,15.493519181);
#4073=LINE('',#4070,#4072);
#4074=EDGE_CURVE('',#2531,#4063,#4073,.T.);
#4075=ORIENTED_EDGE('',*,*,#4074,.F.);
#4076=EDGE_LOOP('',(#4060,#4061,#4069,#4075));
#4077=FACE_BOUND('',#4076,.T.);
#4078=ADVANCED_FACE('',(#4077),#4059,.T.);
#4079=CARTESIAN_POINT('',(-80.,20.807631,0.006480819));
#4080=DIRECTION('',(0.,0.,-1.));
#4081=DIRECTION('',(-1.,0.,-0.));
#4082=AXIS2_PLACEMENT_3D('',#4079,#4080,#4081);
#4083=PLANE('',#4082);
#4084=ORIENTED_EDGE('',*,*,#2115,.T.);
#4085=CARTESIAN_POINT('',(-50.039207212,-61.380468787,0.006480819));
#4086=DIRECTION('',(1.,-0.,0.));
#4087=VECTOR('',#4086,100.078414424);
#4088=LINE('',#4085,#4087);
#4089=EDGE_CURVE('',#2216,#2101,#4088,.T.);
#4090=ORIENTED_EDGE('',*,*,#4089,.F.);
#4091=ORIENTED_EDGE('',*,*,#2221,.F.);
#4092=CARTESIAN_POINT('',(-44.653258219,62.329076037,0.006480819));
#4093=VERTEX_POINT('',#4092);
#4094=CARTESIAN_POINT('',(-50.039207212,62.329076037,0.006480819));
#4095=DIRECTION('',(1.,-0.,0.));
#4096=VECTOR('',#4095,5.385948993);
#4097=LINE('',#4094,#4096);
#4098=EDGE_CURVE('',#2208,#4093,#4097,.T.);
#4099=ORIENTED_EDGE('',*,*,#4098,.T.);
#4100=CARTESIAN_POINT('',(-44.653258219,57.582427802,0.006480819));
#4101=VERTEX_POINT('',#4100);
#4102=CARTESIAN_POINT('',(-44.653258219,62.329076037,0.006480819));
#4103=DIRECTION('',(0.,-1.,-0.));
#4104=VECTOR('',#4103,4.746648235);
#4105=LINE('',#4102,#4104);
#4106=EDGE_CURVE('',#4093,#4101,#4105,.T.);
#4107=ORIENTED_EDGE('',*,*,#4106,.T.);
#4108=CARTESIAN_POINT('',(-44.523974139,57.582427802,0.006480819));
#4109=DIRECTION('',(-0.,-0.,1.));
#4110=DIRECTION('',(1.,0.,0.));
#4111=AXIS2_PLACEMENT_3D('',#4108,#4109,#4110);
#4112=CIRCLE('',#4111,0.12928408);
#4113=EDGE_CURVE('',#4101,#4063,#4112,.T.);
#4114=ORIENTED_EDGE('',*,*,#4113,.T.);
#4115=ORIENTED_EDGE('',*,*,#4068,.T.);
#4116=ORIENTED_EDGE('',*,*,#2972,.F.);
#4117=ORIENTED_EDGE('',*,*,#2947,.F.);
#4118=ORIENTED_EDGE('',*,*,#2721,.F.);
#4119=EDGE_LOOP('',(#4084,#4090,#4091,#4099,#4107,#4114,#4115,#4116,#4117,#4118));
#4120=FACE_BOUND('',#4119,.T.);
#4121=ADVANCED_FACE('',(#4120),#4083,.T.);
#4122=CARTESIAN_POINT('',(-13.823100237,-56.900966517,12.542701534));
#4123=DIRECTION('',(1.,-0.,0.));
#4124=DIRECTION('',(-0.,-1.,-0.));
#4125=AXIS2_PLACEMENT_3D('',#4122,#4123,#4124);
#4126=CONICAL_SURFACE('',#4125,1.300170107,41.211954686);
#4127=CARTESIAN_POINT('',(-13.692384172,-55.804079221,11.649349819));
#4128=CARTESIAN_POINT('',(-13.782903257,-55.804079221,11.774887262));
#4129=CARTESIAN_POINT('',(-13.86714318,-55.804079221,11.906325914));
#4130=CARTESIAN_POINT('',(-13.933386005,-55.804079221,12.047275621));
#4131=CARTESIAN_POINT('',(-13.966507418,-55.804079221,12.117750474));
#4132=CARTESIAN_POINT('',(-13.994675868,-55.804079221,12.190011265));
#4133=CARTESIAN_POINT('',(-14.015657436,-55.804079221,12.264863501));
#4134=CARTESIAN_POINT('',(-14.036639003,-55.804079221,12.339715737));
#4135=CARTESIAN_POINT('',(-14.050164029,-55.804079221,12.417680604));
#4136=CARTESIAN_POINT('',(-14.054009901,-55.804079221,12.494659922));
#4137=CARTESIAN_POINT('',(-14.057855774,-55.804079221,12.571639239));
#4138=CARTESIAN_POINT('',(-14.052371856,-55.804079221,12.648525029));
#4139=CARTESIAN_POINT('',(-14.037971297,-55.804079221,12.725321434));
#4140=CARTESIAN_POINT('',(-14.023570738,-55.804079221,12.802117838));
#4141=CARTESIAN_POINT('',(-14.000661733,-55.804079221,12.876813032));
#4142=CARTESIAN_POINT('',(-13.972178241,-55.804079221,12.948680995));
#4143=CARTESIAN_POINT('',(-13.915211258,-55.804079221,13.092416922));
#4144=CARTESIAN_POINT('',(-13.83548061,-55.804079221,13.228063208));
#4145=CARTESIAN_POINT('',(-13.748687883,-55.804079221,13.355716473));
#4146=B_SPLINE_CURVE_WITH_KNOTS('',3,(#4127,#4128,#4129,#4130,#4131,#4132,#4133,#4134,#4135,#4136,#4137,#4138,#4139,#4140,#4141,#4142,#4143,#4144,#4145),.UNSPECIFIED.,.F.,.F.,(4,3,3,3,3,3,4),(0.003780697,0.004246437,0.004479308,0.004712178,0.004945049,0.005177919,0.00564366),.UNSPECIFIED.);
#4147=EDGE_CURVE('',#3978,#3970,#4146,.T.);
#4148=ORIENTED_EDGE('',*,*,#4147,.F.);
#4149=ORIENTED_EDGE('',*,*,#4002,.F.);
#4150=EDGE_LOOP('',(#4148,#4149));
#4151=FACE_BOUND('',#4150,.T.);
#4152=ADVANCED_FACE('',(#4151),#4126,.F.);
#4153=CARTESIAN_POINT('',(-80.,62.020459724,-0.361313781));
#4154=DIRECTION('',(-0.,-0.766044443,0.64278761));
#4155=DIRECTION('',(1.,-0.,0.));
#4156=AXIS2_PLACEMENT_3D('',#4153,#4154,#4155);
#4157=PLANE('',#4156);
#4158=ORIENTED_EDGE('',*,*,#2213,.F.);
#4159=CARTESIAN_POINT('',(-44.653258219,65.553143721,3.848775065));
#4160=VERTEX_POINT('',#4159);
#4161=CARTESIAN_POINT('',(-44.653258219,65.553143721,3.848775065));
#4162=DIRECTION('',(-1.,0.,-0.));
#4163=VECTOR('',#4162,5.385948993);
#4164=LINE('',#4161,#4163);
#4165=EDGE_CURVE('',#4160,#2200,#4164,.T.);
#4166=ORIENTED_EDGE('',*,*,#4165,.F.);
#4167=CARTESIAN_POINT('',(-44.653258219,62.329076037,0.006480819));
#4168=DIRECTION('',(-0.,0.64278761,0.766044443));
#4169=VECTOR('',#4168,5.015758916);
#4170=LINE('',#4167,#4169);
#4171=EDGE_CURVE('',#4093,#4160,#4170,.T.);
#4172=ORIENTED_EDGE('',*,*,#4171,.F.);
#4173=ORIENTED_EDGE('',*,*,#4098,.F.);
#4174=EDGE_LOOP('',(#4158,#4166,#4172,#4173));
#4175=FACE_BOUND('',#4174,.T.);
#4176=ADVANCED_FACE('',(#4175),#4157,.F.);
#4177=CARTESIAN_POINT('',(-44.653258219,67.161588872,2.048601854));
#4178=DIRECTION('',(1.,0.,0.));
#4179=DIRECTION('',(-0.,0.,1.));
#4180=AXIS2_PLACEMENT_3D('',#4177,#4178,#4179);
#4181=PLANE('',#4180);
#4182=CARTESIAN_POINT('',(-44.653258219,57.582427802,0.006480819));
#4183=DIRECTION('',(-0.,-0.,1.));
#4184=VECTOR('',#4183,15.493519181);
#4185=LINE('',#4182,#4184);
#4186=EDGE_CURVE('',#4101,#2539,#4185,.T.);
#4187=ORIENTED_EDGE('',*,*,#4186,.F.);
#4188=ORIENTED_EDGE('',*,*,#4106,.F.);
#4189=ORIENTED_EDGE('',*,*,#4171,.T.);
#4190=CARTESIAN_POINT('',(-44.653258219,65.553143721,6.522196724));
#4191=VERTEX_POINT('',#4190);
#4192=CARTESIAN_POINT('',(-44.653258219,65.553143721,3.848775065));
#4193=DIRECTION('',(-0.,-0.,1.));
#4194=VECTOR('',#4193,2.673421658);
#4195=LINE('',#4192,#4194);
#4196=EDGE_CURVE('',#4160,#4191,#4195,.T.);
#4197=ORIENTED_EDGE('',*,*,#4196,.T.);
#4198=CARTESIAN_POINT('',(-44.653258219,64.720637215,7.35470323));
#4199=VERTEX_POINT('',#4198);
#4200=CARTESIAN_POINT('',(-44.653258219,64.720637215,6.522196724));
#4201=DIRECTION('',(-1.,0.,-0.));
#4202=DIRECTION('',(-0.,0.,1.));
#4203=AXIS2_PLACEMENT_3D('',#4200,#4201,#4202);
#4204=CIRCLE('',#4203,0.832506506);
#4205=EDGE_CURVE('',#4199,#4191,#4204,.T.);
#4206=ORIENTED_EDGE('',*,*,#4205,.F.);
#4207=CARTESIAN_POINT('',(-44.653258219,64.703974748,7.354536465));
#4208=VERTEX_POINT('',#4207);
#4209=CARTESIAN_POINT('',(-44.653258219,64.720637215,6.522196724));
#4210=DIRECTION('',(-1.,0.,-0.));
#4211=DIRECTION('',(-0.,0.,1.));
#4212=AXIS2_PLACEMENT_3D('',#4209,#4210,#4211);
#4213=CIRCLE('',#4212,0.832506506);
#4214=EDGE_CURVE('',#4208,#4199,#4213,.T.);
#4215=ORIENTED_EDGE('',*,*,#4214,.F.);
#4216=CARTESIAN_POINT('',(-44.653258219,63.216420946,7.32475738));
#4217=VERTEX_POINT('',#4216);
#4218=CARTESIAN_POINT('',(-44.653258219,63.216420946,7.32475738));
#4219=DIRECTION('',(-0.,0.999799683,0.020014819));
#4220=VECTOR('',#4219,1.487851843);
#4221=LINE('',#4218,#4220);
#4222=EDGE_CURVE('',#4217,#4208,#4221,.T.);
#4223=ORIENTED_EDGE('',*,*,#4222,.F.);
#4224=CARTESIAN_POINT('',(-44.653258219,63.153143721,7.09132097));
#4225=VERTEX_POINT('',#4224);
#4226=CARTESIAN_POINT('',(-44.653258219,63.615368198,7.09132097));
#4227=DIRECTION('',(-1.,0.,-0.));
#4228=DIRECTION('',(-0.,0.,1.));
#4229=AXIS2_PLACEMENT_3D('',#4226,#4227,#4228);
#4230=CIRCLE('',#4229,0.462224477);
#4231=EDGE_CURVE('',#4225,#4217,#4230,.T.);
#4232=ORIENTED_EDGE('',*,*,#4231,.F.);
#4233=CARTESIAN_POINT('',(-44.653258219,63.153143721,5.680787866));
#4234=VERTEX_POINT('',#4233);
#4235=CARTESIAN_POINT('',(-44.653258219,63.153143721,7.09132097));
#4236=DIRECTION('',(0.,0.,-1.));
#4237=VECTOR('',#4236,1.410533104);
#4238=LINE('',#4235,#4237);
#4239=EDGE_CURVE('',#4225,#4234,#4238,.T.);
#4240=ORIENTED_EDGE('',*,*,#4239,.T.);
#4241=CARTESIAN_POINT('',(-44.653258219,63.098839055,5.523494724));
#4242=VERTEX_POINT('',#4241);
#4243=CARTESIAN_POINT('',(-44.653258219,62.898192065,5.680787866));
#4244=DIRECTION('',(1.,-0.,0.));
#4245=DIRECTION('',(-0.,0.,1.));
#4246=AXIS2_PLACEMENT_3D('',#4243,#4244,#4245);
#4247=CIRCLE('',#4246,0.254951656);
#4248=EDGE_CURVE('',#4242,#4234,#4247,.T.);
#4249=ORIENTED_EDGE('',*,*,#4248,.F.);
#4250=CARTESIAN_POINT('',(-44.653258219,63.098839055,4.169760408));
#4251=VERTEX_POINT('',#4250);
#4252=CARTESIAN_POINT('',(-44.653258219,63.962267402,4.846627566));
#4253=DIRECTION('',(1.,0.,0.));
#4254=DIRECTION('',(-0.,0.,1.));
#4255=AXIS2_PLACEMENT_3D('',#4252,#4253,#4254);
#4256=CIRCLE('',#4255,1.097113331);
#4257=EDGE_CURVE('',#4242,#4251,#4256,.T.);
#4258=ORIENTED_EDGE('',*,*,#4257,.T.);
#4259=CARTESIAN_POINT('',(-44.653258219,63.153143721,4.012467267));
#4260=VERTEX_POINT('',#4259);
#4261=CARTESIAN_POINT('',(-44.653258219,62.898192065,4.012467267));
#4262=DIRECTION('',(1.,-0.,0.));
#4263=DIRECTION('',(-0.,0.,1.));
#4264=AXIS2_PLACEMENT_3D('',#4261,#4262,#4263);
#4265=CIRCLE('',#4264,0.254951656);
#4266=EDGE_CURVE('',#4260,#4251,#4265,.T.);
#4267=ORIENTED_EDGE('',*,*,#4266,.F.);
#4268=CARTESIAN_POINT('',(-44.653258219,63.153143721,3.798868456));
#4269=VERTEX_POINT('',#4268);
#4270=CARTESIAN_POINT('',(-44.653258219,63.153143721,4.012467267));
#4271=DIRECTION('',(0.,0.,-1.));
#4272=VECTOR('',#4271,0.213598811);
#4273=LINE('',#4270,#4272);
#4274=EDGE_CURVE('',#4260,#4269,#4273,.T.);
#4275=ORIENTED_EDGE('',*,*,#4274,.T.);
#4276=CARTESIAN_POINT('',(-44.653258219,61.553143721,2.198868456));
#4277=VERTEX_POINT('',#4276);
#4278=CARTESIAN_POINT('',(-44.653258219,61.553143721,3.798868456));
#4279=DIRECTION('',(-1.,0.,-0.));
#4280=DIRECTION('',(-0.,0.,1.));
#4281=AXIS2_PLACEMENT_3D('',#4278,#4279,#4280);
#4282=CIRCLE('',#4281,1.6);
#4283=EDGE_CURVE('',#4269,#4277,#4282,.T.);
#4284=ORIENTED_EDGE('',*,*,#4283,.T.);
#4285=CARTESIAN_POINT('',(-44.653258219,59.953147767,3.798868456));
#4286=VERTEX_POINT('',#4285);
#4287=CARTESIAN_POINT('',(-44.653258219,61.553143721,3.798868456));
#4288=DIRECTION('',(-1.,0.,-0.));
#4289=DIRECTION('',(-0.,0.,1.));
#4290=AXIS2_PLACEMENT_3D('',#4287,#4288,#4289);
#4291=CIRCLE('',#4290,1.6);
#4292=EDGE_CURVE('',#4277,#4286,#4291,.T.);
#4293=ORIENTED_EDGE('',*,*,#4292,.T.);
#4294=CARTESIAN_POINT('',(-44.653258219,59.953147767,3.981182823));
#4295=VERTEX_POINT('',#4294);
#4296=CARTESIAN_POINT('',(-44.653258219,59.953147767,3.798868456));
#4297=DIRECTION('',(-0.,0.,1.));
#4298=VECTOR('',#4297,0.182314368);
#4299=LINE('',#4296,#4298);
#4300=EDGE_CURVE('',#4286,#4295,#4299,.T.);
#4301=ORIENTED_EDGE('',*,*,#4300,.T.);
#4302=CARTESIAN_POINT('',(-44.653258219,60.012220312,4.144375105));
#4303=VERTEX_POINT('',#4302);
#4304=CARTESIAN_POINT('',(-44.653258219,60.208099423,3.981182823));
#4305=DIRECTION('',(1.,-0.,0.));
#4306=DIRECTION('',(-0.,0.,1.));
#4307=AXIS2_PLACEMENT_3D('',#4304,#4305,#4306);
#4308=CIRCLE('',#4307,0.254951656);
#4309=EDGE_CURVE('',#4303,#4295,#4308,.T.);
#4310=ORIENTED_EDGE('',*,*,#4309,.F.);
#4311=CARTESIAN_POINT('',(-44.653258219,60.012220312,5.548880027));
#4312=VERTEX_POINT('',#4311);
#4313=CARTESIAN_POINT('',(-44.653258219,59.169309201,4.846627566));
#4314=DIRECTION('',(1.,0.,0.));
#4315=DIRECTION('',(-0.,0.,1.));
#4316=AXIS2_PLACEMENT_3D('',#4313,#4314,#4315);
#4317=CIRCLE('',#4316,1.097113331);
#4318=EDGE_CURVE('',#4303,#4312,#4317,.T.);
#4319=ORIENTED_EDGE('',*,*,#4318,.T.);
#4320=CARTESIAN_POINT('',(-44.653258219,59.953147767,5.712072309));
#4321=VERTEX_POINT('',#4320);
#4322=CARTESIAN_POINT('',(-44.653258219,60.208099423,5.712072309));
#4323=DIRECTION('',(1.,-0.,0.));
#4324=DIRECTION('',(-0.,0.,1.));
#4325=AXIS2_PLACEMENT_3D('',#4322,#4323,#4324);
#4326=CIRCLE('',#4325,0.254951656);
#4327=EDGE_CURVE('',#4321,#4312,#4326,.T.);
#4328=ORIENTED_EDGE('',*,*,#4327,.F.);
#4329=CARTESIAN_POINT('',(-44.653258219,59.953147767,9.050059749));
#4330=VERTEX_POINT('',#4329);
#4331=CARTESIAN_POINT('',(-44.653258219,59.953147767,5.712072309));
#4332=DIRECTION('',(-0.,0.,1.));
#4333=VECTOR('',#4332,3.33798744);
#4334=LINE('',#4331,#4333);
#4335=EDGE_CURVE('',#4321,#4330,#4334,.T.);
#4336=ORIENTED_EDGE('',*,*,#4335,.T.);
#4337=CARTESIAN_POINT('',(-44.653258219,61.556629419,10.653541402));
#4338=VERTEX_POINT('',#4337);
#4339=CARTESIAN_POINT('',(-44.653258219,61.553143721,9.050059749));
#4340=DIRECTION('',(-1.,0.,-0.));
#4341=DIRECTION('',(-0.,0.,1.));
#4342=AXIS2_PLACEMENT_3D('',#4339,#4340,#4341);
#4343=CIRCLE('',#4342,1.6);
#4344=EDGE_CURVE('',#4330,#4338,#4343,.T.);
#4345=ORIENTED_EDGE('',*,*,#4344,.T.);
#4346=CARTESIAN_POINT('',(-44.653258219,64.720637215,10.653541402));
#4347=VERTEX_POINT('',#4346);
#4348=CARTESIAN_POINT('',(-44.653258219,61.556629419,10.653541402));
#4349=DIRECTION('',(0.,1.,-0.));
#4350=VECTOR('',#4349,3.164007796);
#4351=LINE('',#4348,#4350);
#4352=EDGE_CURVE('',#4338,#4347,#4351,.T.);
#4353=ORIENTED_EDGE('',*,*,#4352,.T.);
#4354=CARTESIAN_POINT('',(-44.653258219,65.553143721,11.486047908));
#4355=VERTEX_POINT('',#4354);
#4356=CARTESIAN_POINT('',(-44.653258219,64.720637215,11.486047908));
#4357=DIRECTION('',(-1.,0.,-0.));
#4358=DIRECTION('',(-0.,0.,1.));
#4359=AXIS2_PLACEMENT_3D('',#4356,#4357,#4358);
#4360=CIRCLE('',#4359,0.832506506);
#4361=EDGE_CURVE('',#4355,#4347,#4360,.T.);
#4362=ORIENTED_EDGE('',*,*,#4361,.F.);
#4363=CARTESIAN_POINT('',(-44.653258219,65.553143721,13.046067923));
#4364=VERTEX_POINT('',#4363);
#4365=CARTESIAN_POINT('',(-44.653258219,65.553143721,11.486047908));
#4366=DIRECTION('',(-0.,-0.,1.));
#4367=VECTOR('',#4366,1.560020016);
#4368=LINE('',#4365,#4367);
#4369=EDGE_CURVE('',#4355,#4364,#4368,.T.);
#4370=ORIENTED_EDGE('',*,*,#4369,.T.);
#4371=CARTESIAN_POINT('',(-44.653258219,63.099211645,13.046067923));
#4372=DIRECTION('',(1.,0.,0.));
#4373=DIRECTION('',(0.,0.,-1.));
#4374=AXIS2_PLACEMENT_3D('',#4371,#4372,#4373);
#4375=CIRCLE('',#4374,2.453932077);
#4376=EDGE_CURVE('',#4364,#2548,#4375,.T.);
#4377=ORIENTED_EDGE('',*,*,#4376,.T.);
#4378=ORIENTED_EDGE('',*,*,#2553,.F.);
#4379=EDGE_LOOP('',(#4187,#4188,#4189,#4197,#4206,#4215,#4223,#4232,#4240,#4249,#4258,#4267,#4275,#4284,#4293,#4301,#4310,#4319,#4328,#4336,#4345,#4353,#4362,#4370,#4377,#4378));
#4380=FACE_BOUND('',#4379,.T.);
#4381=ADVANCED_FACE('',(#4380),#4181,.T.);
#4382=CARTESIAN_POINT('',(-44.523974139,57.582427802,4.807155305));
#4383=DIRECTION('',(0.,0.,-1.));
#4384=DIRECTION('',(-0.,1.,0.));
#4385=AXIS2_PLACEMENT_3D('',#4382,#4383,#4384);
#4386=CYLINDRICAL_SURFACE('',#4385,0.12928408);
#4387=ORIENTED_EDGE('',*,*,#4074,.T.);
#4388=ORIENTED_EDGE('',*,*,#4113,.F.);
#4389=ORIENTED_EDGE('',*,*,#4186,.T.);
#4390=ORIENTED_EDGE('',*,*,#2545,.T.);
#4391=EDGE_LOOP('',(#4387,#4388,#4389,#4390));
#4392=FACE_BOUND('',#4391,.T.);
#4393=ADVANCED_FACE('',(#4392),#4386,.F.);
#4394=CARTESIAN_POINT('',(-33.093723165,-54.267605637,20.524538358));
#4395=DIRECTION('',(-0.,-0.707106781,0.707106781));
#4396=DIRECTION('',(-1.,-0.,-0.));
#4397=AXIS2_PLACEMENT_3D('',#4394,#4395,#4396);
#4398=CYLINDRICAL_SURFACE('',#4397,2.);
#4399=CARTESIAN_POINT('',(-35.093723165,-48.711534605,14.968467326));
#4400=VERTEX_POINT('',#4399);
#4401=CARTESIAN_POINT('',(-35.093723165,-48.543883965,14.800816686));
#4402=VERTEX_POINT('',#4401);
#4403=CARTESIAN_POINT('',(-35.093723165,-48.711534605,14.968467326));
#4404=DIRECTION('',(0.,0.707106781,-0.707106781));
#4405=VECTOR('',#4404,0.237093809);
#4406=LINE('',#4403,#4405);
#4407=EDGE_CURVE('',#4400,#4402,#4406,.T.);
#4408=ORIENTED_EDGE('',*,*,#4407,.F.);
#4409=CARTESIAN_POINT('',(-35.093723165,-48.711534605,14.968467326));
#4410=CARTESIAN_POINT('',(-35.093723165,-49.269305412,15.033891859));
#4411=CARTESIAN_POINT('',(-35.008626865,-49.678047916,15.081834559));
#4412=CARTESIAN_POINT('',(-34.94148223,-49.937758511,15.112299031));
#4413=CARTESIAN_POINT('',(-34.940433095,-49.941816489,15.112775039));
#4414=CARTESIAN_POINT('',(-34.938032751,-49.951037083,15.113856268));
#4415=CARTESIAN_POINT('',(-34.936290795,-49.957647889,15.11463104));
#4416=CARTESIAN_POINT('',(-34.93454884,-49.964258694,15.115405812));
#4417=CARTESIAN_POINT('',(-34.932795458,-49.970850502,15.11617803));
#4418=CARTESIAN_POINT('',(-34.931030807,-49.977423281,15.116947725));
#4419=CARTESIAN_POINT('',(-34.927501504,-49.990568838,15.118487113));
#4420=CARTESIAN_POINT('',(-34.923927122,-50.003638281,15.12001641));
#4421=CARTESIAN_POINT('',(-34.9203089,-50.016631379,15.121535844));
#4422=CARTESIAN_POINT('',(-34.913072457,-50.042617574,15.124574712));
#4423=CARTESIAN_POINT('',(-34.905660661,-50.068298371,15.127574148));
#4424=CARTESIAN_POINT('',(-34.898083354,-50.093672151,15.13053577));
#4425=CARTESIAN_POINT('',(-34.88292874,-50.144419713,15.136459014));
#4426=CARTESIAN_POINT('',(-34.867112211,-50.193938936,15.142231275));
#4427=CARTESIAN_POINT('',(-34.850711039,-50.2422203,15.147862074));
#4428=CARTESIAN_POINT('',(-34.817908694,-50.338783027,15.159123672));
#4429=CARTESIAN_POINT('',(-34.782770441,-50.430390462,15.169823278));
#4430=CARTESIAN_POINT('',(-34.745886135,-50.517016416,15.179987079));
#4431=CARTESIAN_POINT('',(-34.672117522,-50.690268324,15.200314681));
#4432=CARTESIAN_POINT('',(-34.591418349,-50.843549907,15.218543469));
#4433=CARTESIAN_POINT('',(-34.507936727,-50.977300942,15.234233663));
#4434=CARTESIAN_POINT('',(-34.497501525,-50.994019821,15.236194937));
#4435=CARTESIAN_POINT('',(-34.483662018,-51.015693781,15.238734375));
#4436=CARTESIAN_POINT('',(-34.471346454,-51.034436173,15.24092793));
#4437=CARTESIAN_POINT('',(-34.45903089,-51.053178565,15.243121484));
#4438=CARTESIAN_POINT('',(-34.446598645,-51.071617936,15.245277507));
#4439=CARTESIAN_POINT('',(-34.434056051,-51.089753426,15.24739686));
#4440=CARTESIAN_POINT('',(-34.408970861,-51.126024405,15.251635564));
#4441=CARTESIAN_POINT('',(-34.383444325,-51.161079715,15.255727727));
#4442=CARTESIAN_POINT('',(-34.357526498,-51.194914189,15.259678516));
#4443=CARTESIAN_POINT('',(-34.305690846,-51.262583138,15.267580094));
#4444=CARTESIAN_POINT('',(-34.252291166,-51.32536667,15.274918249));
#4445=CARTESIAN_POINT('',(-34.197716042,-51.383249506,15.28170826));
#4446=CARTESIAN_POINT('',(-34.088565795,-51.499015177,15.295288283));
#4447=CARTESIAN_POINT('',(-33.974738493,-51.59515085,15.306702943));
#4448=CARTESIAN_POINT('',(-33.85909003,-51.671900988,15.315707779));
#4449=CARTESIAN_POINT('',(-33.801265798,-51.710276057,15.320210197));
#4450=CARTESIAN_POINT('',(-33.73536987,-51.748240919,15.324638272));
#4451=CARTESIAN_POINT('',(-33.672268322,-51.778772533,15.32820253));
#4452=CARTESIAN_POINT('',(-33.609166774,-51.809304147,15.331766787));
#4453=CARTESIAN_POINT('',(-33.545347869,-51.834733292,15.33474062));
#4454=CARTESIAN_POINT('',(-33.481137683,-51.855053111,15.337130884));
#4455=CARTESIAN_POINT('',(-33.352717311,-51.895692751,15.341911412));
#4456=CARTESIAN_POINT('',(-33.22274291,-51.91587358,15.344379176));
#4457=CARTESIAN_POINT('',(-33.093723165,-51.915812088,15.344317684));
#4458=B_SPLINE_CURVE_WITH_KNOTS('',3,(#4409,#4410,#4411,#4412,#4413,#4414,#4415,#4416,#4417,#4418,#4419,#4420,#4421,#4422,#4423,#4424,#4425,#4426,#4427,#4428,#4429,#4430,#4431,#4432,#4433,#4434,
#4435,#4436,#4437,#4438,#4439,#4440,#4441,#4442,#4443,#4444,#4445,#4446,#4447,#4448,#4449,#4450,#4451,#4452,#4453,#4454,#4455,#4456,#4457),.UNSPECIFIED.,.F.,.F.,(4,3,3,3,3,3,3,3,3,3,3,3,3,3,3,3,4),(0.,0.25,0.25390625,0.2578125,0.265625,0.28125,0.3125,0.375,0.5,0.515625,0.53125,0.5625,0.625,0.75,0.8125,0.875,1.),.UNSPECIFIED.);
#4459=EDGE_CURVE('',#4400,#4022,#4458,.T.);
#4460=ORIENTED_EDGE('',*,*,#4459,.T.);
#4461=ORIENTED_EDGE('',*,*,#4027,.F.);
#4462=CARTESIAN_POINT('',(-33.093723165,-48.543883965,14.800816686));
#4463=DIRECTION('',(0.,0.707106781,-0.707106781));
#4464=DIRECTION('',(0.,-0.707106781,-0.707106781));
#4465=AXIS2_PLACEMENT_3D('',#4462,#4463,#4464);
#4466=CIRCLE('',#4465,2.);
#4467=EDGE_CURVE('',#4020,#4402,#4466,.T.);
#4468=ORIENTED_EDGE('',*,*,#4467,.T.);
#4469=EDGE_LOOP('',(#4408,#4460,#4461,#4468));
#4470=FACE_BOUND('',#4469,.T.);
#4471=ADVANCED_FACE('',(#4470),#4398,.F.);
#4472=CARTESIAN_POINT('',(-35.093723165,-47.13517052,22.820441533));
#4473=DIRECTION('',(-1.,0.,-0.));
#4474=DIRECTION('',(0.,0.,-1.));
#4475=AXIS2_PLACEMENT_3D('',#4472,#4473,#4474);
#4476=PLANE('',#4475);
#4477=CARTESIAN_POINT('',(-35.093723165,-48.543883965,14.968467326));
#4478=VERTEX_POINT('',#4477);
#4479=CARTESIAN_POINT('',(-35.093723165,-48.543883965,14.800816686));
#4480=DIRECTION('',(-0.,-0.,1.));
#4481=VECTOR('',#4480,0.16765064);
#4482=LINE('',#4479,#4481);
#4483=EDGE_CURVE('',#4402,#4478,#4482,.T.);
#4484=ORIENTED_EDGE('',*,*,#4483,.T.);
#4485=CARTESIAN_POINT('',(-35.093723165,-48.543883965,14.968467326));
#4486=DIRECTION('',(0.,-1.,0.));
#4487=VECTOR('',#4486,0.16765064);
#4488=LINE('',#4485,#4487);
#4489=EDGE_CURVE('',#4478,#4400,#4488,.T.);
#4490=ORIENTED_EDGE('',*,*,#4489,.T.);
#4491=ORIENTED_EDGE('',*,*,#4407,.T.);
#4492=EDGE_LOOP('',(#4484,#4490,#4491));
#4493=FACE_BOUND('',#4492,.T.);
#4494=ADVANCED_FACE('',(#4493),#4476,.F.);
#4495=CARTESIAN_POINT('',(-36.093723165,-48.543883965,22.820441533));
#4496=DIRECTION('',(-0.,0.,1.));
#4497=DIRECTION('',(-1.,0.,-0.));
#4498=AXIS2_PLACEMENT_3D('',#4495,#4496,#4497);
#4499=CYLINDRICAL_SURFACE('',#4498,1.);
#4500=CARTESIAN_POINT('',(-36.093723165,-47.543883965,14.968467326));
#4501=VERTEX_POINT('',#4500);
#4502=CARTESIAN_POINT('',(-36.093723165,-47.543883965,11.800816686));
#4503=VERTEX_POINT('',#4502);
#4504=CARTESIAN_POINT('',(-36.093723165,-47.543883965,14.968467326));
#4505=DIRECTION('',(0.,-0.,-1.));
#4506=VECTOR('',#4505,3.16765064);
#4507=LINE('',#4504,#4506);
#4508=EDGE_CURVE('',#4501,#4503,#4507,.T.);
#4509=ORIENTED_EDGE('',*,*,#4508,.F.);
#4510=CARTESIAN_POINT('',(-36.093723165,-48.543883965,14.968467326));
#4511=DIRECTION('',(0.,0.,-1.));
#4512=DIRECTION('',(-1.,0.,0.));
#4513=AXIS2_PLACEMENT_3D('',#4510,#4511,#4512);
#4514=CIRCLE('',#4513,1.);
#4515=EDGE_CURVE('',#4501,#4478,#4514,.T.);
#4516=ORIENTED_EDGE('',*,*,#4515,.T.);
#4517=ORIENTED_EDGE('',*,*,#4483,.F.);
#4518=CARTESIAN_POINT('',(-36.093723165,-48.543883965,14.800816686));
#4519=DIRECTION('',(-0.,0.948683298,0.316227766));
#4520=DIRECTION('',(0.,-0.316227766,0.948683298));
#4521=AXIS2_PLACEMENT_3D('',#4518,#4519,#4520);
#4522=ELLIPSE('',#4521,3.16227766,1.);
#4523=EDGE_CURVE('',#4402,#4503,#4522,.T.);
#4524=ORIENTED_EDGE('',*,*,#4523,.T.);
#4525=EDGE_LOOP('',(#4509,#4516,#4517,#4524));
#4526=FACE_BOUND('',#4525,.T.);
#4527=ADVANCED_FACE('',(#4526),#4499,.T.);
#4528=CARTESIAN_POINT('',(-40.073490692,-47.543883965,22.820441533));
#4529=DIRECTION('',(0.,1.,0.));
#4530=DIRECTION('',(-0.,0.,1.));
#4531=AXIS2_PLACEMENT_3D('',#4528,#4529,#4530);
#4532=PLANE('',#4531);
#4533=ORIENTED_EDGE('',*,*,#3108,.F.);
#4534=CARTESIAN_POINT('',(36.093723165,-47.543883965,14.968467326));
#4535=DIRECTION('',(1.,0.,0.));
#4536=VECTOR('',#4535,7.959535054);
#4537=LINE('',#4534,#4536);
#4538=EDGE_CURVE('',#3094,#3126,#4537,.T.);
#4539=ORIENTED_EDGE('',*,*,#4538,.T.);
#4540=ORIENTED_EDGE('',*,*,#3131,.F.);
#4541=ORIENTED_EDGE('',*,*,#1694,.F.);
#4542=CARTESIAN_POINT('',(-44.053258219,-47.543883965,14.968467326));
#4543=VERTEX_POINT('',#4542);
#4544=CARTESIAN_POINT('',(-44.053258219,-47.543883965,3.902470465));
#4545=DIRECTION('',(-0.,0.,1.));
#4546=VECTOR('',#4545,11.065996861);
#4547=LINE('',#4544,#4546);
#4548=EDGE_CURVE('',#1680,#4543,#4547,.T.);
#4549=ORIENTED_EDGE('',*,*,#4548,.T.);
#4550=CARTESIAN_POINT('',(-44.053258219,-47.543883965,14.968467326));
#4551=DIRECTION('',(1.,0.,0.));
#4552=VECTOR('',#4551,7.959535054);
#4553=LINE('',#4550,#4552);
#4554=EDGE_CURVE('',#4543,#4501,#4553,.T.);
#4555=ORIENTED_EDGE('',*,*,#4554,.T.);
#4556=ORIENTED_EDGE('',*,*,#4508,.T.);
#4557=CARTESIAN_POINT('',(-34.312832131,-47.543883965,10.972389562));
#4558=CARTESIAN_POINT('',(-34.84533153,-47.543883965,10.972389562));
#4559=CARTESIAN_POINT('',(-35.301129182,-47.543883965,11.171563228));
#4560=CARTESIAN_POINT('',(-35.801919125,-47.543883965,11.390397549));
#4561=CARTESIAN_POINT('',(-36.093723165,-47.543883965,11.800816686));
#4562=B_SPLINE_CURVE_WITH_KNOTS('',2,(#4557,#4558,#4559,#4560,#4561),.UNSPECIFIED.,.F.,.F.,(3,2,3),(0.,0.5,1.),.UNSPECIFIED.);
#4563=EDGE_CURVE('',#4038,#4503,#4562,.T.);
#4564=ORIENTED_EDGE('',*,*,#4563,.F.);
#4565=ORIENTED_EDGE('',*,*,#4043,.F.);
#4566=ORIENTED_EDGE('',*,*,#3951,.T.);
#4567=EDGE_LOOP('',(#4533,#4539,#4540,#4541,#4549,#4555,#4556,#4564,#4565,#4566));
#4568=FACE_BOUND('',#4567,.T.);
#4569=ADVANCED_FACE('',(#4568),#4532,.T.);
#4570=CARTESIAN_POINT('',(-44.053258219,-46.543883965,22.820441533));
#4571=DIRECTION('',(-0.,0.,1.));
#4572=DIRECTION('',(-1.,0.,-0.));
#4573=AXIS2_PLACEMENT_3D('',#4570,#4571,#4572);
#4574=CYLINDRICAL_SURFACE('',#4573,1.);
#4575=ORIENTED_EDGE('',*,*,#128,.F.);
#4576=CARTESIAN_POINT('',(-44.053258219,-46.543883965,14.968467326));
#4577=DIRECTION('',(-0.,-0.,1.));
#4578=DIRECTION('',(-1.,0.,0.));
#4579=AXIS2_PLACEMENT_3D('',#4576,#4577,#4578);
#4580=CIRCLE('',#4579,1.);
#4581=EDGE_CURVE('',#115,#4543,#4580,.T.);
#4582=ORIENTED_EDGE('',*,*,#4581,.T.);
#4583=ORIENTED_EDGE('',*,*,#4548,.F.);
#4584=ORIENTED_EDGE('',*,*,#1686,.T.);
#4585=EDGE_LOOP('',(#4575,#4582,#4583,#4584));
#4586=FACE_BOUND('',#4585,.T.);
#4587=ADVANCED_FACE('',(#4586),#4574,.F.);
#4588=CARTESIAN_POINT('',(-5.299207212,63.099211645,13.046067923));
#4589=DIRECTION('',(-1.,0.,-0.));
#4590=DIRECTION('',(-0.,0.,1.));
#4591=AXIS2_PLACEMENT_3D('',#4588,#4589,#4590);
#4592=CYLINDRICAL_SURFACE('',#4591,2.453932077);
#4593=ORIENTED_EDGE('',*,*,#4376,.F.);
#4594=CARTESIAN_POINT('',(-50.039207212,65.553143721,13.046067923));
#4595=DIRECTION('',(1.,-0.,0.));
#4596=VECTOR('',#4595,5.385948993);
#4597=LINE('',#4594,#4596);
#4598=EDGE_CURVE('',#2191,#4364,#4597,.T.);
#4599=ORIENTED_EDGE('',*,*,#4598,.F.);
#4600=ORIENTED_EDGE('',*,*,#2197,.F.);
#4601=ORIENTED_EDGE('',*,*,#2559,.F.);
#4602=EDGE_LOOP('',(#4593,#4599,#4600,#4601));
#4603=FACE_BOUND('',#4602,.T.);
#4604=ADVANCED_FACE('',(#4603),#4592,.T.);
#4605=CARTESIAN_POINT('',(-5.299207212,65.553143721,18.006480819));
#4606=DIRECTION('',(-0.,1.,0.));
#4607=DIRECTION('',(1.,-0.,0.));
#4608=AXIS2_PLACEMENT_3D('',#4605,#4606,#4607);
#4609=PLANE('',#4608);
#4610=ORIENTED_EDGE('',*,*,#4369,.F.);
#4611=CARTESIAN_POINT('',(-46.598379775,65.553143721,11.486047908));
#4612=VERTEX_POINT('',#4611);
#4613=CARTESIAN_POINT('',(-46.598379775,65.553143721,11.486047908));
#4614=DIRECTION('',(1.,-0.,0.));
#4615=VECTOR('',#4614,1.945121556);
#4616=LINE('',#4613,#4615);
#4617=EDGE_CURVE('',#4612,#4355,#4616,.T.);
#4618=ORIENTED_EDGE('',*,*,#4617,.F.);
#4619=CARTESIAN_POINT('',(-46.598379775,65.553143721,6.522196724));
#4620=VERTEX_POINT('',#4619);
#4621=CARTESIAN_POINT('',(-46.598379775,65.553143721,6.522196724));
#4622=DIRECTION('',(-0.,-0.,1.));
#4623=VECTOR('',#4622,4.963851184);
#4624=LINE('',#4621,#4623);
#4625=EDGE_CURVE('',#4620,#4612,#4624,.T.);
#4626=ORIENTED_EDGE('',*,*,#4625,.F.);
#4627=CARTESIAN_POINT('',(-44.653258219,65.553143721,6.522196724));
#4628=DIRECTION('',(-1.,-0.,-0.));
#4629=VECTOR('',#4628,1.945121556);
#4630=LINE('',#4627,#4629);
#4631=EDGE_CURVE('',#4191,#4620,#4630,.T.);
#4632=ORIENTED_EDGE('',*,*,#4631,.F.);
#4633=ORIENTED_EDGE('',*,*,#4196,.F.);
#4634=ORIENTED_EDGE('',*,*,#4165,.T.);
#4635=ORIENTED_EDGE('',*,*,#2205,.F.);
#4636=ORIENTED_EDGE('',*,*,#4598,.T.);
#4637=EDGE_LOOP('',(#4610,#4618,#4626,#4632,#4633,#4634,#4635,#4636));
#4638=FACE_BOUND('',#4637,.T.);
#4639=ADVANCED_FACE('',(#4638),#4609,.T.);
#4640=CARTESIAN_POINT('',(-44.653258219,64.720637215,6.522196724));
#4641=DIRECTION('',(1.,0.,0.));
#4642=DIRECTION('',(-0.,0.,1.));
#4643=AXIS2_PLACEMENT_3D('',#4640,#4641,#4642);
#4644=CYLINDRICAL_SURFACE('',#4643,0.832506506);
#4645=CARTESIAN_POINT('',(-46.598379775,64.720637215,7.35470323));
#4646=VERTEX_POINT('',#4645);
#4647=CARTESIAN_POINT('',(-44.653258219,64.720637215,7.35470323));
#4648=DIRECTION('',(-1.,-0.,-0.));
#4649=VECTOR('',#4648,1.945121556);
#4650=LINE('',#4647,#4649);
#4651=EDGE_CURVE('',#4199,#4646,#4650,.T.);
#4652=ORIENTED_EDGE('',*,*,#4651,.T.);
#4653=CARTESIAN_POINT('',(-46.598379775,64.703974748,7.354536465));
#4654=VERTEX_POINT('',#4653);
#4655=CARTESIAN_POINT('',(-46.598379775,64.720637215,6.522196724));
#4656=DIRECTION('',(1.,0.,0.));
#4657=DIRECTION('',(0.,0.,-1.));
#4658=AXIS2_PLACEMENT_3D('',#4655,#4656,#4657);
#4659=CIRCLE('',#4658,0.832506506);
#4660=EDGE_CURVE('',#4646,#4654,#4659,.T.);
#4661=ORIENTED_EDGE('',*,*,#4660,.T.);
#4662=CARTESIAN_POINT('',(-46.598379775,64.703974748,7.354536465));
#4663=DIRECTION('',(1.,0.,0.));
#4664=VECTOR('',#4663,1.945121556);
#4665=LINE('',#4662,#4664);
#4666=EDGE_CURVE('',#4654,#4208,#4665,.T.);
#4667=ORIENTED_EDGE('',*,*,#4666,.T.);
#4668=ORIENTED_EDGE('',*,*,#4214,.T.);
#4669=EDGE_LOOP('',(#4652,#4661,#4667,#4668));
#4670=FACE_BOUND('',#4669,.T.);
#4671=ADVANCED_FACE('',(#4670),#4644,.T.);
#4672=CARTESIAN_POINT('',(-44.653258219,65.663250663,7.373740046));
#4673=DIRECTION('',(-0.,-0.020014819,0.999799683));
#4674=DIRECTION('',(0.,-0.999799683,-0.020014819));
#4675=AXIS2_PLACEMENT_3D('',#4672,#4673,#4674);
#4676=PLANE('',#4675);
#4677=ORIENTED_EDGE('',*,*,#4222,.T.);
#4678=ORIENTED_EDGE('',*,*,#4666,.F.);
#4679=CARTESIAN_POINT('',(-46.598379775,63.216420946,7.32475738));
#4680=VERTEX_POINT('',#4679);
#4681=CARTESIAN_POINT('',(-46.598379775,63.216420946,7.32475738));
#4682=DIRECTION('',(-0.,0.999799683,0.020014819));
#4683=VECTOR('',#4682,1.487851843);
#4684=LINE('',#4681,#4683);
#4685=EDGE_CURVE('',#4680,#4654,#4684,.T.);
#4686=ORIENTED_EDGE('',*,*,#4685,.F.);
#4687=CARTESIAN_POINT('',(-44.653258219,63.216420946,7.32475738));
#4688=DIRECTION('',(-1.,-0.,-0.));
#4689=VECTOR('',#4688,1.945121556);
#4690=LINE('',#4687,#4689);
#4691=EDGE_CURVE('',#4217,#4680,#4690,.T.);
#4692=ORIENTED_EDGE('',*,*,#4691,.F.);
#4693=EDGE_LOOP('',(#4677,#4678,#4686,#4692));
#4694=FACE_BOUND('',#4693,.T.);
#4695=ADVANCED_FACE('',(#4694),#4676,.T.);
#4696=CARTESIAN_POINT('',(-47.553258219,63.615368198,7.09132097));
#4697=DIRECTION('',(1.,0.,0.));
#4698=DIRECTION('',(-0.,0.,1.));
#4699=AXIS2_PLACEMENT_3D('',#4696,#4697,#4698);
#4700=CYLINDRICAL_SURFACE('',#4699,0.462224477);
#4701=ORIENTED_EDGE('',*,*,#4691,.T.);
#4702=CARTESIAN_POINT('',(-46.598379775,63.153143721,7.09132097));
#4703=VERTEX_POINT('',#4702);
#4704=CARTESIAN_POINT('',(-46.598379775,63.615368198,7.09132097));
#4705=DIRECTION('',(1.,-0.,0.));
#4706=DIRECTION('',(-0.,0.,1.));
#4707=AXIS2_PLACEMENT_3D('',#4704,#4705,#4706);
#4708=CIRCLE('',#4707,0.462224477);
#4709=EDGE_CURVE('',#4680,#4703,#4708,.T.);
#4710=ORIENTED_EDGE('',*,*,#4709,.T.);
#4711=CARTESIAN_POINT('',(-46.598379775,63.153143721,7.09132097));
#4712=DIRECTION('',(1.,0.,0.));
#4713=VECTOR('',#4712,1.945121556);
#4714=LINE('',#4711,#4713);
#4715=EDGE_CURVE('',#4703,#4225,#4714,.T.);
#4716=ORIENTED_EDGE('',*,*,#4715,.T.);
#4717=ORIENTED_EDGE('',*,*,#4231,.T.);
#4718=EDGE_LOOP('',(#4701,#4710,#4716,#4717));
#4719=FACE_BOUND('',#4718,.T.);
#4720=ADVANCED_FACE('',(#4719),#4700,.T.);
#4721=CARTESIAN_POINT('',(-47.553258219,63.153143721,6.424464102));
#4722=DIRECTION('',(0.,1.,0.));
#4723=DIRECTION('',(-0.,0.,1.));
#4724=AXIS2_PLACEMENT_3D('',#4721,#4722,#4723);
#4725=PLANE('',#4724);
#4726=CARTESIAN_POINT('',(-46.598379775,63.153143721,5.680787866));
#4727=VERTEX_POINT('',#4726);
#4728=CARTESIAN_POINT('',(-46.598379775,63.153143721,7.09132097));
#4729=DIRECTION('',(0.,0.,-1.));
#4730=VECTOR('',#4729,1.410533104);
#4731=LINE('',#4728,#4730);
#4732=EDGE_CURVE('',#4703,#4727,#4731,.T.);
#4733=ORIENTED_EDGE('',*,*,#4732,.T.);
#4734=CARTESIAN_POINT('',(-44.653258219,63.153143721,5.680787866));
#4735=DIRECTION('',(-1.,0.,-0.));
#4736=VECTOR('',#4735,1.945121556);
#4737=LINE('',#4734,#4736);
#4738=EDGE_CURVE('',#4234,#4727,#4737,.T.);
#4739=ORIENTED_EDGE('',*,*,#4738,.F.);
#4740=ORIENTED_EDGE('',*,*,#4239,.F.);
#4741=ORIENTED_EDGE('',*,*,#4715,.F.);
#4742=EDGE_LOOP('',(#4733,#4739,#4740,#4741));
#4743=FACE_BOUND('',#4742,.T.);
#4744=ADVANCED_FACE('',(#4743),#4725,.F.);
#4745=CARTESIAN_POINT('',(-44.653258219,62.898192065,5.680787866));
#4746=DIRECTION('',(-1.,0.,-0.));
#4747=DIRECTION('',(0.,0.,-1.));
#4748=AXIS2_PLACEMENT_3D('',#4745,#4746,#4747);
#4749=CYLINDRICAL_SURFACE('',#4748,0.254951656);
#4750=CARTESIAN_POINT('',(-46.598379775,63.098839055,5.523494724));
#4751=VERTEX_POINT('',#4750);
#4752=CARTESIAN_POINT('',(-46.598379775,62.898192065,5.680787866));
#4753=DIRECTION('',(-1.,0.,-0.));
#4754=DIRECTION('',(-0.,0.,1.));
#4755=AXIS2_PLACEMENT_3D('',#4752,#4753,#4754);
#4756=CIRCLE('',#4755,0.254951656);
#4757=EDGE_CURVE('',#4727,#4751,#4756,.T.);
#4758=ORIENTED_EDGE('',*,*,#4757,.T.);
#4759=CARTESIAN_POINT('',(-46.598379775,63.098839055,5.523494724));
#4760=DIRECTION('',(1.,-0.,0.));
#4761=VECTOR('',#4760,1.945121556);
#4762=LINE('',#4759,#4761);
#4763=EDGE_CURVE('',#4751,#4242,#4762,.T.);
#4764=ORIENTED_EDGE('',*,*,#4763,.T.);
#4765=ORIENTED_EDGE('',*,*,#4248,.T.);
#4766=ORIENTED_EDGE('',*,*,#4738,.T.);
#4767=EDGE_LOOP('',(#4758,#4764,#4765,#4766));
#4768=FACE_BOUND('',#4767,.T.);
#4769=ADVANCED_FACE('',(#4768),#4749,.F.);
#4770=CARTESIAN_POINT('',(-44.653258219,63.962267402,4.846627566));
#4771=DIRECTION('',(-1.,0.,-0.));
#4772=DIRECTION('',(0.,0.,-1.));
#4773=AXIS2_PLACEMENT_3D('',#4770,#4771,#4772);
#4774=CYLINDRICAL_SURFACE('',#4773,1.097113331);
#4775=ORIENTED_EDGE('',*,*,#4257,.F.);
#4776=ORIENTED_EDGE('',*,*,#4763,.F.);
#4777=CARTESIAN_POINT('',(-46.598379775,63.098839055,4.169760408));
#4778=VERTEX_POINT('',#4777);
#4779=CARTESIAN_POINT('',(-46.598379775,63.962267402,4.846627566));
#4780=DIRECTION('',(1.,-0.,0.));
#4781=DIRECTION('',(-0.,0.,1.));
#4782=AXIS2_PLACEMENT_3D('',#4779,#4780,#4781);
#4783=CIRCLE('',#4782,1.097113331);
#4784=EDGE_CURVE('',#4751,#4778,#4783,.T.);
#4785=ORIENTED_EDGE('',*,*,#4784,.T.);
#4786=CARTESIAN_POINT('',(-44.653258219,63.098839055,4.169760408));
#4787=DIRECTION('',(-1.,0.,-0.));
#4788=VECTOR('',#4787,1.945121556);
#4789=LINE('',#4786,#4788);
#4790=EDGE_CURVE('',#4251,#4778,#4789,.T.);
#4791=ORIENTED_EDGE('',*,*,#4790,.F.);
#4792=EDGE_LOOP('',(#4775,#4776,#4785,#4791));
#4793=FACE_BOUND('',#4792,.T.);
#4794=ADVANCED_FACE('',(#4793),#4774,.T.);
#4795=CARTESIAN_POINT('',(-44.653258219,62.898192065,4.012467267));
#4796=DIRECTION('',(-1.,0.,-0.));
#4797=DIRECTION('',(0.,0.,-1.));
#4798=AXIS2_PLACEMENT_3D('',#4795,#4796,#4797);
#4799=CYLINDRICAL_SURFACE('',#4798,0.254951656);
#4800=ORIENTED_EDGE('',*,*,#4266,.T.);
#4801=ORIENTED_EDGE('',*,*,#4790,.T.);
#4802=CARTESIAN_POINT('',(-46.598379775,63.153143721,4.012467267));
#4803=VERTEX_POINT('',#4802);
#4804=CARTESIAN_POINT('',(-46.598379775,62.898192065,4.012467267));
#4805=DIRECTION('',(-1.,0.,-0.));
#4806=DIRECTION('',(-0.,0.,1.));
#4807=AXIS2_PLACEMENT_3D('',#4804,#4805,#4806);
#4808=CIRCLE('',#4807,0.254951656);
#4809=EDGE_CURVE('',#4778,#4803,#4808,.T.);
#4810=ORIENTED_EDGE('',*,*,#4809,.T.);
#4811=CARTESIAN_POINT('',(-46.598379775,63.153143721,4.012467267));
#4812=DIRECTION('',(1.,-0.,0.));
#4813=VECTOR('',#4812,1.945121556);
#4814=LINE('',#4811,#4813);
#4815=EDGE_CURVE('',#4803,#4260,#4814,.T.);
#4816=ORIENTED_EDGE('',*,*,#4815,.T.);
#4817=EDGE_LOOP('',(#4800,#4801,#4810,#4816));
#4818=FACE_BOUND('',#4817,.T.);
#4819=ADVANCED_FACE('',(#4818),#4799,.F.);
#4820=CARTESIAN_POINT('',(-47.553258219,63.153143721,6.424464102));
#4821=DIRECTION('',(0.,1.,0.));
#4822=DIRECTION('',(-0.,0.,1.));
#4823=AXIS2_PLACEMENT_3D('',#4820,#4821,#4822);
#4824=PLANE('',#4823);
#4825=CARTESIAN_POINT('',(-46.598379775,63.153143721,3.798868456));
#4826=VERTEX_POINT('',#4825);
#4827=CARTESIAN_POINT('',(-46.598379775,63.153143721,4.012467267));
#4828=DIRECTION('',(0.,0.,-1.));
#4829=VECTOR('',#4828,0.213598811);
#4830=LINE('',#4827,#4829);
#4831=EDGE_CURVE('',#4803,#4826,#4830,.T.);
#4832=ORIENTED_EDGE('',*,*,#4831,.T.);
#4833=CARTESIAN_POINT('',(-46.598379775,63.153143721,3.798868456));
#4834=DIRECTION('',(1.,-0.,0.));
#4835=VECTOR('',#4834,1.945121556);
#4836=LINE('',#4833,#4835);
#4837=EDGE_CURVE('',#4826,#4269,#4836,.T.);
#4838=ORIENTED_EDGE('',*,*,#4837,.T.);
#4839=ORIENTED_EDGE('',*,*,#4274,.F.);
#4840=ORIENTED_EDGE('',*,*,#4815,.F.);
#4841=EDGE_LOOP('',(#4832,#4838,#4839,#4840));
#4842=FACE_BOUND('',#4841,.T.);
#4843=ADVANCED_FACE('',(#4842),#4824,.F.);
#4844=CARTESIAN_POINT('',(-44.553258219,61.553143721,3.798868456));
#4845=DIRECTION('',(-1.,0.,-0.));
#4846=DIRECTION('',(0.,0.,-1.));
#4847=AXIS2_PLACEMENT_3D('',#4844,#4845,#4846);
#4848=CYLINDRICAL_SURFACE('',#4847,1.6);
#4849=CARTESIAN_POINT('',(-46.598379775,61.553143721,2.198868456));
#4850=VERTEX_POINT('',#4849);
#4851=CARTESIAN_POINT('',(-46.598379775,61.553143721,2.198868456));
#4852=DIRECTION('',(1.,-0.,0.));
#4853=VECTOR('',#4852,1.945121556);
#4854=LINE('',#4851,#4853);
#4855=EDGE_CURVE('',#4850,#4277,#4854,.T.);
#4856=ORIENTED_EDGE('',*,*,#4855,.F.);
#4857=CARTESIAN_POINT('',(-46.598379775,59.953147767,3.798868456));
#4858=VERTEX_POINT('',#4857);
#4859=CARTESIAN_POINT('',(-46.598379775,61.553143721,3.798868456));
#4860=DIRECTION('',(1.,-0.,0.));
#4861=DIRECTION('',(-0.,0.,1.));
#4862=AXIS2_PLACEMENT_3D('',#4859,#4860,#4861);
#4863=CIRCLE('',#4862,1.6);
#4864=EDGE_CURVE('',#4858,#4850,#4863,.T.);
#4865=ORIENTED_EDGE('',*,*,#4864,.F.);
#4866=CARTESIAN_POINT('',(-46.598379775,59.953147767,3.798868456));
#4867=DIRECTION('',(1.,-0.,0.));
#4868=VECTOR('',#4867,1.945121556);
#4869=LINE('',#4866,#4868);
#4870=EDGE_CURVE('',#4858,#4286,#4869,.T.);
#4871=ORIENTED_EDGE('',*,*,#4870,.T.);
#4872=ORIENTED_EDGE('',*,*,#4292,.F.);
#4873=EDGE_LOOP('',(#4856,#4865,#4871,#4872));
#4874=FACE_BOUND('',#4873,.T.);
#4875=ADVANCED_FACE('',(#4874),#4848,.F.);
#4876=CARTESIAN_POINT('',(-47.553258219,59.953147767,6.424464102));
#4877=DIRECTION('',(0.,-1.,0.));
#4878=DIRECTION('',(0.,0.,-1.));
#4879=AXIS2_PLACEMENT_3D('',#4876,#4877,#4878);
#4880=PLANE('',#4879);
#4881=ORIENTED_EDGE('',*,*,#4300,.F.);
#4882=ORIENTED_EDGE('',*,*,#4870,.F.);
#4883=CARTESIAN_POINT('',(-46.598379775,59.953147767,3.981182823));
#4884=VERTEX_POINT('',#4883);
#4885=CARTESIAN_POINT('',(-46.598379775,59.953147767,3.798868456));
#4886=DIRECTION('',(-0.,0.,1.));
#4887=VECTOR('',#4886,0.182314368);
#4888=LINE('',#4885,#4887);
#4889=EDGE_CURVE('',#4858,#4884,#4888,.T.);
#4890=ORIENTED_EDGE('',*,*,#4889,.T.);
#4891=CARTESIAN_POINT('',(-44.653258219,59.953147767,3.981182823));
#4892=DIRECTION('',(-1.,0.,-0.));
#4893=VECTOR('',#4892,1.945121556);
#4894=LINE('',#4891,#4893);
#4895=EDGE_CURVE('',#4295,#4884,#4894,.T.);
#4896=ORIENTED_EDGE('',*,*,#4895,.F.);
#4897=EDGE_LOOP('',(#4881,#4882,#4890,#4896));
#4898=FACE_BOUND('',#4897,.T.);
#4899=ADVANCED_FACE('',(#4898),#4880,.F.);
#4900=CARTESIAN_POINT('',(-44.653258219,60.208099423,3.981182823));
#4901=DIRECTION('',(-1.,0.,-0.));
#4902=DIRECTION('',(0.,0.,-1.));
#4903=AXIS2_PLACEMENT_3D('',#4900,#4901,#4902);
#4904=CYLINDRICAL_SURFACE('',#4903,0.254951656);
#4905=CARTESIAN_POINT('',(-46.598379775,60.012220312,4.144375105));
#4906=VERTEX_POINT('',#4905);
#4907=CARTESIAN_POINT('',(-46.598379775,60.208099423,3.981182823));
#4908=DIRECTION('',(-1.,0.,-0.));
#4909=DIRECTION('',(-0.,0.,1.));
#4910=AXIS2_PLACEMENT_3D('',#4907,#4908,#4909);
#4911=CIRCLE('',#4910,0.254951656);
#4912=EDGE_CURVE('',#4884,#4906,#4911,.T.);
#4913=ORIENTED_EDGE('',*,*,#4912,.T.);
#4914=CARTESIAN_POINT('',(-46.598379775,60.012220312,4.144375105));
#4915=DIRECTION('',(1.,-0.,0.));
#4916=VECTOR('',#4915,1.945121556);
#4917=LINE('',#4914,#4916);
#4918=EDGE_CURVE('',#4906,#4303,#4917,.T.);
#4919=ORIENTED_EDGE('',*,*,#4918,.T.);
#4920=ORIENTED_EDGE('',*,*,#4309,.T.);
#4921=ORIENTED_EDGE('',*,*,#4895,.T.);
#4922=EDGE_LOOP('',(#4913,#4919,#4920,#4921));
#4923=FACE_BOUND('',#4922,.T.);
#4924=ADVANCED_FACE('',(#4923),#4904,.F.);
#4925=CARTESIAN_POINT('',(-44.653258219,59.169309201,4.846627566));
#4926=DIRECTION('',(-1.,0.,-0.));
#4927=DIRECTION('',(0.,0.,-1.));
#4928=AXIS2_PLACEMENT_3D('',#4925,#4926,#4927);
#4929=CYLINDRICAL_SURFACE('',#4928,1.097113331);
#4930=CARTESIAN_POINT('',(-46.598379775,60.012220312,5.548880027));
#4931=VERTEX_POINT('',#4930);
#4932=CARTESIAN_POINT('',(-46.598379775,59.169309201,4.846627566));
#4933=DIRECTION('',(1.,-0.,0.));
#4934=DIRECTION('',(-0.,0.,1.));
#4935=AXIS2_PLACEMENT_3D('',#4932,#4933,#4934);
#4936=CIRCLE('',#4935,1.097113331);
#4937=EDGE_CURVE('',#4906,#4931,#4936,.T.);
#4938=ORIENTED_EDGE('',*,*,#4937,.T.);
#4939=CARTESIAN_POINT('',(-44.653258219,60.012220312,5.548880027));
#4940=DIRECTION('',(-1.,0.,-0.));
#4941=VECTOR('',#4940,1.945121556);
#4942=LINE('',#4939,#4941);
#4943=EDGE_CURVE('',#4312,#4931,#4942,.T.);
#4944=ORIENTED_EDGE('',*,*,#4943,.F.);
#4945=ORIENTED_EDGE('',*,*,#4318,.F.);
#4946=ORIENTED_EDGE('',*,*,#4918,.F.);
#4947=EDGE_LOOP('',(#4938,#4944,#4945,#4946));
#4948=FACE_BOUND('',#4947,.T.);
#4949=ADVANCED_FACE('',(#4948),#4929,.T.);
#4950=CARTESIAN_POINT('',(-44.653258219,60.208099423,5.712072309));
#4951=DIRECTION('',(-1.,0.,-0.));
#4952=DIRECTION('',(0.,0.,-1.));
#4953=AXIS2_PLACEMENT_3D('',#4950,#4951,#4952);
#4954=CYLINDRICAL_SURFACE('',#4953,0.254951656);
#4955=ORIENTED_EDGE('',*,*,#4327,.T.);
#4956=ORIENTED_EDGE('',*,*,#4943,.T.);
#4957=CARTESIAN_POINT('',(-46.598379775,59.953147767,5.712072309));
#4958=VERTEX_POINT('',#4957);
#4959=CARTESIAN_POINT('',(-46.598379775,60.208099423,5.712072309));
#4960=DIRECTION('',(-1.,0.,-0.));
#4961=DIRECTION('',(-0.,0.,1.));
#4962=AXIS2_PLACEMENT_3D('',#4959,#4960,#4961);
#4963=CIRCLE('',#4962,0.254951656);
#4964=EDGE_CURVE('',#4931,#4958,#4963,.T.);
#4965=ORIENTED_EDGE('',*,*,#4964,.T.);
#4966=CARTESIAN_POINT('',(-46.598379775,59.953147767,5.712072309));
#4967=DIRECTION('',(1.,-0.,0.));
#4968=VECTOR('',#4967,1.945121556);
#4969=LINE('',#4966,#4968);
#4970=EDGE_CURVE('',#4958,#4321,#4969,.T.);
#4971=ORIENTED_EDGE('',*,*,#4970,.T.);
#4972=EDGE_LOOP('',(#4955,#4956,#4965,#4971));
#4973=FACE_BOUND('',#4972,.T.);
#4974=ADVANCED_FACE('',(#4973),#4954,.F.);
#4975=CARTESIAN_POINT('',(-47.553258219,59.953147767,6.424464102));
#4976=DIRECTION('',(0.,-1.,0.));
#4977=DIRECTION('',(0.,0.,-1.));
#4978=AXIS2_PLACEMENT_3D('',#4975,#4976,#4977);
#4979=PLANE('',#4978);
#4980=CARTESIAN_POINT('',(-46.598379775,59.953145744,9.050059749));
#4981=VERTEX_POINT('',#4980);
#4982=CARTESIAN_POINT('',(-46.598379775,59.953147767,5.712072309));
#4983=DIRECTION('',(-0.,0.,1.));
#4984=VECTOR('',#4983,3.33798744);
#4985=LINE('',#4982,#4984);
#4986=EDGE_CURVE('',#4958,#4981,#4985,.T.);
#4987=ORIENTED_EDGE('',*,*,#4986,.T.);
#4988=CARTESIAN_POINT('',(-46.598379775,59.953145744,9.050059749));
#4989=DIRECTION('',(1.,0.,0.));
#4990=VECTOR('',#4989,1.945121556);
#4991=LINE('',#4988,#4990);
#4992=EDGE_CURVE('',#4981,#4330,#4991,.T.);
#4993=ORIENTED_EDGE('',*,*,#4992,.T.);
#4994=ORIENTED_EDGE('',*,*,#4335,.F.);
#4995=ORIENTED_EDGE('',*,*,#4970,.F.);
#4996=EDGE_LOOP('',(#4987,#4993,#4994,#4995));
#4997=FACE_BOUND('',#4996,.T.);
#4998=ADVANCED_FACE('',(#4997),#4979,.F.);
#4999=CARTESIAN_POINT('',(-47.553258219,61.553143721,9.050059749));
#5000=DIRECTION('',(1.,0.,0.));
#5001=DIRECTION('',(-0.,0.,1.));
#5002=AXIS2_PLACEMENT_3D('',#4999,#5000,#5001);
#5003=CYLINDRICAL_SURFACE('',#5002,1.6);
#5004=ORIENTED_EDGE('',*,*,#4344,.F.);
#5005=ORIENTED_EDGE('',*,*,#4992,.F.);
#5006=CARTESIAN_POINT('',(-46.598379775,61.556853179,10.650055449));
#5007=VERTEX_POINT('',#5006);
#5008=CARTESIAN_POINT('',(-46.598379775,61.553143721,9.050059749));
#5009=DIRECTION('',(-1.,0.,-0.));
#5010=DIRECTION('',(-0.,0.,1.));
#5011=AXIS2_PLACEMENT_3D('',#5008,#5009,#5010);
#5012=CIRCLE('',#5011,1.6);
#5013=EDGE_CURVE('',#4981,#5007,#5012,.T.);
#5014=ORIENTED_EDGE('',*,*,#5013,.T.);
#5015=CARTESIAN_POINT('',(-46.598379775,61.556853179,10.653541402));
#5016=CARTESIAN_POINT('',(-44.653258219,61.556629419,10.653541402));
#5017=B_SPLINE_CURVE_WITH_KNOTS('',1,(#5015,#5016),.UNSPECIFIED.,.F.,.F.,(2,2),(0.,1.),.UNSPECIFIED.);
#5018=EDGE_CURVE('',#5007,#4338,#5017,.T.);
#5019=ORIENTED_EDGE('',*,*,#5018,.T.);
#5020=EDGE_LOOP('',(#5004,#5005,#5014,#5019));
#5021=FACE_BOUND('',#5020,.T.);
#5022=ADVANCED_FACE('',(#5021),#5003,.F.);
#5023=CARTESIAN_POINT('',(-47.553258219,64.220104925,10.653541402));
#5024=DIRECTION('',(-0.,0.,1.));
#5025=DIRECTION('',(-0.,-1.,0.));
#5026=AXIS2_PLACEMENT_3D('',#5023,#5024,#5025);
#5027=PLANE('',#5026);
#5028=ORIENTED_EDGE('',*,*,#4352,.F.);
#5029=ORIENTED_EDGE('',*,*,#5018,.F.);
#5030=CARTESIAN_POINT('',(-46.598379775,64.720637215,10.653541402));
#5031=VERTEX_POINT('',#5030);
#5032=CARTESIAN_POINT('',(-46.598379775,61.556853179,10.653541402));
#5033=DIRECTION('',(0.,1.,-0.));
#5034=VECTOR('',#5033,3.163784036);
#5035=LINE('',#5032,#5034);
#5036=EDGE_CURVE('',#5007,#5031,#5035,.T.);
#5037=ORIENTED_EDGE('',*,*,#5036,.T.);
#5038=CARTESIAN_POINT('',(-44.653258219,64.720637215,10.653541402));
#5039=DIRECTION('',(-1.,0.,-0.));
#5040=VECTOR('',#5039,1.945121556);
#5041=LINE('',#5038,#5040);
#5042=EDGE_CURVE('',#4347,#5031,#5041,.T.);
#5043=ORIENTED_EDGE('',*,*,#5042,.F.);
#5044=EDGE_LOOP('',(#5028,#5029,#5037,#5043));
#5045=FACE_BOUND('',#5044,.T.);
#5046=ADVANCED_FACE('',(#5045),#5027,.F.);
#5047=CARTESIAN_POINT('',(-5.299207212,64.720637215,11.486047908));
#5048=DIRECTION('',(-1.,0.,-0.));
#5049=DIRECTION('',(0.,0.,-1.));
#5050=AXIS2_PLACEMENT_3D('',#5047,#5048,#5049);
#5051=CYLINDRICAL_SURFACE('',#5050,0.832506506);
#5052=CARTESIAN_POINT('',(-46.598379775,64.720637215,11.486047908));
#5053=DIRECTION('',(1.,0.,0.));
#5054=DIRECTION('',(0.,0.,-1.));
#5055=AXIS2_PLACEMENT_3D('',#5052,#5053,#5054);
#5056=CIRCLE('',#5055,0.832506506);
#5057=EDGE_CURVE('',#5031,#4612,#5056,.T.);
#5058=ORIENTED_EDGE('',*,*,#5057,.T.);
#5059=ORIENTED_EDGE('',*,*,#4617,.T.);
#5060=ORIENTED_EDGE('',*,*,#4361,.T.);
#5061=ORIENTED_EDGE('',*,*,#5042,.T.);
#5062=EDGE_LOOP('',(#5058,#5059,#5060,#5061));
#5063=FACE_BOUND('',#5062,.T.);
#5064=ADVANCED_FACE('',(#5063),#5051,.T.);
#5065=CARTESIAN_POINT('',(-46.598379775,62.152469236,3.607155305));
#5066=DIRECTION('',(-1.,0.,-0.));
#5067=DIRECTION('',(0.,0.,-1.));
#5068=AXIS2_PLACEMENT_3D('',#5065,#5066,#5067);
#5069=PLANE('',#5068);
#5070=ORIENTED_EDGE('',*,*,#4685,.T.);
#5071=ORIENTED_EDGE('',*,*,#4660,.F.);
#5072=CARTESIAN_POINT('',(-46.598379775,64.720637215,6.522196724));
#5073=DIRECTION('',(1.,0.,0.));
#5074=DIRECTION('',(0.,0.,-1.));
#5075=AXIS2_PLACEMENT_3D('',#5072,#5073,#5074);
#5076=CIRCLE('',#5075,0.832506506);
#5077=EDGE_CURVE('',#4620,#4646,#5076,.T.);
#5078=ORIENTED_EDGE('',*,*,#5077,.F.);
#5079=ORIENTED_EDGE('',*,*,#4625,.T.);
#5080=ORIENTED_EDGE('',*,*,#5057,.F.);
#5081=ORIENTED_EDGE('',*,*,#5036,.F.);
#5082=ORIENTED_EDGE('',*,*,#5013,.F.);
#5083=ORIENTED_EDGE('',*,*,#4986,.F.);
#5084=ORIENTED_EDGE('',*,*,#4964,.F.);
#5085=ORIENTED_EDGE('',*,*,#4937,.F.);
#5086=ORIENTED_EDGE('',*,*,#4912,.F.);
#5087=ORIENTED_EDGE('',*,*,#4889,.F.);
#5088=ORIENTED_EDGE('',*,*,#4864,.T.);
#5089=CARTESIAN_POINT('',(-46.598379775,61.553143721,3.798868456));
#5090=DIRECTION('',(1.,-0.,0.));
#5091=DIRECTION('',(-0.,0.,1.));
#5092=AXIS2_PLACEMENT_3D('',#5089,#5090,#5091);
#5093=CIRCLE('',#5092,1.6);
#5094=EDGE_CURVE('',#4850,#4826,#5093,.T.);
#5095=ORIENTED_EDGE('',*,*,#5094,.T.);
#5096=ORIENTED_EDGE('',*,*,#4831,.F.);
#5097=ORIENTED_EDGE('',*,*,#4809,.F.);
#5098=ORIENTED_EDGE('',*,*,#4784,.F.);
#5099=ORIENTED_EDGE('',*,*,#4757,.F.);
#5100=ORIENTED_EDGE('',*,*,#4732,.F.);
#5101=ORIENTED_EDGE('',*,*,#4709,.F.);
#5102=EDGE_LOOP('',(#5070,#5071,#5078,#5079,#5080,#5081,#5082,#5083,#5084,#5085,#5086,#5087,#5088,#5095,#5096,#5097,#5098,#5099,#5100,#5101));
#5103=FACE_BOUND('',#5102,.T.);
#5104=ADVANCED_FACE('',(#5103),#5069,.F.);
#5105=CARTESIAN_POINT('',(-35.093723165,-48.543883965,14.800816686));
#5106=CARTESIAN_POINT('',(-35.093723165,-48.636444027,14.708256625));
#5107=CARTESIAN_POINT('',(-35.080830989,-48.729001799,14.615698853));
#5108=CARTESIAN_POINT('',(-35.029756462,-48.91056489,14.434135762));
#5109=CARTESIAN_POINT('',(-34.991575374,-48.999565719,14.345134932));
#5110=CARTESIAN_POINT('',(-34.891389086,-49.170594412,14.17410624));
#5111=CARTESIAN_POINT('',(-34.829386363,-49.252618046,14.092082606));
#5112=CARTESIAN_POINT('',(-34.683938416,-49.406539802,13.93816085));
#5113=CARTESIAN_POINT('',(-34.600496789,-49.478434118,13.866266533));
#5114=CARTESIAN_POINT('',(-34.415376666,-49.609333812,13.735366839));
#5115=CARTESIAN_POINT('',(-34.313702749,-49.668335953,13.676364699));
#5116=CARTESIAN_POINT('',(-34.096024513,-49.771183183,13.573517469));
#5117=CARTESIAN_POINT('',(-33.980025578,-49.815025728,13.529674923));
#5118=CARTESIAN_POINT('',(-33.738154482,-49.885868132,13.45883252));
#5119=CARTESIAN_POINT('',(-33.612288302,-49.912866239,13.431834413));
#5120=CARTESIAN_POINT('',(-33.355519316,-49.948981383,13.395719269));
#5121=CARTESIAN_POINT('',(-33.224622859,-49.958097528,13.386603124));
#5122=CARTESIAN_POINT('',(-33.093723165,-49.958097528,13.386603124));
#5123=CARTESIAN_POINT('',(-35.093723165,-48.412984271,14.408117605));
#5124=CARTESIAN_POINT('',(-35.081607081,-48.500090179,14.321011697));
#5125=CARTESIAN_POINT('',(-35.058123307,-48.585506889,14.233907405));
#5126=CARTESIAN_POINT('',(-34.989262642,-48.750103485,14.062625169));
#5127=CARTESIAN_POINT('',(-34.943887156,-48.829280358,13.978450404));
#5128=CARTESIAN_POINT('',(-34.832813699,-48.978756028,13.81586038));
#5129=CARTESIAN_POINT('',(-34.76711789,-49.049052124,13.737448145));
#5130=CARTESIAN_POINT('',(-34.617647852,-49.178434692,13.589026486));
#5131=CARTESIAN_POINT('',(-34.53387647,-49.237518861,13.519019834));
#5132=CARTESIAN_POINT('',(-34.351097291,-49.34253109,13.389775437));
#5133=CARTESIAN_POINT('',(-34.252092934,-49.388457318,13.330540125));
#5134=CARTESIAN_POINT('',(-34.04219301,-49.465654581,13.224848847));
#5135=CARTESIAN_POINT('',(-33.931301365,-49.496924308,13.178394895));
#5136=CARTESIAN_POINT('',(-33.701364348,-49.54380425,13.099854101));
#5137=CARTESIAN_POINT('',(-33.582323253,-49.559413719,13.067768787));
#5138=CARTESIAN_POINT('',(-33.340093592,-49.574494581,13.019076943));
#5139=CARTESIAN_POINT('',(-33.21690952,-49.573965811,13.002471407));
#5140=CARTESIAN_POINT('',(-33.093723165,-49.565398446,12.993904042));
#5141=CARTESIAN_POINT('',(-35.119750488,-48.282136081,14.015573033));
#5142=CARTESIAN_POINT('',(-35.097812552,-48.360182986,13.932742879));
#5143=CARTESIAN_POINT('',(-35.066212323,-48.435470053,13.849913926));
#5144=CARTESIAN_POINT('',(-34.984643525,-48.578324081,13.686709753));
#5145=CARTESIAN_POINT('',(-34.93467617,-48.645889024,13.6063369));
#5146=CARTESIAN_POINT('',(-34.81786705,-48.771326468,13.450429279));
#5147=CARTESIAN_POINT('',(-34.751026994,-48.829197207,13.374896775));
#5148=CARTESIAN_POINT('',(-34.602458718,-48.933563414,13.230912639));
#5149=CARTESIAN_POINT('',(-34.520732655,-48.980057426,13.162463104));
#5150=CARTESIAN_POINT('',(-34.34481271,-49.060325301,13.034680457));
#5151=CARTESIAN_POINT('',(-34.25062137,-49.09409806,12.975349212));
#5152=CARTESIAN_POINT('',(-34.052554573,-49.147955063,12.867571774));
#5153=CARTESIAN_POINT('',(-33.948681969,-49.168038583,12.819127165));
#5154=CARTESIAN_POINT('',(-33.734318473,-49.193952808,12.734572759));
#5155=CARTESIAN_POINT('',(-33.623830662,-49.199783189,12.698464215));
#5156=CARTESIAN_POINT('',(-33.399495343,-49.197046671,12.639670121));
#5157=CARTESIAN_POINT('',(-33.285651056,-49.18847986,12.616985456));
#5158=CARTESIAN_POINT('',(-33.171805135,-49.172853875,12.601359471));
#5159=CARTESIAN_POINT('',(-35.219936777,-48.040264985,13.289959745));
#5160=CARTESIAN_POINT('',(-35.185748179,-48.097719518,13.21404009));
#5161=CARTESIAN_POINT('',(-35.145003464,-48.151214181,13.138121057));
#5162=CARTESIAN_POINT('',(-35.051339003,-48.249113645,12.987987745));
#5163=CARTESIAN_POINT('',(-34.998420057,-48.293517701,12.913774698));
#5164=CARTESIAN_POINT('',(-34.881610029,-48.372272242,12.768722114));
#5165=CARTESIAN_POINT('',(-34.81771992,-48.406622144,12.69788377));
#5166=CARTESIAN_POINT('',(-34.68040823,-48.464532869,12.561175615));
#5167=CARTESIAN_POINT('',(-34.606987777,-48.488093282,12.495306933));
#5168=CARTESIAN_POINT('',(-34.452262198,-48.523932674,12.370024452));
#5169=CARTESIAN_POINT('',(-34.37095833,-48.536211424,12.310611694));
#5170=CARTESIAN_POINT('',(-34.202282976,-48.549247901,12.199586079));
#5171=CARTESIAN_POINT('',(-34.11491285,-48.550005584,12.147974153));
#5172=CARTESIAN_POINT('',(-33.936052888,-48.540017226,12.053724203));
#5173=CARTESIAN_POINT('',(-33.844564488,-48.529271324,12.011086981));
#5174=CARTESIAN_POINT('',(-33.659504653,-48.496548547,11.935763345));
#5175=CARTESIAN_POINT('',(-33.565934701,-48.47457199,11.903077587));
#5176=CARTESIAN_POINT('',(-33.472364,-48.447240587,11.875746183));
#5177=CARTESIAN_POINT('',(-35.294056323,-47.929337245,12.957176527));
#5178=CARTESIAN_POINT('',(-35.25741332,-47.975307214,12.883890521));
#5179=CARTESIAN_POINT('',(-35.215612082,-48.017177277,12.810604974));
#5180=CARTESIAN_POINT('',(-35.122505162,-48.091924294,12.665462626));
#5181=CARTESIAN_POINT('',(-35.071200058,-48.124800804,12.593606733));
#5182=CARTESIAN_POINT('',(-34.960079251,-48.180941469,12.452725903));
#5183=CARTESIAN_POINT('',(-34.900264233,-48.204205297,12.383701849));
#5184=CARTESIAN_POINT('',(-34.773279349,-48.24068807,12.24983251));
#5185=CARTESIAN_POINT('',(-34.706110263,-48.25390681,12.184988064));
#5186=CARTESIAN_POINT('',(-34.565712863,-48.270061588,12.060745443));
#5187=CARTESIAN_POINT('',(-34.492485409,-48.272997547,12.001348047));
#5188=CARTESIAN_POINT('',(-34.341382085,-48.268547918,11.889162322));
#5189=CARTESIAN_POINT('',(-34.263507139,-48.261162378,11.8363747));
#5190=CARTESIAN_POINT('',(-34.104607995,-48.236230348,11.738444214));
#5191=CARTESIAN_POINT('',(-34.023584768,-48.218684032,11.693301971));
#5192=CARTESIAN_POINT('',(-33.859948075,-48.173787154,11.611550845));
#5193=CARTESIAN_POINT('',(-33.777335609,-48.146436888,11.574942484));
#5194=CARTESIAN_POINT('',(-33.694722638,-48.114457368,11.542962964));
#5195=CARTESIAN_POINT('',(-35.479176445,-47.744217123,12.401816159));
#5196=CARTESIAN_POINT('',(-35.444566679,-47.769499923,12.332596628));
#5197=CARTESIAN_POINT('',(-35.407026595,-47.790793377,12.263377335));
#5198=CARTESIAN_POINT('',(-35.326629766,-47.825115376,12.125946919));
#5199=CARTESIAN_POINT('',(-35.283773293,-47.838143831,12.057736269));
#5200=CARTESIAN_POINT('',(-35.193360838,-47.85576946,11.923317543));
#5201=CARTESIAN_POINT('',(-35.145805155,-47.8603666,11.857109929));
#5202=CARTESIAN_POINT('',(-35.046675552,-47.861085237,11.727663371));
#5203=CARTESIAN_POINT('',(-34.995101956,-47.857206757,11.664424874));
#5204=CARTESIAN_POINT('',(-34.888672527,-47.841051979,11.541840666));
#5205=CARTESIAN_POINT('',(-34.833817039,-47.828775759,11.48249538));
#5206=CARTESIAN_POINT('',(-34.721604466,-47.796023978,11.368566619));
#5207=CARTESIAN_POINT('',(-34.664247744,-47.775548551,11.31398354));
#5208=CARTESIAN_POINT('',(-34.547847331,-47.726714287,11.210380764));
#5209=CARTESIAN_POINT('',(-34.488804016,-47.698355637,11.16136143));
#5210=CARTESIAN_POINT('',(-34.369867944,-47.6341835,11.069608808));
#5211=CARTESIAN_POINT('',(-34.309975571,-47.598370249,11.026875845));
#5212=CARTESIAN_POINT('',(-34.250083005,-47.559097001,10.987602597));
#5213=CARTESIAN_POINT('',(-35.590104185,-47.670097577,12.179457521));
#5214=CARTESIAN_POINT('',(-35.559949858,-47.686212342,12.11166852));
#5215=CARTESIAN_POINT('',(-35.527698308,-47.698579217,12.043879701));
#5216=CARTESIAN_POINT('',(-35.459403278,-47.715667082,11.909166083));
#5217=CARTESIAN_POINT('',(-35.423359976,-47.720388032,11.842241647));
#5218=CARTESIAN_POINT('',(-35.347931262,-47.722130825,11.710110268));
#5219=CARTESIAN_POINT('',(-35.308546045,-47.719152668,11.644903681));
#5220=CARTESIAN_POINT('',(-35.226924736,-47.705541663,11.517039776));
#5221=CARTESIAN_POINT('',(-35.184688853,-47.694908856,11.454382802));
#5222=CARTESIAN_POINT('',(-35.097892765,-47.666129977,11.332417696));
#5223=CARTESIAN_POINT('',(-35.053332783,-47.647983987,11.273109891));
#5224=CARTESIAN_POINT('',(-34.962443841,-47.604415333,11.158600385));
#5225=CARTESIAN_POINT('',(-34.916115116,-47.57899279,11.103398991));
#5226=CARTESIAN_POINT('',(-34.822265949,-47.521199742,10.99780768));
#5227=CARTESIAN_POINT('',(-34.774745748,-47.488829395,10.947418047));
#5228=CARTESIAN_POINT('',(-34.67910565,-47.41755737,10.85209482));
#5229=CARTESIAN_POINT('',(-34.630985999,-47.378655887,10.807161483));
#5230=CARTESIAN_POINT('',(-34.582866224,-47.336738363,10.765243959));
#5231=CARTESIAN_POINT('',(-35.771507507,-47.594957861,11.954038373));
#5232=CARTESIAN_POINT('',(-35.751134077,-47.601584595,11.887663455));
#5233=CARTESIAN_POINT('',(-35.729601755,-47.604755665,11.821288667));
#5234=CARTESIAN_POINT('',(-35.684451377,-47.604153895,11.689261267));
#5235=CARTESIAN_POINT('',(-35.660833409,-47.600381057,11.623608913));
#5236=CARTESIAN_POINT('',(-35.611766303,-47.585934296,11.493740982));
#5237=CARTESIAN_POINT('',(-35.58631726,-47.575260403,11.429525659));
#5238=CARTESIAN_POINT('',(-35.533862191,-47.547129339,11.303230806));
#5239=CARTESIAN_POINT('',(-35.506856267,-47.529672223,11.241151523));
#5240=CARTESIAN_POINT('',(-35.451578307,-47.488166196,11.119804595));
#5241=CARTESIAN_POINT('',(-35.423306378,-47.464117368,11.060537189));
#5242=CARTESIAN_POINT('',(-35.365800843,-47.40969098,10.945459357));
#5243=CARTESIAN_POINT('',(-35.336567348,-47.379313529,10.889649158));
#5244=CARTESIAN_POINT('',(-35.27745342,-47.312561676,10.782093579));
#5245=CARTESIAN_POINT('',(-35.247573101,-47.276187406,10.730348411));
#5246=CARTESIAN_POINT('',(-35.187487194,-47.197838794,10.631486625));
#5247=CARTESIAN_POINT('',(-35.157281721,-47.155864607,10.584370203));
#5248=CARTESIAN_POINT('',(-35.12707619,-47.111319214,10.53982481));
#5249=CARTESIAN_POINT('',(-35.834440596,-47.575867317,11.89676674));
#5250=CARTESIAN_POINT('',(-35.817828371,-47.580028273,11.830739802));
#5251=CARTESIAN_POINT('',(-35.800321038,-47.580820725,11.764712982));
#5252=CARTESIAN_POINT('',(-35.763697069,-47.575660873,11.633346843));
#5253=CARTESIAN_POINT('',(-35.744580498,-47.569708577,11.568007761));
#5254=CARTESIAN_POINT('',(-35.704935712,-47.551121671,11.43869768));
#5255=CARTESIAN_POINT('',(-35.684407568,-47.538487093,11.374726915));
#5256=CARTESIAN_POINT('',(-35.642151885,-47.506667627,11.248819814));
#5257=CARTESIAN_POINT('',(-35.620424421,-47.487482797,11.186883706));
#5258=CARTESIAN_POINT('',(-35.575994739,-47.442763014,11.065691095));
#5259=CARTESIAN_POINT('',(-35.5532926,-47.417228144,11.006434811));
#5260=CARTESIAN_POINT('',(-35.507148282,-47.360074573,10.891219137));
#5261=CARTESIAN_POINT('',(-35.483706185,-47.328455975,10.835259954));
#5262=CARTESIAN_POINT('',(-35.436324312,-47.259464562,10.727221461));
#5263=CARTESIAN_POINT('',(-35.412384621,-47.222091873,10.675142345));
#5264=CARTESIAN_POINT('',(-35.364255064,-47.141981781,10.575406585));
#5265=CARTESIAN_POINT('',(-35.340065283,-47.099244524,10.52775012));
#5266=CARTESIAN_POINT('',(-35.315875459,-47.054047582,10.482553178));
#5267=CARTESIAN_POINT('',(-35.962825089,-47.550330053,11.82015495));
#5268=CARTESIAN_POINT('',(-35.954258403,-47.551177493,11.754590556));
#5269=CARTESIAN_POINT('',(-35.945270705,-47.548776634,11.689026267));
#5270=CARTESIAN_POINT('',(-35.926539862,-47.537502301,11.558539157));
#5271=CARTESIAN_POINT('',(-35.916796746,-47.528628846,11.493616545));
#5272=CARTESIAN_POINT('',(-35.896648958,-47.504496615,11.365048196));
#5273=CARTESIAN_POINT('',(-35.886244317,-47.489237878,11.301402664));
#5274=CARTESIAN_POINT('',(-35.864873726,-47.45248483,11.176011398));
#5275=CARTESIAN_POINT('',(-35.853907809,-47.430990578,11.114265863));
#5276=CARTESIAN_POINT('',(-35.831520309,-47.381977231,10.993278941));
#5277=CARTESIAN_POINT('',(-35.820098759,-47.354458215,10.934037746));
#5278=CARTESIAN_POINT('',(-35.796910014,-47.293664992,10.818639368));
#5279=CARTESIAN_POINT('',(-35.785142854,-47.260390882,10.762482368));
#5280=CARTESIAN_POINT('',(-35.761376227,-47.188413405,10.653802093));
#5281=CARTESIAN_POINT('',(-35.749376798,-47.149710153,10.60127899));
#5282=CARTESIAN_POINT('',(-35.725261206,-47.067253414,10.500380691));
#5283=CARTESIAN_POINT('',(-35.713145082,-47.02350006,10.452005656));
#5284=CARTESIAN_POINT('',(-35.701028938,-46.977435791,10.405941388));
#5285=CARTESIAN_POINT('',(-36.028273318,-47.543883965,11.800816686));
#5286=CARTESIAN_POINT('',(-36.023989636,-47.543883965,11.735366839));
#5287=CARTESIAN_POINT('',(-36.019495516,-47.540668626,11.669917094));
#5288=CARTESIAN_POINT('',(-36.010129657,-47.527838212,11.539647718));
#5289=CARTESIAN_POINT('',(-36.005257931,-47.518223158,11.474828289));
#5290=CARTESIAN_POINT('',(-35.995183776,-47.492685894,11.346443796));
#5291=CARTESIAN_POINT('',(-35.989981362,-47.476763725,11.28287893));
#5292=CARTESIAN_POINT('',(-35.97929593,-47.438765549,11.157615733));
#5293=CARTESIAN_POINT('',(-35.973812929,-47.416689602,11.095917596));
#5294=CARTESIAN_POINT('',(-35.962619127,-47.366596458,10.974982048));
#5295=CARTESIAN_POINT('',(-35.956908344,-47.338579338,10.915744825));
#5296=CARTESIAN_POINT('',(-35.945313975,-47.27687365,10.800301601));
#5297=CARTESIAN_POINT('',(-35.939430407,-47.243185177,10.744095779));
#5298=CARTESIAN_POINT('',(-35.92754713,-47.170461203,10.635256662));
#5299=CARTESIAN_POINT('',(-35.92154744,-47.131425815,10.582623534));
#5300=CARTESIAN_POINT('',(-35.909489698,-47.048383929,10.481436702));
#5301=CARTESIAN_POINT('',(-35.903431666,-47.004377558,10.432883155));
#5302=CARTESIAN_POINT('',(-35.897373624,-46.958097528,10.386603124));
#5303=CARTESIAN_POINT('',(-36.093723165,-47.543883965,11.800816686));
#5304=CARTESIAN_POINT('',(-36.093723165,-47.543883965,11.735366839));
#5305=CARTESIAN_POINT('',(-36.093723165,-47.540668626,11.669917094));
#5306=CARTESIAN_POINT('',(-36.093723165,-47.527838212,11.539647718));
#5307=CARTESIAN_POINT('',(-36.093723165,-47.518223158,11.474828289));
#5308=CARTESIAN_POINT('',(-36.093723165,-47.492685894,11.346443796));
#5309=CARTESIAN_POINT('',(-36.093723165,-47.476763725,11.28287893));
#5310=CARTESIAN_POINT('',(-36.093723165,-47.438765549,11.157615733));
#5311=CARTESIAN_POINT('',(-36.093723165,-47.416689602,11.095917596));
#5312=CARTESIAN_POINT('',(-36.093723165,-47.366596458,10.974982048));
#5313=CARTESIAN_POINT('',(-36.093723165,-47.338579338,10.915744825));
#5314=CARTESIAN_POINT('',(-36.093723165,-47.27687365,10.800301601));
#5315=CARTESIAN_POINT('',(-36.093723165,-47.243185177,10.744095779));
#5316=CARTESIAN_POINT('',(-36.093723165,-47.170461203,10.635256662));
#5317=CARTESIAN_POINT('',(-36.093723165,-47.131425815,10.582623534));
#5318=CARTESIAN_POINT('',(-36.093723165,-47.048383929,10.481436702));
#5319=CARTESIAN_POINT('',(-36.093723165,-47.004377558,10.432883155));
#5320=CARTESIAN_POINT('',(-36.093723165,-46.958097528,10.386603124));
#5321=B_SPLINE_SURFACE_WITH_KNOTS('',3,3,((#5105,#5106,#5107,#5108,#5109,#5110,#5111,#5112,#5113,#5114,#5115,#5116,#5117,#5118,#5119,#5120,#5121,#5122),(#5123,#5124,#5125,#5126,#5127,#5128,#5129,#5130,#5131,#5132,#5133,#5134,#5135,#5136,#5137,#5138,#5139,#5140),(#5141,#5142,#5143,#5144,#5145,#5146,#5147,#5148,#5149,#5150,#5151,#5152,#5153,#5154,#5155,#5156,#5157,#5158),(#5159,#5160,#5161,#5162,#5163,#5164,#5165,#5166,#5167,#5168,#5169,#5170,#5171,#5172,#5173,#5174,#5175,#5176),(#5177,#5178,#5179,#5180,#5181,#5182,#5183,#5184,#5185,#5186,#5187,#5188,#5189,#5190,#5191,#5192,#5193,#5194),(#5195,#5196,#5197,#5198,#5199,#5200,#5201,#5202,#5203,#5204,#5205,#5206,#5207,#5208,#5209,#5210,#5211,#5212),(#5213,#5214,#5215,#5216,#5217,#5218,#5219,#5220,#5221,#5222,#5223,#5224,#5225,#5226,#5227,#5228,#5229,#5230),(#5231,#5232,#5233,#5234,#5235,#5236,#5237,#5238,#5239,#5240,#5241,#5242,#5243,#5244,#5245,#5246,#5247,#5248),(#5249,#5250,#5251,#5252,#5253,#5254,#5255,#5256,#5257,#5258,#5259,#5260,#5261,#5262,#5263,#5264,#5265,#5266),(#5267,#5268,#5269,#5270,#5271,#5272,#5273,#5274,#5275,#5276,#5277,#5278,#5279,#5280,#5281,#5282,#5283,#5284),(#5285,#5286,#5287,#5288,#5289,#5290,#5291,#5292,#5293,#5294,#5295,#5296,#5297,#5298,#5299,#5300,#5301,#5302),(#5303,#5304,#5305,#5306,#5307,#5308,#5309,#5310,#5311,#5312,#5313,#5314,#5315,#5316,#5317,#5318,#5319,#5320)),.UNSPECIFIED.,.F.,.F.,.U.,(4,2,2,2,2,4),(4,2,2,2,2,2,2,2,4),(1.570796327,1.963495408,2.35619449,2.748893572,2.945243113,3.141592654),(0.,0.125,0.25,0.375,0.5,0.625,0.75,0.875,1.),.UNSPECIFIED.);
#5322=ORIENTED_EDGE('',*,*,#4467,.F.);
#5323=ORIENTED_EDGE('',*,*,#4050,.T.);
#5324=ORIENTED_EDGE('',*,*,#4563,.T.);
#5325=ORIENTED_EDGE('',*,*,#4523,.F.);
#5326=EDGE_LOOP('',(#5322,#5323,#5324,#5325));
#5327=FACE_BOUND('',#5326,.T.);
#5328=ADVANCED_FACE('',(#5327),#5321,.F.);
#5329=CARTESIAN_POINT('',(24.248983171,-56.945498586,-198.158417437));
#5330=DIRECTION('',(-0.,0.,-1.));
#5331=DIRECTION('',(-1.,0.,0.));
#5332=AXIS2_PLACEMENT_3D('',#5329,#5330,#5331);
#5333=CYLINDRICAL_SURFACE('',#5332,1.141419365);
#5334=CARTESIAN_POINT('',(25.390402536,-56.945498586,10.828894062));
#5335=VERTEX_POINT('',#5334);
#5336=CARTESIAN_POINT('',(25.390402536,-56.945498586,14.89808706));
#5337=DIRECTION('',(-0.,-0.,-1.));
#5338=VECTOR('',#5337,4.069192998);
#5339=LINE('',#5336,#5338);
#5340=EDGE_CURVE('',#1747,#5335,#5339,.T.);
#5341=ORIENTED_EDGE('',*,*,#5340,.F.);
#5342=ORIENTED_EDGE('',*,*,#1783,.T.);
#5343=CARTESIAN_POINT('',(24.248983171,-55.804079221,10.799990168));
#5344=DIRECTION('',(0.,0.,1.));
#5345=VECTOR('',#5344,4.098096892);
#5346=LINE('',#5343,#5345);
#5347=EDGE_CURVE('',#2615,#1771,#5346,.T.);
#5348=ORIENTED_EDGE('',*,*,#5347,.F.);
#5349=ORIENTED_EDGE('',*,*,#2621,.F.);
#5350=CARTESIAN_POINT('',(25.390402536,-56.945498586,10.799990168));
#5351=DIRECTION('',(0.,0.,1.));
#5352=VECTOR('',#5351,0.028903895);
#5353=LINE('',#5350,#5352);
#5354=EDGE_CURVE('',#2607,#5335,#5353,.T.);
#5355=ORIENTED_EDGE('',*,*,#5354,.T.);
#5356=EDGE_LOOP('',(#5341,#5342,#5348,#5349,#5355));
#5357=FACE_BOUND('',#5356,.T.);
#5358=ADVANCED_FACE('',(#5357),#5333,.F.);
#5359=CARTESIAN_POINT('',(25.390402536,-54.804079221,-198.158417437));
#5360=DIRECTION('',(-1.,0.,0.));
#5361=DIRECTION('',(0.,0.,1.));
#5362=AXIS2_PLACEMENT_3D('',#5359,#5360,#5361);
#5363=PLANE('',#5362);
#5364=ORIENTED_EDGE('',*,*,#2031,.T.);
#5365=ORIENTED_EDGE('',*,*,#1758,.T.);
#5366=ORIENTED_EDGE('',*,*,#5340,.T.);
#5367=ORIENTED_EDGE('',*,*,#5354,.F.);
#5368=ORIENTED_EDGE('',*,*,#2612,.T.);
#5369=EDGE_LOOP('',(#5364,#5365,#5366,#5367,#5368));
#5370=FACE_BOUND('',#5369,.T.);
#5371=ADVANCED_FACE('',(#5370),#5363,.T.);
#5372=CARTESIAN_POINT('',(0.,-55.804079221,-198.158417437));
#5373=DIRECTION('',(0.,-1.,0.));
#5374=DIRECTION('',(0.,0.,-1.));
#5375=AXIS2_PLACEMENT_3D('',#5372,#5373,#5374);
#5376=PLANE('',#5375);
#5377=ORIENTED_EDGE('',*,*,#2679,.F.);
#5378=ORIENTED_EDGE('',*,*,#4008,.T.);
#5379=ORIENTED_EDGE('',*,*,#4147,.T.);
#5380=ORIENTED_EDGE('',*,*,#3975,.T.);
#5381=EDGE_LOOP('',(#5377,#5378,#5379,#5380));
#5382=FACE_BOUND('',#5381,.T.);
#5383=ORIENTED_EDGE('',*,*,#5347,.T.);
#5384=ORIENTED_EDGE('',*,*,#1848,.T.);
#5385=CARTESIAN_POINT('',(-24.248983171,-55.804079221,10.799990168));
#5386=DIRECTION('',(-0.,0.,1.));
#5387=VECTOR('',#5386,4.098096892);
#5388=LINE('',#5385,#5387);
#5389=EDGE_CURVE('',#2624,#1837,#5388,.T.);
#5390=ORIENTED_EDGE('',*,*,#5389,.F.);
#5391=ORIENTED_EDGE('',*,*,#2629,.T.);
#5392=EDGE_LOOP('',(#5383,#5384,#5390,#5391));
#5393=FACE_BOUND('',#5392,.T.);
#5394=ADVANCED_FACE('',(#5382,#5393),#5376,.T.);
#5395=CARTESIAN_POINT('',(-24.248983171,-56.945498586,-198.158417437));
#5396=DIRECTION('',(0.,0.,-1.));
#5397=DIRECTION('',(1.,0.,0.));
#5398=AXIS2_PLACEMENT_3D('',#5395,#5396,#5397);
#5399=CYLINDRICAL_SURFACE('',#5398,1.141419365);
#5400=ORIENTED_EDGE('',*,*,#5389,.T.);
#5401=ORIENTED_EDGE('',*,*,#1911,.T.);
#5402=CARTESIAN_POINT('',(-25.390402536,-56.945498586,10.828894062));
#5403=VERTEX_POINT('',#5402);
#5404=CARTESIAN_POINT('',(-25.390402536,-56.945498586,14.89808706));
#5405=DIRECTION('',(0.,-0.,-1.));
#5406=VECTOR('',#5405,4.069192998);
#5407=LINE('',#5404,#5406);
#5408=EDGE_CURVE('',#1899,#5403,#5407,.T.);
#5409=ORIENTED_EDGE('',*,*,#5408,.T.);
#5410=CARTESIAN_POINT('',(-25.390402536,-56.945498586,10.799990168));
#5411=DIRECTION('',(-0.,0.,1.));
#5412=VECTOR('',#5411,0.028903895);
#5413=LINE('',#5410,#5412);
#5414=EDGE_CURVE('',#2632,#5403,#5413,.T.);
#5415=ORIENTED_EDGE('',*,*,#5414,.F.);
#5416=ORIENTED_EDGE('',*,*,#2638,.F.);
#5417=EDGE_LOOP('',(#5400,#5401,#5409,#5415,#5416));
#5418=FACE_BOUND('',#5417,.T.);
#5419=ADVANCED_FACE('',(#5418),#5399,.F.);
#5420=CARTESIAN_POINT('',(-25.390402536,-54.804079221,-198.158417437));
#5421=DIRECTION('',(1.,0.,0.));
#5422=DIRECTION('',(-0.,0.,1.));
#5423=AXIS2_PLACEMENT_3D('',#5420,#5421,#5422);
#5424=PLANE('',#5423);
#5425=ORIENTED_EDGE('',*,*,#5408,.F.);
#5426=ORIENTED_EDGE('',*,*,#1974,.T.);
#5427=ORIENTED_EDGE('',*,*,#1990,.T.);
#5428=ORIENTED_EDGE('',*,*,#2644,.T.);
#5429=ORIENTED_EDGE('',*,*,#5414,.T.);
#5430=EDGE_LOOP('',(#5425,#5426,#5427,#5428,#5429));
#5431=FACE_BOUND('',#5430,.T.);
#5432=ADVANCED_FACE('',(#5431),#5424,.T.);
#5433=CARTESIAN_POINT('',(-44.053258219,49.726612073,22.820441533));
#5434=DIRECTION('',(-0.,0.,1.));
#5435=DIRECTION('',(1.,0.,0.));
#5436=AXIS2_PLACEMENT_3D('',#5433,#5434,#5435);
#5437=CYLINDRICAL_SURFACE('',#5436,1.);
#5438=ORIENTED_EDGE('',*,*,#88,.F.);
#5439=CARTESIAN_POINT('',(-44.053258219,49.726612073,14.968467326));
#5440=DIRECTION('',(-0.,-0.,1.));
#5441=DIRECTION('',(-1.,0.,-0.));
#5442=AXIS2_PLACEMENT_3D('',#5439,#5440,#5441);
#5443=CIRCLE('',#5442,1.);
#5444=EDGE_CURVE('',#75,#107,#5443,.T.);
#5445=ORIENTED_EDGE('',*,*,#5444,.T.);
#5446=ORIENTED_EDGE('',*,*,#112,.F.);
#5447=ORIENTED_EDGE('',*,*,#1676,.F.);
#5448=EDGE_LOOP('',(#5438,#5445,#5446,#5447));
#5449=FACE_BOUND('',#5448,.T.);
#5450=ADVANCED_FACE('',(#5449),#5437,.F.);
#5451=CARTESIAN_POINT('',(44.053258219,49.726612073,22.820441533));
#5452=DIRECTION('',(0.,0.,1.));
#5453=DIRECTION('',(1.,0.,-0.));
#5454=AXIS2_PLACEMENT_3D('',#5451,#5452,#5453);
#5455=CYLINDRICAL_SURFACE('',#5454,1.);
#5456=ORIENTED_EDGE('',*,*,#3687,.F.);
#5457=CARTESIAN_POINT('',(44.053258219,49.726612073,14.968467326));
#5458=DIRECTION('',(-0.,-0.,1.));
#5459=DIRECTION('',(-1.,0.,0.));
#5460=AXIS2_PLACEMENT_3D('',#5457,#5458,#5459);
#5461=CIRCLE('',#5460,1.);
#5462=EDGE_CURVE('',#3676,#67,#5461,.T.);
#5463=ORIENTED_EDGE('',*,*,#5462,.T.);
#5464=ORIENTED_EDGE('',*,*,#72,.F.);
#5465=ORIENTED_EDGE('',*,*,#1718,.F.);
#5466=EDGE_LOOP('',(#5456,#5463,#5464,#5465));
#5467=FACE_BOUND('',#5466,.T.);
#5468=ADVANCED_FACE('',(#5467),#5455,.F.);
#5469=CARTESIAN_POINT('',(44.053258219,49.726612073,15.5));
#5470=DIRECTION('',(0.,0.,1.));
#5471=DIRECTION('',(1.,0.,-0.));
#5472=AXIS2_PLACEMENT_3D('',#5469,#5470,#5471);
#5473=CONICAL_SURFACE('',#5472,1.531532674,45.);
#5474=CARTESIAN_POINT('',(44.053258219,50.726612073,14.968467326));
#5475=DIRECTION('',(0.,0.707106781,0.707106781));
#5476=VECTOR('',#5475,0.751700716);
#5477=LINE('',#5474,#5476);
#5478=EDGE_CURVE('',#67,#2451,#5477,.T.);
#5479=ORIENTED_EDGE('',*,*,#5478,.F.);
#5480=ORIENTED_EDGE('',*,*,#5462,.F.);
#5481=CARTESIAN_POINT('',(45.584790893,49.726612073,15.5));
#5482=DIRECTION('',(-0.707106781,0.,-0.707106781));
#5483=VECTOR('',#5482,0.751700716);
#5484=LINE('',#5481,#5483);
#5485=EDGE_CURVE('',#2459,#3676,#5484,.T.);
#5486=ORIENTED_EDGE('',*,*,#5485,.F.);
#5487=ORIENTED_EDGE('',*,*,#2465,.F.);
#5488=EDGE_LOOP('',(#5479,#5480,#5486,#5487));
#5489=FACE_BOUND('',#5488,.T.);
#5490=ADVANCED_FACE('',(#5489),#5473,.F.);
#5491=CARTESIAN_POINT('',(45.053258219,3.046216343,14.968467326));
#5492=DIRECTION('',(-0.707106781,0.,0.707106781));
#5493=DIRECTION('',(0.,-1.,0.));
#5494=AXIS2_PLACEMENT_3D('',#5491,#5492,#5493);
#5495=PLANE('',#5494);
#5496=ORIENTED_EDGE('',*,*,#5485,.T.);
#5497=ORIENTED_EDGE('',*,*,#3681,.F.);
#5498=CARTESIAN_POINT('',(45.584790893,-46.543883965,15.5));
#5499=DIRECTION('',(-0.707106781,0.,-0.707106781));
#5500=VECTOR('',#5499,0.751700716);
#5501=LINE('',#5498,#5500);
#5502=EDGE_CURVE('',#2468,#3134,#5501,.T.);
#5503=ORIENTED_EDGE('',*,*,#5502,.F.);
#5504=ORIENTED_EDGE('',*,*,#2473,.F.);
#5505=EDGE_LOOP('',(#5496,#5497,#5503,#5504));
#5506=FACE_BOUND('',#5505,.T.);
#5507=ADVANCED_FACE('',(#5506),#5495,.T.);
#5508=CARTESIAN_POINT('',(22.526629109,50.726612073,14.968467326));
#5509=DIRECTION('',(-0.,-0.707106781,0.707106781));
#5510=DIRECTION('',(1.,-0.,0.));
#5511=AXIS2_PLACEMENT_3D('',#5508,#5509,#5510);
#5512=PLANE('',#5511);
#5513=ORIENTED_EDGE('',*,*,#5478,.T.);
#5514=ORIENTED_EDGE('',*,*,#2456,.F.);
#5515=CARTESIAN_POINT('',(-44.053258219,50.726612073,14.968467326));
#5516=DIRECTION('',(0.,0.707106781,0.707106781));
#5517=VECTOR('',#5516,0.751700716);
#5518=LINE('',#5515,#5517);
#5519=EDGE_CURVE('',#75,#2442,#5518,.T.);
#5520=ORIENTED_EDGE('',*,*,#5519,.F.);
#5521=ORIENTED_EDGE('',*,*,#80,.F.);
#5522=EDGE_LOOP('',(#5513,#5514,#5520,#5521));
#5523=FACE_BOUND('',#5522,.T.);
#5524=ADVANCED_FACE('',(#5523),#5512,.T.);
#5525=CARTESIAN_POINT('',(44.053258219,-46.543883965,14.968467326));
#5526=DIRECTION('',(0.,0.,1.));
#5527=DIRECTION('',(1.,0.,-0.));
#5528=AXIS2_PLACEMENT_3D('',#5525,#5526,#5527);
#5529=CONICAL_SURFACE('',#5528,1.,45.);
#5530=ORIENTED_EDGE('',*,*,#5502,.T.);
#5531=ORIENTED_EDGE('',*,*,#3140,.F.);
#5532=CARTESIAN_POINT('',(44.053258219,-48.075416639,15.5));
#5533=DIRECTION('',(0.,0.707106781,-0.707106781));
#5534=VECTOR('',#5533,0.751700716);
#5535=LINE('',#5532,#5534);
#5536=EDGE_CURVE('',#2476,#3126,#5535,.T.);
#5537=ORIENTED_EDGE('',*,*,#5536,.F.);
#5538=ORIENTED_EDGE('',*,*,#2482,.F.);
#5539=EDGE_LOOP('',(#5530,#5531,#5537,#5538));
#5540=FACE_BOUND('',#5539,.T.);
#5541=ADVANCED_FACE('',(#5540),#5529,.F.);
#5542=CARTESIAN_POINT('',(-44.053258219,49.726612073,15.5));
#5543=DIRECTION('',(-0.,0.,1.));
#5544=DIRECTION('',(1.,0.,0.));
#5545=AXIS2_PLACEMENT_3D('',#5542,#5543,#5544);
#5546=CONICAL_SURFACE('',#5545,1.531532674,45.);
#5547=ORIENTED_EDGE('',*,*,#5519,.T.);
#5548=ORIENTED_EDGE('',*,*,#2448,.F.);
#5549=CARTESIAN_POINT('',(-45.053258219,49.726612073,14.968467326));
#5550=DIRECTION('',(-0.707106781,0.,0.707106781));
#5551=VECTOR('',#5550,0.751700716);
#5552=LINE('',#5549,#5551);
#5553=EDGE_CURVE('',#107,#2434,#5552,.T.);
#5554=ORIENTED_EDGE('',*,*,#5553,.F.);
#5555=ORIENTED_EDGE('',*,*,#5444,.F.);
#5556=EDGE_LOOP('',(#5547,#5548,#5554,#5555));
#5557=FACE_BOUND('',#5556,.T.);
#5558=ADVANCED_FACE('',(#5557),#5546,.F.);
#5559=CARTESIAN_POINT('',(5.220792788,-48.075416639,15.5));
#5560=DIRECTION('',(-0.,0.707106781,0.707106781));
#5561=DIRECTION('',(1.,0.,0.));
#5562=AXIS2_PLACEMENT_3D('',#5559,#5560,#5561);
#5563=PLANE('',#5562);
#5564=ORIENTED_EDGE('',*,*,#5536,.T.);
#5565=ORIENTED_EDGE('',*,*,#4538,.F.);
#5566=CARTESIAN_POINT('',(36.093723165,-48.075416639,15.5));
#5567=DIRECTION('',(0.,0.707106781,-0.707106781));
#5568=VECTOR('',#5567,0.751700716);
#5569=LINE('',#5566,#5568);
#5570=EDGE_CURVE('',#2485,#3094,#5569,.T.);
#5571=ORIENTED_EDGE('',*,*,#5570,.F.);
#5572=ORIENTED_EDGE('',*,*,#2490,.F.);
#5573=EDGE_LOOP('',(#5564,#5565,#5571,#5572));
#5574=FACE_BOUND('',#5573,.T.);
#5575=ADVANCED_FACE('',(#5574),#5563,.T.);
#5576=CARTESIAN_POINT('',(-45.584790893,4.933143721,15.5));
#5577=DIRECTION('',(0.707106781,0.,0.707106781));
#5578=DIRECTION('',(0.,-1.,0.));
#5579=AXIS2_PLACEMENT_3D('',#5576,#5577,#5578);
#5580=PLANE('',#5579);
#5581=ORIENTED_EDGE('',*,*,#5553,.T.);
#5582=ORIENTED_EDGE('',*,*,#2439,.F.);
#5583=CARTESIAN_POINT('',(-45.053258219,-46.543883965,14.968467326));
#5584=DIRECTION('',(-0.707106781,0.,0.707106781));
#5585=VECTOR('',#5584,0.751700716);
#5586=LINE('',#5583,#5585);
#5587=EDGE_CURVE('',#115,#2425,#5586,.T.);
#5588=ORIENTED_EDGE('',*,*,#5587,.F.);
#5589=ORIENTED_EDGE('',*,*,#120,.F.);
#5590=EDGE_LOOP('',(#5581,#5582,#5588,#5589));
#5591=FACE_BOUND('',#5590,.T.);
#5592=ADVANCED_FACE('',(#5591),#5580,.T.);
#5593=CARTESIAN_POINT('',(36.093723165,-48.543883965,15.5));
#5594=DIRECTION('',(0.,0.,-1.));
#5595=DIRECTION('',(-1.,0.,0.));
#5596=AXIS2_PLACEMENT_3D('',#5593,#5594,#5595);
#5597=CONICAL_SURFACE('',#5596,0.468467326,45.);
#5598=ORIENTED_EDGE('',*,*,#5570,.T.);
#5599=ORIENTED_EDGE('',*,*,#3100,.F.);
#5600=CARTESIAN_POINT('',(35.625255839,-48.543883965,15.5));
#5601=DIRECTION('',(-0.707106781,0.,-0.707106781));
#5602=VECTOR('',#5601,0.751700716);
#5603=LINE('',#5600,#5602);
#5604=EDGE_CURVE('',#2354,#3071,#5603,.T.);
#5605=ORIENTED_EDGE('',*,*,#5604,.F.);
#5606=ORIENTED_EDGE('',*,*,#2497,.F.);
#5607=EDGE_LOOP('',(#5598,#5599,#5605,#5606));
#5608=FACE_BOUND('',#5607,.T.);
#5609=ADVANCED_FACE('',(#5608),#5597,.T.);
#5610=CARTESIAN_POINT('',(-44.053258219,-46.543883965,15.5));
#5611=DIRECTION('',(0.,0.,1.));
#5612=DIRECTION('',(1.,0.,-0.));
#5613=AXIS2_PLACEMENT_3D('',#5610,#5611,#5612);
#5614=CONICAL_SURFACE('',#5613,1.531532674,45.);
#5615=ORIENTED_EDGE('',*,*,#5587,.T.);
#5616=ORIENTED_EDGE('',*,*,#2431,.F.);
#5617=CARTESIAN_POINT('',(-44.053258219,-47.543883965,14.968467326));
#5618=DIRECTION('',(0.,-0.707106781,0.707106781));
#5619=VECTOR('',#5618,0.751700716);
#5620=LINE('',#5617,#5619);
#5621=EDGE_CURVE('',#4543,#2417,#5620,.T.);
#5622=ORIENTED_EDGE('',*,*,#5621,.F.);
#5623=ORIENTED_EDGE('',*,*,#4581,.F.);
#5624=EDGE_LOOP('',(#5615,#5616,#5622,#5623));
#5625=FACE_BOUND('',#5624,.T.);
#5626=ADVANCED_FACE('',(#5625),#5614,.F.);
#5627=CARTESIAN_POINT('',(35.093723165,-47.13517052,14.968467326));
#5628=DIRECTION('',(0.707106781,0.,-0.707106781));
#5629=DIRECTION('',(0.,1.,0.));
#5630=AXIS2_PLACEMENT_3D('',#5627,#5628,#5629);
#5631=PLANE('',#5630);
#5632=ORIENTED_EDGE('',*,*,#5604,.T.);
#5633=ORIENTED_EDGE('',*,*,#3076,.F.);
#5634=CARTESIAN_POINT('',(35.625255839,-48.711534605,15.5));
#5635=DIRECTION('',(-0.707106781,-0.,-0.707106781));
#5636=VECTOR('',#5635,0.751700716);
#5637=LINE('',#5634,#5636);
#5638=EDGE_CURVE('',#2356,#2993,#5637,.T.);
#5639=ORIENTED_EDGE('',*,*,#5638,.F.);
#5640=ORIENTED_EDGE('',*,*,#2361,.F.);
#5641=EDGE_LOOP('',(#5632,#5633,#5639,#5640));
#5642=FACE_BOUND('',#5641,.T.);
#5643=ADVANCED_FACE('',(#5642),#5631,.F.);
#5644=CARTESIAN_POINT('',(-40.073490692,-47.543883965,14.968467326));
#5645=DIRECTION('',(-0.,0.707106781,0.707106781));
#5646=DIRECTION('',(-1.,0.,-0.));
#5647=AXIS2_PLACEMENT_3D('',#5644,#5645,#5646);
#5648=PLANE('',#5647);
#5649=ORIENTED_EDGE('',*,*,#5621,.T.);
#5650=ORIENTED_EDGE('',*,*,#2422,.F.);
#5651=CARTESIAN_POINT('',(-36.093723165,-47.543883965,14.968467326));
#5652=DIRECTION('',(0.,-0.707106781,0.707106781));
#5653=VECTOR('',#5652,0.751700716);
#5654=LINE('',#5651,#5653);
#5655=EDGE_CURVE('',#4501,#2408,#5654,.T.);
#5656=ORIENTED_EDGE('',*,*,#5655,.F.);
#5657=ORIENTED_EDGE('',*,*,#4554,.F.);
#5658=EDGE_LOOP('',(#5649,#5650,#5656,#5657));
#5659=FACE_BOUND('',#5658,.T.);
#5660=ADVANCED_FACE('',(#5659),#5648,.T.);
#5661=CARTESIAN_POINT('',(35.625255839,-48.711534605,15.5));
#5662=CARTESIAN_POINT('',(35.625432313,-49.180213937,15.5));
#5663=CARTESIAN_POINT('',(35.559378112,-49.648586938,15.5));
#5664=CARTESIAN_POINT('',(35.305730664,-50.514593493,15.5));
#5665=CARTESIAN_POINT('',(35.118126781,-50.911660903,15.5));
#5666=CARTESIAN_POINT('',(34.64944739,-51.574473655,15.5));
#5667=CARTESIAN_POINT('',(34.368678373,-51.839785587,15.5));
#5668=CARTESIAN_POINT('',(33.756319183,-52.198497295,15.5));
#5669=CARTESIAN_POINT('',(33.425129499,-52.291912019,15.5));
#5670=CARTESIAN_POINT('',(33.093723165,-52.291662446,15.5));
#5671=CARTESIAN_POINT('',(35.093723165,-48.711534605,14.968467326));
#5672=CARTESIAN_POINT('',(35.093862586,-49.131010863,15.0176704));
#5673=CARTESIAN_POINT('',(35.041677438,-49.550212956,15.066841315));
#5674=CARTESIAN_POINT('',(34.841287022,-50.325304065,15.157756747));
#5675=CARTESIAN_POINT('',(34.693073341,-50.680686402,15.199441832));
#5676=CARTESIAN_POINT('',(34.322800114,-51.273915482,15.269025494));
#5677=CARTESIAN_POINT('',(34.100982703,-51.511374335,15.296878574));
#5678=CARTESIAN_POINT('',(33.617197357,-51.832427641,15.334536985));
#5679=CARTESIAN_POINT('',(33.355545844,-51.91603546,15.344343885));
#5680=CARTESIAN_POINT('',(33.093723165,-51.915812088,15.344317684));
#5681=B_SPLINE_SURFACE_WITH_KNOTS('',1,3,((#5661,#5662,#5663,#5664,#5665,#5666,#5667,#5668,#5669,#5670),(#5671,#5672,#5673,#5674,#5675,#5676,#5677,#5678,#5679,#5680)),.UNSPECIFIED.,.F.,.F.,.U.,(2,2),(4,2,2,2,4),(0.,1.),(-1.570796327,-1.178097245,-0.785398163,-0.392699082,0.),.UNSPECIFIED.);
#5682=ORIENTED_EDGE('',*,*,#5638,.T.);
#5683=ORIENTED_EDGE('',*,*,#3044,.F.);
#5684=CARTESIAN_POINT('',(33.093723165,-52.291662446,15.5));
#5685=DIRECTION('',(-0.,0.923879533,-0.382683432));
#5686=VECTOR('',#5685,0.406817496);
#5687=LINE('',#5684,#5686);
#5688=EDGE_CURVE('',#2364,#2985,#5687,.T.);
#5689=ORIENTED_EDGE('',*,*,#5688,.F.);
#5690=ORIENTED_EDGE('',*,*,#2375,.F.);
#5691=EDGE_LOOP('',(#5682,#5683,#5689,#5690));
#5692=FACE_BOUND('',#5691,.T.);
#5693=ADVANCED_FACE('',(#5692),#5681,.T.);
#5694=CARTESIAN_POINT('',(-36.093723165,-48.543883965,14.968467326));
#5695=DIRECTION('',(0.,0.,-1.));
#5696=DIRECTION('',(-1.,0.,0.));
#5697=AXIS2_PLACEMENT_3D('',#5694,#5695,#5696);
#5698=CONICAL_SURFACE('',#5697,1.,45.);
#5699=ORIENTED_EDGE('',*,*,#5655,.T.);
#5700=ORIENTED_EDGE('',*,*,#2414,.F.);
#5701=CARTESIAN_POINT('',(-35.093723165,-48.543883965,14.968467326));
#5702=DIRECTION('',(-0.707106781,0.,0.707106781));
#5703=VECTOR('',#5702,0.751700716);
#5704=LINE('',#5701,#5703);
#5705=EDGE_CURVE('',#4478,#2400,#5704,.T.);
#5706=ORIENTED_EDGE('',*,*,#5705,.F.);
#5707=ORIENTED_EDGE('',*,*,#4515,.F.);
#5708=EDGE_LOOP('',(#5699,#5700,#5706,#5707));
#5709=FACE_BOUND('',#5708,.T.);
#5710=ADVANCED_FACE('',(#5709),#5698,.T.);
#5711=CARTESIAN_POINT('',(5.220792788,-52.291662446,15.5));
#5712=DIRECTION('',(0.,-0.382683432,-0.923879533));
#5713=DIRECTION('',(-1.,-0.,-0.));
#5714=AXIS2_PLACEMENT_3D('',#5711,#5712,#5713);
#5715=PLANE('',#5714);
#5716=ORIENTED_EDGE('',*,*,#5688,.T.);
#5717=ORIENTED_EDGE('',*,*,#4033,.F.);
#5718=CARTESIAN_POINT('',(-33.093723165,-52.291662446,15.5));
#5719=DIRECTION('',(-0.,0.923879533,-0.382683432));
#5720=VECTOR('',#5719,0.406817496);
#5721=LINE('',#5718,#5720);
#5722=EDGE_CURVE('',#2378,#4022,#5721,.T.);
#5723=ORIENTED_EDGE('',*,*,#5722,.F.);
#5724=ORIENTED_EDGE('',*,*,#2383,.F.);
#5725=EDGE_LOOP('',(#5716,#5717,#5723,#5724));
#5726=FACE_BOUND('',#5725,.T.);
#5727=ADVANCED_FACE('',(#5726),#5715,.F.);
#5728=CARTESIAN_POINT('',(-35.625255839,4.933143721,15.5));
#5729=DIRECTION('',(-0.707106781,0.,-0.707106781));
#5730=DIRECTION('',(0.,1.,0.));
#5731=AXIS2_PLACEMENT_3D('',#5728,#5729,#5730);
#5732=PLANE('',#5731);
#5733=ORIENTED_EDGE('',*,*,#5705,.T.);
#5734=ORIENTED_EDGE('',*,*,#2405,.F.);
#5735=CARTESIAN_POINT('',(-35.093723165,-48.711534605,14.968467326));
#5736=DIRECTION('',(-0.707106781,-0.,0.707106781));
#5737=VECTOR('',#5736,0.751700716);
#5738=LINE('',#5735,#5737);
#5739=EDGE_CURVE('',#4400,#2386,#5738,.T.);
#5740=ORIENTED_EDGE('',*,*,#5739,.F.);
#5741=ORIENTED_EDGE('',*,*,#4489,.F.);
#5742=EDGE_LOOP('',(#5733,#5734,#5740,#5741));
#5743=FACE_BOUND('',#5742,.T.);
#5744=ADVANCED_FACE('',(#5743),#5732,.F.);
#5745=CARTESIAN_POINT('',(-35.093723165,-48.711534605,14.968467326));
#5746=CARTESIAN_POINT('',(-35.093862586,-49.131010863,15.0176704));
#5747=CARTESIAN_POINT('',(-35.041677438,-49.550212956,15.066841315));
#5748=CARTESIAN_POINT('',(-34.841287022,-50.325304065,15.157756747));
#5749=CARTESIAN_POINT('',(-34.693073341,-50.680686402,15.199441832));
#5750=CARTESIAN_POINT('',(-34.322800114,-51.273915482,15.269025494));
#5751=CARTESIAN_POINT('',(-34.100982703,-51.511374335,15.296878574));
#5752=CARTESIAN_POINT('',(-33.617197357,-51.832427641,15.334536985));
#5753=CARTESIAN_POINT('',(-33.355545844,-51.91603546,15.344343885));
#5754=CARTESIAN_POINT('',(-33.093723165,-51.915812088,15.344317684));
#5755=CARTESIAN_POINT('',(-35.625255839,-48.711534605,15.5));
#5756=CARTESIAN_POINT('',(-35.625432313,-49.180213937,15.5));
#5757=CARTESIAN_POINT('',(-35.559378112,-49.648586938,15.5));
#5758=CARTESIAN_POINT('',(-35.305730664,-50.514593493,15.5));
#5759=CARTESIAN_POINT('',(-35.118126781,-50.911660903,15.5));
#5760=CARTESIAN_POINT('',(-34.64944739,-51.574473655,15.5));
#5761=CARTESIAN_POINT('',(-34.368678373,-51.839785587,15.5));
#5762=CARTESIAN_POINT('',(-33.756319183,-52.198497295,15.5));
#5763=CARTESIAN_POINT('',(-33.425129499,-52.291912019,15.5));
#5764=CARTESIAN_POINT('',(-33.093723165,-52.291662446,15.5));
#5765=B_SPLINE_SURFACE_WITH_KNOTS('',1,3,((#5745,#5746,#5747,#5748,#5749,#5750,#5751,#5752,#5753,#5754),(#5755,#5756,#5757,#5758,#5759,#5760,#5761,#5762,#5763,#5764)),.UNSPECIFIED.,.F.,.F.,.U.,(2,2),(4,2,2,2,4),(0.,1.),(0.,0.392699082,0.785398163,1.178097245,1.570796327),.UNSPECIFIED.);
#5766=ORIENTED_EDGE('',*,*,#5722,.T.);
#5767=ORIENTED_EDGE('',*,*,#4459,.F.);
#5768=ORIENTED_EDGE('',*,*,#5739,.T.);
#5769=ORIENTED_EDGE('',*,*,#2397,.F.);
#5770=EDGE_LOOP('',(#5766,#5767,#5768,#5769));
#5771=FACE_BOUND('',#5770,.T.);
#5772=ADVANCED_FACE('',(#5771),#5765,.T.);
#5773=CARTESIAN_POINT('',(-0.,-61.460711035,0.5));
#5774=DIRECTION('',(-1.,0.,-0.));
#5775=DIRECTION('',(0.,0.,-1.));
#5776=AXIS2_PLACEMENT_3D('',#5773,#5774,#5775);
#5777=CYLINDRICAL_SURFACE('',#5776,0.5);
#5778=ORIENTED_EDGE('',*,*,#2284,.F.);
#5779=ORIENTED_EDGE('',*,*,#2230,.T.);
#5780=ORIENTED_EDGE('',*,*,#4089,.T.);
#5781=ORIENTED_EDGE('',*,*,#2107,.F.);
#5782=EDGE_LOOP('',(#5778,#5779,#5780,#5781));
#5783=FACE_BOUND('',#5782,.T.);
#5784=ADVANCED_FACE('',(#5783),#5777,.T.);
#5785=CARTESIAN_POINT('',(44.653258219,64.720637215,6.522196724));
#5786=DIRECTION('',(-1.,0.,0.));
#5787=DIRECTION('',(0.,0.,1.));
#5788=AXIS2_PLACEMENT_3D('',#5785,#5786,#5787);
#5789=CYLINDRICAL_SURFACE('',#5788,0.832506506);
#5790=ORIENTED_EDGE('',*,*,#3215,.F.);
#5791=ORIENTED_EDGE('',*,*,#2925,.F.);
#5792=ORIENTED_EDGE('',*,*,#3255,.F.);
#5793=ORIENTED_EDGE('',*,*,#3664,.F.);
#5794=EDGE_LOOP('',(#5790,#5791,#5792,#5793));
#5795=FACE_BOUND('',#5794,.T.);
#5796=ADVANCED_FACE('',(#5795),#5789,.T.);
#5797=CARTESIAN_POINT('',(44.553258219,61.553143721,3.798868456));
#5798=DIRECTION('',(1.,0.,-0.));
#5799=DIRECTION('',(-0.,0.,-1.));
#5800=AXIS2_PLACEMENT_3D('',#5797,#5798,#5799);
#5801=CYLINDRICAL_SURFACE('',#5800,1.6);
#5802=ORIENTED_EDGE('',*,*,#3419,.T.);
#5803=ORIENTED_EDGE('',*,*,#2847,.T.);
#5804=ORIENTED_EDGE('',*,*,#3459,.F.);
#5805=ORIENTED_EDGE('',*,*,#3647,.T.);
#5806=EDGE_LOOP('',(#5802,#5803,#5804,#5805));
#5807=FACE_BOUND('',#5806,.T.);
#5808=ADVANCED_FACE('',(#5807),#5801,.F.);
#5809=CARTESIAN_POINT('',(-44.653258219,64.720637215,6.522196724));
#5810=DIRECTION('',(1.,0.,0.));
#5811=DIRECTION('',(-0.,0.,1.));
#5812=AXIS2_PLACEMENT_3D('',#5809,#5810,#5811);
#5813=CYLINDRICAL_SURFACE('',#5812,0.832506506);
#5814=ORIENTED_EDGE('',*,*,#4651,.F.);
#5815=ORIENTED_EDGE('',*,*,#4205,.T.);
#5816=ORIENTED_EDGE('',*,*,#4631,.T.);
#5817=ORIENTED_EDGE('',*,*,#5077,.T.);
#5818=EDGE_LOOP('',(#5814,#5815,#5816,#5817));
#5819=FACE_BOUND('',#5818,.T.);
#5820=ADVANCED_FACE('',(#5819),#5813,.T.);
#5821=CARTESIAN_POINT('',(-44.553258219,61.553143721,3.798868456));
#5822=DIRECTION('',(-1.,0.,-0.));
#5823=DIRECTION('',(0.,0.,-1.));
#5824=AXIS2_PLACEMENT_3D('',#5821,#5822,#5823);
#5825=CYLINDRICAL_SURFACE('',#5824,1.6);
#5826=ORIENTED_EDGE('',*,*,#4855,.T.);
#5827=ORIENTED_EDGE('',*,*,#4283,.F.);
#5828=ORIENTED_EDGE('',*,*,#4837,.F.);
#5829=ORIENTED_EDGE('',*,*,#5094,.F.);
#5830=EDGE_LOOP('',(#5826,#5827,#5828,#5829));
#5831=FACE_BOUND('',#5830,.T.);
#5832=ADVANCED_FACE('',(#5831),#5825,.F.);
#5833=CLOSED_SHELL('',(#98,#138,#280,#312,#359,#384,#410,#435,#461,#486,#512,#537,#563,#588,#614,#639,#665,#689,#736,#767,#792,#817,#842,#866,#891,#915,
#940,#964,#998,#1022,#1047,#1071,#1096,#1120,#1145,#1170,#1188,#1221,#1247,#1272,#1297,#1322,#1347,#1371,#1397,#1422,#1448,#1473,#1499,#1524,#1550,
#1575,#1601,#1626,#1644,#1722,#1762,#1795,#1828,#1859,#1890,#1923,#1956,#1978,#2010,#2042,#2158,#2274,#2296,#2321,#2347,#2581,#2598,#2649,#2708,#2739,
#2951,#2976,#3063,#3086,#3119,#3151,#3168,#3203,#3228,#3259,#3284,#3308,#3333,#3358,#3383,#3407,#3432,#3463,#3488,#3513,#3538,#3562,#3586,#3610,#3628,
#3668,#3692,#3963,#4013,#4054,#4078,#4121,#4152,#4176,#4381,#4393,#4471,#4494,#4527,#4569,#4587,#4604,#4639,#4671,#4695,#4720,#4744,#4769,#4794,#4819,
#4843,#4875,#4899,#4924,#4949,#4974,#4998,#5022,#5046,#5064,#5104,#5328,#5358,#5371,#5394,#5419,#5432,#5450,#5468,#5490,#5507,#5524,#5541,#5558,#5575,
#5592,#5609,#5626,#5643,#5660,#5693,#5710,#5727,#5744,#5772,#5784,#5796,#5808,#5820,#5832));
#5834=MANIFOLD_SOLID_BREP('Box',#5833);
#58=STYLED_ITEM('',(),#5834);
#5836=CARTESIAN_POINT('',(-0.039207212,-57.464361838,10.739097088));
#5837=DIRECTION('',(-0.,0.,-1.));
#5838=DIRECTION('',(1.,0.,-0.));
#5839=AXIS2_PLACEMENT_3D('',#5836,#5837,#5838);
#5840=PLANE('',#5839);
#5841=CARTESIAN_POINT('',(24.980398997,-56.902511795,10.739097088));
#5842=VERTEX_POINT('',#5841);
#5843=CARTESIAN_POINT('',(24.980398997,-57.640729632,10.739097088));
#5844=VERTEX_POINT('',#5843);
#5845=CARTESIAN_POINT('',(24.980398997,-56.902511795,10.739097088));
#5846=DIRECTION('',(0.,-1.,-0.));
#5847=VECTOR('',#5846,0.738217838);
#5848=LINE('',#5845,#5847);
#5849=EDGE_CURVE('',#5842,#5844,#5848,.T.);
#5850=ORIENTED_EDGE('',*,*,#5849,.T.);
#5851=CARTESIAN_POINT('',(24.639809223,-57.986573552,10.739097088));
#5852=VERTEX_POINT('',#5851);
#5853=CARTESIAN_POINT('',(24.980398997,-57.640729632,10.739097088));
#5854=CARTESIAN_POINT('',(24.983902768,-57.778458262,10.739097088));
#5855=CARTESIAN_POINT('',(24.880114351,-57.884741854,10.739097088));
#5856=CARTESIAN_POINT('',(24.777155221,-57.990176223,10.739097088));
#5857=CARTESIAN_POINT('',(24.639809223,-57.986573552,10.739097088));
#5858=B_SPLINE_CURVE_WITH_KNOTS('',2,(#5853,#5854,#5855,#5856,#5857),.UNSPECIFIED.,.F.,.F.,(3,2,3),(0.,0.5,1.),.UNSPECIFIED.);
#5859=EDGE_CURVE('',#5844,#5852,#5858,.T.);
#5860=ORIENTED_EDGE('',*,*,#5859,.T.);
#5861=CARTESIAN_POINT('',(-24.639809223,-57.986573552,10.739097088));
#5862=VERTEX_POINT('',#5861);
#5863=CARTESIAN_POINT('',(24.639809223,-57.986573552,10.739097088));
#5864=DIRECTION('',(-1.,-0.,0.));
#5865=VECTOR('',#5864,49.279618447);
#5866=LINE('',#5863,#5865);
#5867=EDGE_CURVE('',#5852,#5862,#5866,.T.);
#5868=ORIENTED_EDGE('',*,*,#5867,.T.);
#5869=CARTESIAN_POINT('',(-24.980398997,-57.640729632,10.739097088));
#5870=VERTEX_POINT('',#5869);
#5871=CARTESIAN_POINT('',(-24.639809223,-57.986573552,10.739097088));
#5872=CARTESIAN_POINT('',(-24.775445446,-57.990131375,10.739097088));
#5873=CARTESIAN_POINT('',(-24.880114351,-57.884741854,10.739097088));
#5874=CARTESIAN_POINT('',(-24.983946935,-57.780194413,10.739097088));
#5875=CARTESIAN_POINT('',(-24.980398997,-57.640729632,10.739097088));
#5876=B_SPLINE_CURVE_WITH_KNOTS('',2,(#5871,#5872,#5873,#5874,#5875),.UNSPECIFIED.,.F.,.F.,(3,2,3),(0.,0.5,1.),.UNSPECIFIED.);
#5877=EDGE_CURVE('',#5862,#5870,#5876,.T.);
#5878=ORIENTED_EDGE('',*,*,#5877,.T.);
#5879=CARTESIAN_POINT('',(-24.980398997,-56.902511795,10.739097088));
#5880=VERTEX_POINT('',#5879);
#5881=CARTESIAN_POINT('',(-24.980398997,-57.640729632,10.739097088));
#5882=DIRECTION('',(-0.,1.,0.));
#5883=VECTOR('',#5882,0.738217838);
#5884=LINE('',#5881,#5883);
#5885=EDGE_CURVE('',#5870,#5880,#5884,.T.);
#5886=ORIENTED_EDGE('',*,*,#5885,.T.);
#5887=CARTESIAN_POINT('',(-24.639809223,-56.561454614,10.739097088));
#5888=VERTEX_POINT('',#5887);
#5889=CARTESIAN_POINT('',(-24.980398997,-56.902511795,10.739097088));
#5890=CARTESIAN_POINT('',(-24.983902768,-56.766689432,10.739097088));
#5891=CARTESIAN_POINT('',(-24.880114351,-56.661876885,10.739097088));
#5892=CARTESIAN_POINT('',(-24.777155221,-56.557901807,10.739097088));
#5893=CARTESIAN_POINT('',(-24.639809223,-56.561454614,10.739097088));
#5894=B_SPLINE_CURVE_WITH_KNOTS('',2,(#5889,#5890,#5891,#5892,#5893),.UNSPECIFIED.,.F.,.F.,(3,2,3),(0.,0.5,1.),.UNSPECIFIED.);
#5895=EDGE_CURVE('',#5880,#5888,#5894,.T.);
#5896=ORIENTED_EDGE('',*,*,#5895,.T.);
#5897=CARTESIAN_POINT('',(24.639809223,-56.561454614,10.739097088));
#5898=VERTEX_POINT('',#5897);
#5899=CARTESIAN_POINT('',(-24.639809223,-56.561454614,10.739097088));
#5900=DIRECTION('',(1.,-0.,-0.));
#5901=VECTOR('',#5900,49.279618447);
#5902=LINE('',#5899,#5901);
#5903=EDGE_CURVE('',#5888,#5898,#5902,.T.);
#5904=ORIENTED_EDGE('',*,*,#5903,.T.);
#5905=CARTESIAN_POINT('',(24.639809223,-56.561454614,10.739097088));
#5906=CARTESIAN_POINT('',(24.775445446,-56.557946034,10.739097088));
#5907=CARTESIAN_POINT('',(24.880114351,-56.661876885,10.739097088));
#5908=CARTESIAN_POINT('',(24.983946935,-56.764977311,10.739097088));
#5909=CARTESIAN_POINT('',(24.980398997,-56.902511795,10.739097088));
#5910=B_SPLINE_CURVE_WITH_KNOTS('',2,(#5905,#5906,#5907,#5908,#5909),.UNSPECIFIED.,.F.,.F.,(3,2,3),(0.,0.5,1.),.UNSPECIFIED.);
#5911=EDGE_CURVE('',#5898,#5842,#5910,.T.);
#5912=ORIENTED_EDGE('',*,*,#5911,.T.);
#5913=EDGE_LOOP('',(#5850,#5860,#5868,#5878,#5886,#5896,#5904,#5912));
#5914=FACE_BOUND('',#5913,.T.);
#5915=ADVANCED_FACE('',(#5914),#5840,.T.);
#5916=CARTESIAN_POINT('',(25.290402536,-57.464361838,11.049100627));
#5917=DIRECTION('',(0.707106781,0.,-0.707106781));
#5918=DIRECTION('',(0.,-1.,-0.));
#5919=AXIS2_PLACEMENT_3D('',#5916,#5917,#5918);
#5920=PLANE('',#5919);
#5921=CARTESIAN_POINT('',(25.290402536,-57.640729632,11.049100627));
#5922=VERTEX_POINT('',#5921);
#5923=CARTESIAN_POINT('',(25.290402536,-57.640729632,11.049100627));
#5924=DIRECTION('',(-0.707106781,0.,-0.707106781));
#5925=VECTOR('',#5924,0.43841121);
#5926=LINE('',#5923,#5925);
#5927=EDGE_CURVE('',#5922,#5844,#5926,.T.);
#5928=ORIENTED_EDGE('',*,*,#5927,.T.);
#5929=ORIENTED_EDGE('',*,*,#5849,.F.);
#5930=CARTESIAN_POINT('',(25.290402536,-56.902511795,11.049100627));
#5931=VERTEX_POINT('',#5930);
#5932=CARTESIAN_POINT('',(24.980398997,-56.902511795,10.739097088));
#5933=DIRECTION('',(0.707106781,-0.,0.707106781));
#5934=VECTOR('',#5933,0.43841121);
#5935=LINE('',#5932,#5934);
#5936=EDGE_CURVE('',#5842,#5931,#5935,.T.);
#5937=ORIENTED_EDGE('',*,*,#5936,.T.);
#5938=CARTESIAN_POINT('',(25.290402536,-57.640729632,11.049100627));
#5939=DIRECTION('',(-0.,1.,0.));
#5940=VECTOR('',#5939,0.738217838);
#5941=LINE('',#5938,#5940);
#5942=EDGE_CURVE('',#5922,#5931,#5941,.T.);
#5943=ORIENTED_EDGE('',*,*,#5942,.F.);
#5944=EDGE_LOOP('',(#5928,#5929,#5937,#5943));
#5945=FACE_BOUND('',#5944,.T.);
#5946=ADVANCED_FACE('',(#5945),#5920,.T.);
#5947=CARTESIAN_POINT('',(24.639809223,-56.561454614,10.739097088));
#5948=CARTESIAN_POINT('',(24.821801942,-56.556746904,10.739097088));
#5949=CARTESIAN_POINT('',(24.985100255,-56.720269319,10.739097088));
#5950=CARTESIAN_POINT('',(24.980398997,-56.902511795,10.739097088));
#5951=CARTESIAN_POINT('',(24.639809223,-56.251875924,11.032876295));
#5952=CARTESIAN_POINT('',(24.987451035,-56.242895011,11.032652346));
#5953=CARTESIAN_POINT('',(25.299382862,-56.554847242,11.040431223));
#5954=CARTESIAN_POINT('',(25.290402536,-56.902511795,11.049100627));
#5955=B_SPLINE_SURFACE_WITH_KNOTS('',1,3,((#5947,#5948,#5949,#5950),(#5951,#5952,#5953,#5954)),.UNSPECIFIED.,.F.,.F.,.U.,(2,2),(4,4),(0.,1.),(3.141592654,4.71238898),.UNSPECIFIED.);
#5956=CARTESIAN_POINT('',(24.639809223,-56.251875924,11.032876295));
#5957=VERTEX_POINT('',#5956);
#5958=CARTESIAN_POINT('',(24.639809223,-56.561454614,10.739097088));
#5959=DIRECTION('',(0.,0.725374371,0.688354576));
#5960=VECTOR('',#5959,0.42678471);
#5961=LINE('',#5958,#5960);
#5962=EDGE_CURVE('',#5898,#5957,#5961,.T.);
#5963=ORIENTED_EDGE('',*,*,#5962,.T.);
#5964=CARTESIAN_POINT('',(25.290402536,-56.902511795,11.049100627));
#5965=CARTESIAN_POINT('',(25.290402536,-56.56201739,11.037214088));
#5966=CARTESIAN_POINT('',(24.980459085,-56.252187315,11.026934598));
#5967=CARTESIAN_POINT('',(24.639809223,-56.251875924,11.032876295));
#5968=B_SPLINE_CURVE_WITH_KNOTS('',3,(#5964,#5965,#5966,#5967),.UNSPECIFIED.,.F.,.F.,(4,4),(0.,1.),.UNSPECIFIED.);
#5969=EDGE_CURVE('',#5931,#5957,#5968,.T.);
#5970=ORIENTED_EDGE('',*,*,#5969,.F.);
#5971=ORIENTED_EDGE('',*,*,#5936,.F.);
#5972=ORIENTED_EDGE('',*,*,#5911,.F.);
#5973=EDGE_LOOP('',(#5963,#5970,#5971,#5972));
#5974=FACE_BOUND('',#5973,.T.);
#5975=ADVANCED_FACE('',(#5974),#5955,.T.);
#5976=CARTESIAN_POINT('',(-0.039207212,-56.251875924,11.032876295));
#5977=DIRECTION('',(0.,0.688354576,-0.725374371));
#5978=DIRECTION('',(1.,-0.,-0.));
#5979=AXIS2_PLACEMENT_3D('',#5976,#5977,#5978);
#5980=PLANE('',#5979);
#5981=CARTESIAN_POINT('',(-24.639809223,-56.251875924,11.032876295));
#5982=VERTEX_POINT('',#5981);
#5983=CARTESIAN_POINT('',(-24.639809223,-56.561454614,10.739097088));
#5984=DIRECTION('',(0.,0.725374371,0.688354576));
#5985=VECTOR('',#5984,0.42678471);
#5986=LINE('',#5983,#5985);
#5987=EDGE_CURVE('',#5888,#5982,#5986,.T.);
#5988=ORIENTED_EDGE('',*,*,#5987,.T.);
#5989=CARTESIAN_POINT('',(24.639809223,-56.251875924,11.032876295));
#5990=DIRECTION('',(-1.,0.,0.));
#5991=VECTOR('',#5990,49.279618447);
#5992=LINE('',#5989,#5991);
#5993=EDGE_CURVE('',#5957,#5982,#5992,.T.);
#5994=ORIENTED_EDGE('',*,*,#5993,.F.);
#5995=ORIENTED_EDGE('',*,*,#5962,.F.);
#5996=ORIENTED_EDGE('',*,*,#5903,.F.);
#5997=EDGE_LOOP('',(#5988,#5994,#5995,#5996));
#5998=FACE_BOUND('',#5997,.T.);
#5999=ADVANCED_FACE('',(#5998),#5980,.T.);
#6000=CARTESIAN_POINT('',(13.823100237,-56.900966517,12.542701534));
#6001=DIRECTION('',(-1.,-0.,0.));
#6002=DIRECTION('',(0.,-1.,0.));
#6003=AXIS2_PLACEMENT_3D('',#6000,#6001,#6002);
#6004=CONICAL_SURFACE('',#6003,1.300170107,41.211954686);
#6005=CARTESIAN_POINT('',(13.815072407,-56.117894332,13.589397357));
#6006=VERTEX_POINT('',#6005);
#6007=CARTESIAN_POINT('',(14.073725429,-56.216580138,11.706360006));
#6008=VERTEX_POINT('',#6007);
#6009=CARTESIAN_POINT('',(13.815072407,-56.117894332,13.589397357));
#6010=CARTESIAN_POINT('',(13.807088854,-56.036304313,13.537089032));
#6011=CARTESIAN_POINT('',(13.80178699,-55.963513471,13.475267828));
#6012=CARTESIAN_POINT('',(13.798993287,-55.899219889,13.404265545));
#6013=CARTESIAN_POINT('',(13.796199584,-55.834926307,13.333263261));
#6014=CARTESIAN_POINT('',(13.796018553,-55.779186317,13.252257684));
#6015=CARTESIAN_POINT('',(13.798464288,-55.735833919,13.166784374));
#6016=CARTESIAN_POINT('',(13.800910023,-55.692481521,13.081311064));
#6017=CARTESIAN_POINT('',(13.806044252,-55.660145007,12.988808007));
#6018=CARTESIAN_POINT('',(13.81362858,-55.640804756,12.894943011));
#6019=CARTESIAN_POINT('',(13.821212908,-55.621464505,12.801078016));
#6020=CARTESIAN_POINT('',(13.831267558,-55.614628951,12.704951938));
#6021=CARTESIAN_POINT('',(13.843679336,-55.620542298,12.609142832));
#6022=CARTESIAN_POINT('',(13.856091114,-55.626455645,12.513333727));
#6023=CARTESIAN_POINT('',(13.87050146,-55.644742795,12.420301374));
#6024=CARTESIAN_POINT('',(13.88705046,-55.675118796,12.330010896));
#6025=CARTESIAN_POINT('',(13.90359946,-55.705494797,12.239720418));
#6026=CARTESIAN_POINT('',(13.921974257,-55.747552509,12.154194795));
#6027=CARTESIAN_POINT('',(13.94173453,-55.799537619,12.075886726));
#6028=CARTESIAN_POINT('',(13.961494803,-55.85152273,11.997578657));
#6029=CARTESIAN_POINT('',(13.982981053,-55.914449086,11.925404585));
#6030=CARTESIAN_POINT('',(14.005040601,-55.984317626,11.863555424));
#6031=CARTESIAN_POINT('',(14.027100149,-56.054186166,11.801706264));
#6032=CARTESIAN_POINT('',(14.050185796,-56.132317223,11.74867428));
#6033=CARTESIAN_POINT('',(14.073725429,-56.216580138,11.706360006));
#6034=B_SPLINE_CURVE_WITH_KNOTS('',3,(#6009,#6010,#6011,#6012,#6013,#6014,#6015,#6016,#6017,#6018,#6019,#6020,#6021,#6022,#6023,#6024,#6025,#6026,#6027,#6028,#6029,#6030,#6031,#6032,#6033),.UNSPECIFIED.,.F.,.F.,(4,3,3,3,3,3,3,3,4),(0.,0.000286545,0.00057309,0.000859636,0.001146181,0.001432726,0.001719271,0.002005817,0.002292362),.UNSPECIFIED.);
#6035=EDGE_CURVE('',#6006,#6008,#6034,.T.);
#6036=ORIENTED_EDGE('',*,*,#6035,.F.);
#6037=CARTESIAN_POINT('',(13.815072407,-56.117894332,13.589397357));
#6038=CARTESIAN_POINT('',(13.94206162,-56.124899008,13.455740191));
#6039=CARTESIAN_POINT('',(14.065874722,-56.132050707,13.319277631));
#6040=CARTESIAN_POINT('',(14.178842185,-56.139694385,13.173427577));
#6041=CARTESIAN_POINT('',(14.235325916,-56.143516224,13.100502551));
#6042=CARTESIAN_POINT('',(14.288683905,-56.147444473,13.02554709));
#6043=CARTESIAN_POINT('',(14.335514903,-56.151572217,12.946785046));
#6044=CARTESIAN_POINT('',(14.382345901,-56.15569996,12.868023002));
#6045=CARTESIAN_POINT('',(14.423383784,-56.160102736,12.784013032));
#6046=CARTESIAN_POINT('',(14.449099781,-56.164740644,12.695516484));
#6047=CARTESIAN_POINT('',(14.46195778,-56.167059598,12.651268209));
#6048=CARTESIAN_POINT('',(14.470875729,-56.169422404,12.606183183));
#6049=CARTESIAN_POINT('',(14.47488752,-56.171839815,12.560056232));
#6050=CARTESIAN_POINT('',(14.478899312,-56.174257226,12.513929282));
#6051=CARTESIAN_POINT('',(14.477801013,-56.176709025,12.467146174));
#6052=CARTESIAN_POINT('',(14.471894864,-56.179094207,12.421634192));
#6053=CARTESIAN_POINT('',(14.460082568,-56.18386457,12.330610229));
#6054=CARTESIAN_POINT('',(14.428652827,-56.188525376,12.241676758));
#6055=CARTESIAN_POINT('',(14.388171731,-56.192845447,12.15924489));
#6056=CARTESIAN_POINT('',(14.347690636,-56.197165518,12.076813022));
#6057=CARTESIAN_POINT('',(14.297998321,-56.201250356,11.99886967));
#6058=CARTESIAN_POINT('',(14.244332208,-56.205188309,11.923729066));
#6059=CARTESIAN_POINT('',(14.190666095,-56.209126261,11.848588462));
#6060=CARTESIAN_POINT('',(14.133176127,-56.21289626,11.776652598));
#6061=CARTESIAN_POINT('',(14.073725429,-56.216580138,11.706360006));
#6062=B_SPLINE_CURVE_WITH_KNOTS('',3,(#6037,#6038,#6039,#6040,#6041,#6042,#6043,#6044,#6045,#6046,#6047,#6048,#6049,#6050,#6051,#6052,#6053,#6054,#6055,#6056,#6057,#6058,#6059,#6060,#6061),.UNSPECIFIED.,.F.,.F.,(4,3,3,3,3,3,3,3,4),(-0.00001137,0.000541652,0.000818163,0.001094674,0.00123293,0.001371185,0.001647696,0.001924207,0.002200718),.UNSPECIFIED.);
#6063=EDGE_CURVE('',#6006,#6008,#6062,.T.);
#6064=ORIENTED_EDGE('',*,*,#6063,.T.);
#6065=EDGE_LOOP('',(#6036,#6064));
#6066=FACE_BOUND('',#6065,.T.);
#6067=ADVANCED_FACE('',(#6066),#6004,.T.);
#6068=CARTESIAN_POINT('',(14.825581223,-56.703495216,12.675982771));
#6069=DIRECTION('',(-1.,0.,-0.));
#6070=DIRECTION('',(-0.,0.,1.));
#6071=AXIS2_PLACEMENT_3D('',#6068,#6069,#6070);
#6072=CYLINDRICAL_SURFACE('',#6071,1.085013641);
#6073=CARTESIAN_POINT('',(-14.073725429,-56.216580138,11.706360006));
#6074=VERTEX_POINT('',#6073);
#6075=CARTESIAN_POINT('',(-13.815072407,-56.117894332,13.589397357));
#6076=VERTEX_POINT('',#6075);
#6077=CARTESIAN_POINT('',(-14.073725429,-56.216580138,11.706360006));
#6078=CARTESIAN_POINT('',(-14.050197188,-56.132358002,11.748653803));
#6079=CARTESIAN_POINT('',(-14.027357286,-56.055011401,11.801008664));
#6080=CARTESIAN_POINT('',(-14.005107538,-55.984529649,11.863367786));
#6081=CARTESIAN_POINT('',(-13.982857789,-55.914047898,11.925726908));
#6082=CARTESIAN_POINT('',(-13.961651592,-55.851975697,11.997038981));
#6083=CARTESIAN_POINT('',(-13.941925537,-55.800040319,12.07513017));
#6084=CARTESIAN_POINT('',(-13.922199483,-55.74810494,12.153221359));
#6085=CARTESIAN_POINT('',(-13.903606472,-55.705556726,12.239770303));
#6086=CARTESIAN_POINT('',(-13.887198849,-55.675391391,12.32920168));
#6087=CARTESIAN_POINT('',(-13.870791227,-55.645226057,12.418633056));
#6088=CARTESIAN_POINT('',(-13.856137278,-55.626528001,12.513058258));
#6089=CARTESIAN_POINT('',(-13.843760149,-55.620580964,12.60851928));
#6090=CARTESIAN_POINT('',(-13.83138302,-55.614633926,12.703980303));
#6091=CARTESIAN_POINT('',(-13.821403903,-55.621166461,12.798999117));
#6092=CARTESIAN_POINT('',(-13.813741477,-55.64051825,12.893547867));
#6093=CARTESIAN_POINT('',(-13.806079051,-55.65987004,12.988096617));
#6094=CARTESIAN_POINT('',(-13.801002911,-55.69164667,13.079267783));
#6095=CARTESIAN_POINT('',(-13.79851595,-55.734926582,13.164991361));
#6096=CARTESIAN_POINT('',(-13.796028989,-55.778206493,13.250714938));
#6097=CARTESIAN_POINT('',(-13.796177074,-55.83368729,13.331623346));
#6098=CARTESIAN_POINT('',(-13.798934086,-55.897849853,13.402749687));
#6099=CARTESIAN_POINT('',(-13.801691099,-55.962012417,13.473876029));
#6100=CARTESIAN_POINT('',(-13.807091937,-56.03633582,13.537109231));
#6101=CARTESIAN_POINT('',(-13.815072407,-56.117894332,13.589397357));
#6102=B_SPLINE_CURVE_WITH_KNOTS('',3,(#6077,#6078,#6079,#6080,#6081,#6082,#6083,#6084,#6085,#6086,#6087,#6088,#6089,#6090,#6091,#6092,#6093,#6094,#6095,#6096,#6097,#6098,#6099,#6100,#6101),.UNSPECIFIED.,.F.,.F.,(4,3,3,3,3,3,3,3,4),(0.,0.00028841,0.000576821,0.000865231,0.001153642,0.001442052,0.001730463,0.002018873,0.002307284),.UNSPECIFIED.);
#6103=EDGE_CURVE('',#6074,#6076,#6102,.T.);
#6104=ORIENTED_EDGE('',*,*,#6103,.T.);
#6105=CARTESIAN_POINT('',(-13.815072407,-56.117894332,13.589397357));
#6106=DIRECTION('',(1.,-0.,0.));
#6107=VECTOR('',#6106,27.630144814);
#6108=LINE('',#6105,#6107);
#6109=EDGE_CURVE('',#6076,#6006,#6108,.T.);
#6110=ORIENTED_EDGE('',*,*,#6109,.T.);
#6111=ORIENTED_EDGE('',*,*,#6035,.T.);
#6112=CARTESIAN_POINT('',(14.073725429,-56.216580138,11.706360006));
#6113=DIRECTION('',(-1.,0.,-0.));
#6114=VECTOR('',#6113,28.147450858);
#6115=LINE('',#6112,#6114);
#6116=EDGE_CURVE('',#6008,#6074,#6115,.T.);
#6117=ORIENTED_EDGE('',*,*,#6116,.T.);
#6118=EDGE_LOOP('',(#6104,#6110,#6111,#6117));
#6119=FACE_BOUND('',#6118,.T.);
#6120=ADVANCED_FACE('',(#6119),#6072,.T.);
#6121=CARTESIAN_POINT('',(-13.823100237,-56.900966517,12.542701534));
#6122=DIRECTION('',(1.,0.,0.));
#6123=DIRECTION('',(0.,0.,-1.));
#6124=AXIS2_PLACEMENT_3D('',#6121,#6122,#6123);
#6125=CONICAL_SURFACE('',#6124,1.300170107,41.211954686);
#6126=ORIENTED_EDGE('',*,*,#6103,.F.);
#6127=CARTESIAN_POINT('',(-14.073725429,-56.216580138,11.706360006));
#6128=CARTESIAN_POINT('',(-14.133203429,-56.212894568,11.77668488));
#6129=CARTESIAN_POINT('',(-14.190906028,-56.209108711,11.848923327));
#6130=CARTESIAN_POINT('',(-14.244345589,-56.205187327,11.923747801));
#6131=CARTESIAN_POINT('',(-14.297785149,-56.201265942,11.998572275));
#6132=CARTESIAN_POINT('',(-14.347123307,-56.197216537,12.075839525));
#6133=CARTESIAN_POINT('',(-14.3877151,-56.192894125,12.158316066));
#6134=CARTESIAN_POINT('',(-14.428306893,-56.188571713,12.240792608));
#6135=CARTESIAN_POINT('',(-14.459789468,-56.183931322,12.329336539));
#6136=CARTESIAN_POINT('',(-14.471779037,-56.179140712,12.420746822));
#6137=CARTESIAN_POINT('',(-14.477773821,-56.176745407,12.466451963));
#6138=CARTESIAN_POINT('',(-14.478880782,-56.174278717,12.513519209));
#6139=CARTESIAN_POINT('',(-14.474950646,-56.171878094,12.559325816));
#6140=CARTESIAN_POINT('',(-14.471020509,-56.169477472,12.605132423));
#6141=CARTESIAN_POINT('',(-14.46221377,-56.167115042,12.650210267));
#6142=CARTESIAN_POINT('',(-14.44934221,-56.164784448,12.694680662));
#6143=CARTESIAN_POINT('',(-14.42359909,-56.160123258,12.78362145));
#6144=CARTESIAN_POINT('',(-14.382922353,-56.1557561,12.866951799));
#6145=CARTESIAN_POINT('',(-14.335975533,-56.151612843,12.946009846));
#6146=CARTESIAN_POINT('',(-14.289028713,-56.147469586,13.025067893));
#6147=CARTESIAN_POINT('',(-14.235189954,-56.143506748,13.100683356));
#6148=CARTESIAN_POINT('',(-14.178773062,-56.139689708,13.173516818));
#6149=CARTESIAN_POINT('',(-14.065939276,-56.132055628,13.31918374));
#6150=CARTESIAN_POINT('',(-13.942123341,-56.124902412,13.45567523));
#6151=CARTESIAN_POINT('',(-13.815072407,-56.117894332,13.589397357));
#6152=B_SPLINE_CURVE_WITH_KNOTS('',3,(#6127,#6128,#6129,#6130,#6131,#6132,#6133,#6134,#6135,#6136,#6137,#6138,#6139,#6140,#6141,#6142,#6143,#6144,#6145,#6146,#6147,#6148,#6149,#6150,#6151),.UNSPECIFIED.,.F.,.F.,(4,3,3,3,3,3,3,3,4),(0.000374822,0.000651329,0.000927836,0.001204343,0.001342597,0.00148085,0.001757357,0.002033864,0.002586878),.UNSPECIFIED.);
#6153=EDGE_CURVE('',#6074,#6076,#6152,.T.);
#6154=ORIENTED_EDGE('',*,*,#6153,.T.);
#6155=EDGE_LOOP('',(#6126,#6154));
#6156=FACE_BOUND('',#6155,.T.);
#6157=ADVANCED_FACE('',(#6156),#6125,.T.);
#6158=CARTESIAN_POINT('',(24.980398997,-57.640729632,10.739097088));
#6159=CARTESIAN_POINT('',(24.985100255,-57.825529882,10.739097088));
#6160=CARTESIAN_POINT('',(24.821801942,-57.991347335,10.739097088));
#6161=CARTESIAN_POINT('',(24.639809223,-57.986573552,10.739097088));
#6162=CARTESIAN_POINT('',(25.290402536,-57.640729632,11.049100627));
#6163=CARTESIAN_POINT('',(25.299382862,-57.988662393,11.020335964));
#6164=CARTESIAN_POINT('',(24.987451035,-58.300855283,10.994526025));
#6165=CARTESIAN_POINT('',(24.639809223,-58.291867441,10.995269077));
#6166=B_SPLINE_SURFACE_WITH_KNOTS('',1,3,((#6158,#6159,#6160,#6161),(#6162,#6163,#6164,#6165)),.UNSPECIFIED.,.F.,.F.,.U.,(2,2),(4,4),(0.,1.),(1.570796327,3.141592654),.UNSPECIFIED.);
#6167=CARTESIAN_POINT('',(24.639809223,-58.291867441,10.995269077));
#6168=VERTEX_POINT('',#6167);
#6169=CARTESIAN_POINT('',(24.639809223,-58.291867441,10.995269077));
#6170=DIRECTION('',(-0.,0.766044443,-0.64278761));
#6171=VECTOR('',#6170,0.398532868);
#6172=LINE('',#6169,#6171);
#6173=EDGE_CURVE('',#6168,#5852,#6172,.T.);
#6174=ORIENTED_EDGE('',*,*,#6173,.T.);
#6175=ORIENTED_EDGE('',*,*,#5859,.F.);
#6176=ORIENTED_EDGE('',*,*,#5927,.F.);
#6177=CARTESIAN_POINT('',(24.639809223,-58.291867441,10.995269077));
#6178=CARTESIAN_POINT('',(24.760477529,-58.291917406,10.995552442));
#6179=CARTESIAN_POINT('',(24.910874654,-58.2564856,10.996864312));
#6180=CARTESIAN_POINT('',(25.044282672,-58.150465341,11.005394941));
#6181=CARTESIAN_POINT('',(25.177690689,-58.044445082,11.013925571));
#6182=CARTESIAN_POINT('',(25.290402536,-57.860895296,11.03089886));
#6183=CARTESIAN_POINT('',(25.290402536,-57.640729632,11.049100627));
#6184=B_SPLINE_CURVE_WITH_KNOTS('',3,(#6177,#6178,#6179,#6180,#6181,#6182,#6183),.UNSPECIFIED.,.F.,.F.,(4,3,4),(0.,0.5,1.),.UNSPECIFIED.);
#6185=EDGE_CURVE('',#6168,#5922,#6184,.T.);
#6186=ORIENTED_EDGE('',*,*,#6185,.F.);
#6187=EDGE_LOOP('',(#6174,#6175,#6176,#6186));
#6188=FACE_BOUND('',#6187,.T.);
#6189=ADVANCED_FACE('',(#6188),#6166,.T.);
#6190=CARTESIAN_POINT('',(-24.980398997,-56.902511795,10.739097088));
#6191=CARTESIAN_POINT('',(-24.985100255,-56.720269319,10.739097088));
#6192=CARTESIAN_POINT('',(-24.821801942,-56.556746904,10.739097088));
#6193=CARTESIAN_POINT('',(-24.639809223,-56.561454614,10.739097088));
#6194=CARTESIAN_POINT('',(-25.290402536,-56.902511795,11.049100627));
#6195=CARTESIAN_POINT('',(-25.299382862,-56.554847242,11.040431223));
#6196=CARTESIAN_POINT('',(-24.987451035,-56.242895011,11.032652346));
#6197=CARTESIAN_POINT('',(-24.639809223,-56.251875924,11.032876295));
#6198=B_SPLINE_SURFACE_WITH_KNOTS('',1,3,((#6190,#6191,#6192,#6193),(#6194,#6195,#6196,#6197)),.UNSPECIFIED.,.F.,.F.,.U.,(2,2),(4,4),(0.,1.),(1.570796327,3.141592654),.UNSPECIFIED.);
#6199=CARTESIAN_POINT('',(-25.290402536,-56.902511795,11.049100627));
#6200=VERTEX_POINT('',#6199);
#6201=CARTESIAN_POINT('',(-24.980398997,-56.902511795,10.739097088));
#6202=DIRECTION('',(-0.707106781,-0.,0.707106781));
#6203=VECTOR('',#6202,0.43841121);
#6204=LINE('',#6201,#6203);
#6205=EDGE_CURVE('',#5880,#6200,#6204,.T.);
#6206=ORIENTED_EDGE('',*,*,#6205,.T.);
#6207=CARTESIAN_POINT('',(-24.639809223,-56.251875924,11.032876295));
#6208=CARTESIAN_POINT('',(-24.980459085,-56.252187315,11.026934598));
#6209=CARTESIAN_POINT('',(-25.290402536,-56.56201739,11.037214088));
#6210=CARTESIAN_POINT('',(-25.290402536,-56.902511795,11.049100627));
#6211=B_SPLINE_CURVE_WITH_KNOTS('',3,(#6207,#6208,#6209,#6210),.UNSPECIFIED.,.F.,.F.,(4,4),(0.,1.),.UNSPECIFIED.);
#6212=EDGE_CURVE('',#5982,#6200,#6211,.T.);
#6213=ORIENTED_EDGE('',*,*,#6212,.F.);
#6214=ORIENTED_EDGE('',*,*,#5987,.F.);
#6215=ORIENTED_EDGE('',*,*,#5895,.F.);
#6216=EDGE_LOOP('',(#6206,#6213,#6214,#6215));
#6217=FACE_BOUND('',#6216,.T.);
#6218=ADVANCED_FACE('',(#6217),#6198,.T.);
#6219=CARTESIAN_POINT('',(-0.039207212,-57.986573552,10.739097088));
#6220=DIRECTION('',(0.,-0.64278761,-0.766044443));
#6221=DIRECTION('',(1.,0.,-0.));
#6222=AXIS2_PLACEMENT_3D('',#6219,#6220,#6221);
#6223=PLANE('',#6222);
#6224=CARTESIAN_POINT('',(-24.639809223,-58.291867441,10.995269077));
#6225=VERTEX_POINT('',#6224);
#6226=CARTESIAN_POINT('',(-24.639809223,-58.291867441,10.995269077));
#6227=DIRECTION('',(-0.,0.766044443,-0.64278761));
#6228=VECTOR('',#6227,0.398532868);
#6229=LINE('',#6226,#6228);
#6230=EDGE_CURVE('',#6225,#5862,#6229,.T.);
#6231=ORIENTED_EDGE('',*,*,#6230,.T.);
#6232=ORIENTED_EDGE('',*,*,#5867,.F.);
#6233=ORIENTED_EDGE('',*,*,#6173,.F.);
#6234=CARTESIAN_POINT('',(-24.639809223,-58.291867441,10.995269077));
#6235=DIRECTION('',(1.,0.,-0.));
#6236=VECTOR('',#6235,49.279618447);
#6237=LINE('',#6234,#6236);
#6238=EDGE_CURVE('',#6225,#6168,#6237,.T.);
#6239=ORIENTED_EDGE('',*,*,#6238,.F.);
#6240=EDGE_LOOP('',(#6231,#6232,#6233,#6239));
#6241=FACE_BOUND('',#6240,.T.);
#6242=ADVANCED_FACE('',(#6241),#6223,.T.);
#6243=CARTESIAN_POINT('',(-24.980398997,-57.464361838,10.739097088));
#6244=DIRECTION('',(-0.707106781,0.,-0.707106781));
#6245=DIRECTION('',(0.,-1.,-0.));
#6246=AXIS2_PLACEMENT_3D('',#6243,#6244,#6245);
#6247=PLANE('',#6246);
#6248=ORIENTED_EDGE('',*,*,#6205,.F.);
#6249=ORIENTED_EDGE('',*,*,#5885,.F.);
#6250=CARTESIAN_POINT('',(-25.290402536,-57.640729632,11.049100627));
#6251=VERTEX_POINT('',#6250);
#6252=CARTESIAN_POINT('',(-25.290402536,-57.640729632,11.049100627));
#6253=DIRECTION('',(0.707106781,0.,-0.707106781));
#6254=VECTOR('',#6253,0.43841121);
#6255=LINE('',#6252,#6254);
#6256=EDGE_CURVE('',#6251,#5870,#6255,.T.);
#6257=ORIENTED_EDGE('',*,*,#6256,.F.);
#6258=CARTESIAN_POINT('',(-25.290402536,-56.902511795,11.049100627));
#6259=DIRECTION('',(0.,-1.,-0.));
#6260=VECTOR('',#6259,0.738217838);
#6261=LINE('',#6258,#6260);
#6262=EDGE_CURVE('',#6200,#6251,#6261,.T.);
#6263=ORIENTED_EDGE('',*,*,#6262,.F.);
#6264=EDGE_LOOP('',(#6248,#6249,#6257,#6263));
#6265=FACE_BOUND('',#6264,.T.);
#6266=ADVANCED_FACE('',(#6265),#6247,.T.);
#6267=CARTESIAN_POINT('',(-24.639809223,-57.986573552,10.739097088));
#6268=CARTESIAN_POINT('',(-24.821801942,-57.991347335,10.739097088));
#6269=CARTESIAN_POINT('',(-24.985100255,-57.825529882,10.739097088));
#6270=CARTESIAN_POINT('',(-24.980398997,-57.640729632,10.739097088));
#6271=CARTESIAN_POINT('',(-24.639809223,-58.291867441,10.995269077));
#6272=CARTESIAN_POINT('',(-24.987451035,-58.300855283,10.994526025));
#6273=CARTESIAN_POINT('',(-25.299382862,-57.988662393,11.020335964));
#6274=CARTESIAN_POINT('',(-25.290402536,-57.640729632,11.049100627));
#6275=B_SPLINE_SURFACE_WITH_KNOTS('',1,3,((#6267,#6268,#6269,#6270),(#6271,#6272,#6273,#6274)),.UNSPECIFIED.,.F.,.F.,.U.,(2,2),(4,4),(0.,1.),(3.141592654,4.71238898),.UNSPECIFIED.);
#6276=ORIENTED_EDGE('',*,*,#6256,.T.);
#6277=ORIENTED_EDGE('',*,*,#5877,.F.);
#6278=ORIENTED_EDGE('',*,*,#6230,.F.);
#6279=CARTESIAN_POINT('',(-25.290402536,-57.640729632,11.049100627));
#6280=CARTESIAN_POINT('',(-25.290402536,-57.860895296,11.03089886));
#6281=CARTESIAN_POINT('',(-25.177690689,-58.044445082,11.013925571));
#6282=CARTESIAN_POINT('',(-25.044282672,-58.150465341,11.005394941));
#6283=CARTESIAN_POINT('',(-24.910874654,-58.2564856,10.996864312));
#6284=CARTESIAN_POINT('',(-24.760477529,-58.291917406,10.995552442));
#6285=CARTESIAN_POINT('',(-24.639809223,-58.291867441,10.995269077));
#6286=B_SPLINE_CURVE_WITH_KNOTS('',3,(#6279,#6280,#6281,#6282,#6283,#6284,#6285),.UNSPECIFIED.,.F.,.F.,(4,3,4),(0.,0.5,1.),.UNSPECIFIED.);
#6287=EDGE_CURVE('',#6251,#6225,#6286,.T.);
#6288=ORIENTED_EDGE('',*,*,#6287,.F.);
#6289=EDGE_LOOP('',(#6276,#6277,#6278,#6288));
#6290=FACE_BOUND('',#6289,.T.);
#6291=ADVANCED_FACE('',(#6290),#6275,.T.);
#6292=CARTESIAN_POINT('',(25.290402536,-57.464361838,12.564915027));
#6293=DIRECTION('',(-1.,-0.,-0.));
#6294=DIRECTION('',(-0.,1.,-0.));
#6295=AXIS2_PLACEMENT_3D('',#6292,#6293,#6294);
#6296=PLANE('',#6295);
#6297=CARTESIAN_POINT('',(25.290402536,-56.682094587,15.254911487));
#6298=VERTEX_POINT('',#6297);
#6299=CARTESIAN_POINT('',(25.290402536,-56.902511795,11.049100627));
#6300=DIRECTION('',(-0.,0.052335956,0.998629535));
#6301=VECTOR('',#6300,4.211582688);
#6302=LINE('',#6299,#6301);
#6303=EDGE_CURVE('',#5931,#6298,#6302,.T.);
#6304=ORIENTED_EDGE('',*,*,#6303,.T.);
#6305=CARTESIAN_POINT('',(25.290402536,-58.382327563,15.254911487));
#6306=VERTEX_POINT('',#6305);
#6307=CARTESIAN_POINT('',(25.290402536,-56.682094587,15.254911487));
#6308=DIRECTION('',(0.,-1.,-0.));
#6309=VECTOR('',#6308,1.700232976);
#6310=LINE('',#6307,#6309);
#6311=EDGE_CURVE('',#6298,#6306,#6310,.T.);
#6312=ORIENTED_EDGE('',*,*,#6311,.T.);
#6313=CARTESIAN_POINT('',(25.290402536,-58.382327563,15.254911487));
#6314=DIRECTION('',(0.,0.173648178,-0.984807753));
#6315=VECTOR('',#6314,4.270692272);
#6316=LINE('',#6313,#6315);
#6317=EDGE_CURVE('',#6306,#5922,#6316,.T.);
#6318=ORIENTED_EDGE('',*,*,#6317,.T.);
#6319=ORIENTED_EDGE('',*,*,#5942,.T.);
#6320=EDGE_LOOP('',(#6304,#6312,#6318,#6319));
#6321=FACE_BOUND('',#6320,.T.);
#6322=ADVANCED_FACE('',(#6321),#6296,.F.);
#6323=CARTESIAN_POINT('',(24.639809223,-56.821071404,12.603075846));
#6324=DIRECTION('',(0.,-0.052335956,-0.998629535));
#6325=DIRECTION('',(0.,0.998629535,-0.052335956));
#6326=AXIS2_PLACEMENT_3D('',#6323,#6324,#6325);
#6327=CYLINDRICAL_SURFACE('',#6326,0.650593313);
#6328=CARTESIAN_POINT('',(24.639809223,-56.029758154,15.271135819));
#6329=VERTEX_POINT('',#6328);
#6330=CARTESIAN_POINT('',(24.639809223,-56.029758154,15.271135819));
#6331=DIRECTION('',(0.,-0.052335956,-0.998629535));
#6332=VECTOR('',#6331,4.244075882);
#6333=LINE('',#6330,#6332);
#6334=EDGE_CURVE('',#6329,#5957,#6333,.T.);
#6335=ORIENTED_EDGE('',*,*,#6334,.F.);
#6336=CARTESIAN_POINT('',(24.639809223,-56.029758154,15.271135819));
#6337=CARTESIAN_POINT('',(24.760477529,-56.029745531,15.27137669));
#6338=CARTESIAN_POINT('',(24.910874654,-56.065031969,15.269145754));
#6339=CARTESIAN_POINT('',(25.044282672,-56.171216873,15.266308697));
#6340=CARTESIAN_POINT('',(25.177690689,-56.277401777,15.263471639));
#6341=CARTESIAN_POINT('',(25.290402536,-56.46152364,15.260397332));
#6342=CARTESIAN_POINT('',(25.290402536,-56.682094587,15.254911487));
#6343=B_SPLINE_CURVE_WITH_KNOTS('',3,(#6336,#6337,#6338,#6339,#6340,#6341,#6342),.UNSPECIFIED.,.F.,.F.,(4,3,4),(0.,0.5,1.),.UNSPECIFIED.);
#6344=EDGE_CURVE('',#6329,#6298,#6343,.T.);
#6345=ORIENTED_EDGE('',*,*,#6344,.T.);
#6346=ORIENTED_EDGE('',*,*,#6303,.F.);
#6347=ORIENTED_EDGE('',*,*,#5969,.T.);
#6348=EDGE_LOOP('',(#6335,#6345,#6346,#6347));
#6349=FACE_BOUND('',#6348,.T.);
#6350=ADVANCED_FACE('',(#6349),#6327,.T.);
#6351=CARTESIAN_POINT('',(-0.039207212,-56.171369707,12.569026423));
#6352=DIRECTION('',(-0.,-0.998629535,0.052335956));
#6353=DIRECTION('',(-1.,0.,-0.));
#6354=AXIS2_PLACEMENT_3D('',#6351,#6352,#6353);
#6355=PLANE('',#6354);
#6356=ORIENTED_EDGE('',*,*,#6153,.F.);
#6357=ORIENTED_EDGE('',*,*,#6116,.F.);
#6358=ORIENTED_EDGE('',*,*,#6063,.F.);
#6359=ORIENTED_EDGE('',*,*,#6109,.F.);
#6360=EDGE_LOOP('',(#6356,#6357,#6358,#6359));
#6361=FACE_BOUND('',#6360,.T.);
#6362=CARTESIAN_POINT('',(-24.639809223,-56.029758154,15.271135819));
#6363=VERTEX_POINT('',#6362);
#6364=CARTESIAN_POINT('',(-24.639809223,-56.251875924,11.032876295));
#6365=DIRECTION('',(-0.,0.052335956,0.998629535));
#6366=VECTOR('',#6365,4.244075882);
#6367=LINE('',#6364,#6366);
#6368=EDGE_CURVE('',#5982,#6363,#6367,.T.);
#6369=ORIENTED_EDGE('',*,*,#6368,.T.);
#6370=CARTESIAN_POINT('',(-24.639809223,-56.029758154,15.271135819));
#6371=DIRECTION('',(1.,0.,0.));
#6372=VECTOR('',#6371,49.279618447);
#6373=LINE('',#6370,#6372);
#6374=EDGE_CURVE('',#6363,#6329,#6373,.T.);
#6375=ORIENTED_EDGE('',*,*,#6374,.T.);
#6376=ORIENTED_EDGE('',*,*,#6334,.T.);
#6377=ORIENTED_EDGE('',*,*,#5993,.T.);
#6378=EDGE_LOOP('',(#6369,#6375,#6376,#6377));
#6379=FACE_BOUND('',#6378,.T.);
#6380=ADVANCED_FACE('',(#6361,#6379),#6355,.F.);
#6381=CARTESIAN_POINT('',(24.639809223,-57.894631022,12.489046961));
#6382=DIRECTION('',(0.,0.173648178,-0.984807753));
#6383=DIRECTION('',(0.,0.984807753,0.173648178));
#6384=AXIS2_PLACEMENT_3D('',#6381,#6382,#6383);
#6385=CYLINDRICAL_SURFACE('',#6384,0.650593313);
#6386=ORIENTED_EDGE('',*,*,#6317,.F.);
#6387=CARTESIAN_POINT('',(25.081759872,-58.874101058,15.294416145));
#6388=VERTEX_POINT('',#6387);
#6389=CARTESIAN_POINT('',(25.290402536,-58.382327563,15.254911487));
#6390=CARTESIAN_POINT('',(25.290402536,-58.565996797,15.264598177));
#6391=CARTESIAN_POINT('',(25.212435956,-58.748338793,15.274518894));
#6392=CARTESIAN_POINT('',(25.080648408,-58.875111907,15.294237904));
#6393=B_SPLINE_CURVE_WITH_KNOTS('',3,(#6389,#6390,#6391,#6392),.UNSPECIFIED.,.F.,.F.,(4,4),(0.,1.),.UNSPECIFIED.);
#6394=EDGE_CURVE('',#6306,#6388,#6393,.T.);
#6395=ORIENTED_EDGE('',*,*,#6394,.T.);
#6396=CARTESIAN_POINT('',(24.639809223,-59.052449281,15.308743037));
#6397=VERTEX_POINT('',#6396);
#6398=CARTESIAN_POINT('',(25.081759872,-58.874101058,15.294416145));
#6399=CARTESIAN_POINT('',(24.957055789,-58.992999873,15.303967407));
#6400=CARTESIAN_POINT('',(24.79379426,-59.052449281,15.308743037));
#6401=CARTESIAN_POINT('',(24.639809223,-59.052449281,15.308743037));
#6402=B_SPLINE_CURVE_WITH_KNOTS('',3,(#6398,#6399,#6400,#6401),.UNSPECIFIED.,.F.,.F.,(4,4),(0.,1.),.UNSPECIFIED.);
#6403=EDGE_CURVE('',#6388,#6397,#6402,.T.);
#6404=ORIENTED_EDGE('',*,*,#6403,.T.);
#6405=CARTESIAN_POINT('',(24.639809223,-58.291867441,10.995269077));
#6406=DIRECTION('',(-0.,-0.173648178,0.984807753));
#6407=VECTOR('',#6406,4.380016248);
#6408=LINE('',#6405,#6407);
#6409=EDGE_CURVE('',#6168,#6397,#6408,.T.);
#6410=ORIENTED_EDGE('',*,*,#6409,.F.);
#6411=ORIENTED_EDGE('',*,*,#6185,.T.);
#6412=EDGE_LOOP('',(#6386,#6395,#6404,#6410,#6411));
#6413=FACE_BOUND('',#6412,.T.);
#6414=ADVANCED_FACE('',(#6413),#6385,.T.);
#6415=CARTESIAN_POINT('',(-24.639809223,-56.824827856,12.531398471));
#6416=DIRECTION('',(0.,-0.052335956,-0.998629535));
#6417=DIRECTION('',(0.,0.998629535,-0.052335956));
#6418=AXIS2_PLACEMENT_3D('',#6415,#6416,#6417);
#6419=CYLINDRICAL_SURFACE('',#6418,0.650593313);
#6420=CARTESIAN_POINT('',(-25.290402536,-56.682094587,15.254911487));
#6421=VERTEX_POINT('',#6420);
#6422=CARTESIAN_POINT('',(-25.290402536,-56.682094587,15.254911487));
#6423=DIRECTION('',(0.,-0.052335956,-0.998629535));
#6424=VECTOR('',#6423,4.211582688);
#6425=LINE('',#6422,#6424);
#6426=EDGE_CURVE('',#6421,#6200,#6425,.T.);
#6427=ORIENTED_EDGE('',*,*,#6426,.F.);
#6428=CARTESIAN_POINT('',(-25.290402536,-56.682094587,15.254911487));
#6429=CARTESIAN_POINT('',(-25.290402536,-56.46152364,15.260397332));
#6430=CARTESIAN_POINT('',(-25.177690689,-56.277401777,15.263471639));
#6431=CARTESIAN_POINT('',(-25.044282672,-56.171216873,15.266308697));
#6432=CARTESIAN_POINT('',(-24.910874654,-56.065031969,15.269145754));
#6433=CARTESIAN_POINT('',(-24.760477529,-56.029745531,15.27137669));
#6434=CARTESIAN_POINT('',(-24.639809223,-56.029758154,15.271135819));
#6435=B_SPLINE_CURVE_WITH_KNOTS('',3,(#6428,#6429,#6430,#6431,#6432,#6433,#6434),.UNSPECIFIED.,.F.,.F.,(4,3,4),(0.,0.5,1.),.UNSPECIFIED.);
#6436=EDGE_CURVE('',#6421,#6363,#6435,.T.);
#6437=ORIENTED_EDGE('',*,*,#6436,.T.);
#6438=ORIENTED_EDGE('',*,*,#6368,.F.);
#6439=ORIENTED_EDGE('',*,*,#6212,.T.);
#6440=EDGE_LOOP('',(#6427,#6437,#6438,#6439));
#6441=FACE_BOUND('',#6440,.T.);
#6442=ADVANCED_FACE('',(#6441),#6419,.T.);
#6443=CARTESIAN_POINT('',(-0.039207212,-58.573651538,12.593346106));
#6444=DIRECTION('',(-0.,0.984807753,0.173648178));
#6445=DIRECTION('',(1.,0.,0.));
#6446=AXIS2_PLACEMENT_3D('',#6443,#6444,#6445);
#6447=PLANE('',#6446);
#6448=ORIENTED_EDGE('',*,*,#6409,.T.);
#6449=CARTESIAN_POINT('',(-24.639809223,-59.052449281,15.308743037));
#6450=VERTEX_POINT('',#6449);
#6451=CARTESIAN_POINT('',(24.639809223,-59.052449281,15.308743037));
#6452=DIRECTION('',(-1.,0.,-0.));
#6453=VECTOR('',#6452,49.279618447);
#6454=LINE('',#6451,#6453);
#6455=EDGE_CURVE('',#6397,#6450,#6454,.T.);
#6456=ORIENTED_EDGE('',*,*,#6455,.T.);
#6457=CARTESIAN_POINT('',(-24.639809223,-59.052449281,15.308743037));
#6458=DIRECTION('',(0.,0.173648178,-0.984807753));
#6459=VECTOR('',#6458,4.380016248);
#6460=LINE('',#6457,#6459);
#6461=EDGE_CURVE('',#6450,#6225,#6460,.T.);
#6462=ORIENTED_EDGE('',*,*,#6461,.T.);
#6463=ORIENTED_EDGE('',*,*,#6238,.T.);
#6464=EDGE_LOOP('',(#6448,#6456,#6462,#6463));
#6465=FACE_BOUND('',#6464,.T.);
#6466=ADVANCED_FACE('',(#6465),#6447,.F.);
#6467=CARTESIAN_POINT('',(-25.290402536,-57.464361838,12.564915027));
#6468=DIRECTION('',(1.,0.,0.));
#6469=DIRECTION('',(-0.,1.,-0.));
#6470=AXIS2_PLACEMENT_3D('',#6467,#6468,#6469);
#6471=PLANE('',#6470);
#6472=ORIENTED_EDGE('',*,*,#6426,.T.);
#6473=ORIENTED_EDGE('',*,*,#6262,.T.);
#6474=CARTESIAN_POINT('',(-25.290402536,-58.382327563,15.254911487));
#6475=VERTEX_POINT('',#6474);
#6476=CARTESIAN_POINT('',(-25.290402536,-57.640729632,11.049100627));
#6477=DIRECTION('',(-0.,-0.173648178,0.984807753));
#6478=VECTOR('',#6477,4.270692272);
#6479=LINE('',#6476,#6478);
#6480=EDGE_CURVE('',#6251,#6475,#6479,.T.);
#6481=ORIENTED_EDGE('',*,*,#6480,.T.);
#6482=CARTESIAN_POINT('',(-25.290402536,-58.382327563,15.254911487));
#6483=DIRECTION('',(-0.,1.,0.));
#6484=VECTOR('',#6483,1.700232976);
#6485=LINE('',#6482,#6484);
#6486=EDGE_CURVE('',#6475,#6421,#6485,.T.);
#6487=ORIENTED_EDGE('',*,*,#6486,.T.);
#6488=EDGE_LOOP('',(#6472,#6473,#6481,#6487));
#6489=FACE_BOUND('',#6488,.T.);
#6490=ADVANCED_FACE('',(#6489),#6471,.F.);
#6491=CARTESIAN_POINT('',(-24.639809223,-57.9329422,12.706320449));
#6492=DIRECTION('',(0.,0.173648178,-0.984807753));
#6493=DIRECTION('',(0.,0.984807753,0.173648178));
#6494=AXIS2_PLACEMENT_3D('',#6491,#6492,#6493);
#6495=CYLINDRICAL_SURFACE('',#6494,0.650593313);
#6496=ORIENTED_EDGE('',*,*,#6461,.F.);
#6497=CARTESIAN_POINT('',(-25.080175547,-58.87460648,15.294327024));
#6498=VERTEX_POINT('',#6497);
#6499=CARTESIAN_POINT('',(-24.639809223,-59.052449281,15.308743037));
#6500=CARTESIAN_POINT('',(-24.793225587,-59.052473387,15.308879749));
#6501=CARTESIAN_POINT('',(-24.956021128,-58.9934686,15.304113141));
#6502=CARTESIAN_POINT('',(-25.080685644,-58.875122968,15.294498218));
#6503=B_SPLINE_CURVE_WITH_KNOTS('',3,(#6499,#6500,#6501,#6502),.UNSPECIFIED.,.F.,.F.,(4,4),(0.,1.),.UNSPECIFIED.);
#6504=EDGE_CURVE('',#6450,#6498,#6503,.T.);
#6505=ORIENTED_EDGE('',*,*,#6504,.T.);
#6506=CARTESIAN_POINT('',(-25.080648408,-58.875111907,15.294237904));
#6507=CARTESIAN_POINT('',(-25.212435956,-58.748338793,15.274518894));
#6508=CARTESIAN_POINT('',(-25.290402536,-58.565996797,15.264598177));
#6509=CARTESIAN_POINT('',(-25.290402536,-58.382327563,15.254911487));
#6510=B_SPLINE_CURVE_WITH_KNOTS('',3,(#6506,#6507,#6508,#6509),.UNSPECIFIED.,.F.,.F.,(4,4),(0.,1.),.UNSPECIFIED.);
#6511=EDGE_CURVE('',#6498,#6475,#6510,.T.);
#6512=ORIENTED_EDGE('',*,*,#6511,.T.);
#6513=ORIENTED_EDGE('',*,*,#6480,.F.);
#6514=ORIENTED_EDGE('',*,*,#6287,.T.);
#6515=EDGE_LOOP('',(#6496,#6505,#6512,#6513,#6514));
#6516=FACE_BOUND('',#6515,.T.);
#6517=ADVANCED_FACE('',(#6516),#6495,.T.);
#6518=CARTESIAN_POINT('',(-25.600406075,-58.382327563,15.564915027));
#6519=CARTESIAN_POINT('',(-25.607380705,-58.656491037,15.564915027));
#6520=CARTESIAN_POINT('',(-25.483252313,-58.915840771,15.564915027));
#6521=CARTESIAN_POINT('',(-25.289309098,-59.098143098,15.564915027));
#6522=CARTESIAN_POINT('',(-25.290402536,-58.382327563,15.254911487));
#6523=CARTESIAN_POINT('',(-25.295126315,-58.570681017,15.270042109));
#6524=CARTESIAN_POINT('',(-25.211056602,-58.748857261,15.284355186));
#6525=CARTESIAN_POINT('',(-25.079702685,-58.874101052,15.294416145));
#6526=B_SPLINE_SURFACE_WITH_KNOTS('',1,3,((#6518,#6519,#6520,#6521),(#6522,#6523,#6524,#6525)),.UNSPECIFIED.,.F.,.F.,.U.,(2,2),(4,4),(0.,1.),(1.570796327,2.397057533),.UNSPECIFIED.);
#6527=CARTESIAN_POINT('',(-25.600406075,-58.382327563,15.564915027));
#6528=VERTEX_POINT('',#6527);
#6529=CARTESIAN_POINT('',(-25.600406075,-58.382327563,15.564915027));
#6530=DIRECTION('',(0.707106781,0.,-0.707106781));
#6531=VECTOR('',#6530,0.43841121);
#6532=LINE('',#6529,#6531);
#6533=EDGE_CURVE('',#6528,#6475,#6532,.T.);
#6534=ORIENTED_EDGE('',*,*,#6533,.T.);
#6535=ORIENTED_EDGE('',*,*,#6511,.F.);
#6536=CARTESIAN_POINT('',(-25.290196977,-59.09890171,15.564915027));
#6537=VERTEX_POINT('',#6536);
#6538=CARTESIAN_POINT('',(-25.079702685,-58.874101052,15.294416145));
#6539=CARTESIAN_POINT('',(-25.149571489,-58.948781734,15.384582439));
#6540=CARTESIAN_POINT('',(-25.219440293,-59.023462416,15.474748733));
#6541=CARTESIAN_POINT('',(-25.289309098,-59.098143098,15.564915027));
#6542=B_SPLINE_CURVE_WITH_KNOTS('',3,(#6538,#6539,#6540,#6541),.UNSPECIFIED.,.F.,.F.,(4,4),(0.,1.),.UNSPECIFIED.);
#6543=EDGE_CURVE('',#6498,#6537,#6542,.T.);
#6544=ORIENTED_EDGE('',*,*,#6543,.T.);
#6545=CARTESIAN_POINT('',(-25.600406075,-58.382327563,15.564915027));
#6546=CARTESIAN_POINT('',(-25.610925464,-58.795830838,15.564915027));
#6547=CARTESIAN_POINT('',(-25.289309098,-59.098143098,15.564915027));
#6548=B_SPLINE_CURVE_WITH_KNOTS('',2,(#6545,#6546,#6547),.UNSPECIFIED.,.F.,.F.,(3,3),(0.,1.),.UNSPECIFIED.);
#6549=EDGE_CURVE('',#6528,#6537,#6548,.T.);
#6550=ORIENTED_EDGE('',*,*,#6549,.F.);
#6551=EDGE_LOOP('',(#6534,#6535,#6544,#6550));
#6552=FACE_BOUND('',#6551,.T.);
#6553=ADVANCED_FACE('',(#6552),#6526,.T.);
#6554=CARTESIAN_POINT('',(-25.290728652,-59.099660318,15.564915027));
#6555=CARTESIAN_POINT('',(-25.115774205,-59.264498112,15.564915027));
#6556=CARTESIAN_POINT('',(-24.878473313,-59.358585473,15.564915027));
#6557=CARTESIAN_POINT('',(-24.639809223,-59.35774317,15.564915027));
#6558=CARTESIAN_POINT('',(-25.080664122,-58.875143399,15.294499878));
#6559=CARTESIAN_POINT('',(-24.962170923,-58.988388856,15.303596999));
#6560=CARTESIAN_POINT('',(-24.801451707,-59.053027952,15.308789522));
#6561=CARTESIAN_POINT('',(-24.639809223,-59.052449281,15.308743037));
#6562=B_SPLINE_SURFACE_WITH_KNOTS('',1,3,((#6554,#6555,#6556,#6557),(#6558,#6559,#6560,#6561)),.UNSPECIFIED.,.F.,.F.,.U.,(2,2),(4,4),(0.,1.),(2.397071442,3.141592654),.UNSPECIFIED.);
#6563=CARTESIAN_POINT('',(-24.639809223,-59.35774317,15.564915027));
#6564=VERTEX_POINT('',#6563);
#6565=CARTESIAN_POINT('',(-24.639809223,-59.052449281,15.308743037));
#6566=DIRECTION('',(-0.,-0.766044443,0.64278761));
#6567=VECTOR('',#6566,0.398532868);
#6568=LINE('',#6565,#6567);
#6569=EDGE_CURVE('',#6450,#6564,#6568,.T.);
#6570=ORIENTED_EDGE('',*,*,#6569,.T.);
#6571=CARTESIAN_POINT('',(-25.290728652,-59.099660318,15.564915027));
#6572=CARTESIAN_POINT('',(-25.015399482,-59.359068718,15.564915027));
#6573=CARTESIAN_POINT('',(-24.639809223,-59.35774317,15.564915027));
#6574=B_SPLINE_CURVE_WITH_KNOTS('',2,(#6571,#6572,#6573),.UNSPECIFIED.,.F.,.F.,(3,3),(0.,1.),.UNSPECIFIED.);
#6575=EDGE_CURVE('',#6537,#6564,#6574,.T.);
#6576=ORIENTED_EDGE('',*,*,#6575,.F.);
#6577=ORIENTED_EDGE('',*,*,#6543,.F.);
#6578=ORIENTED_EDGE('',*,*,#6504,.F.);
#6579=EDGE_LOOP('',(#6570,#6576,#6577,#6578));
#6580=FACE_BOUND('',#6579,.T.);
#6581=ADVANCED_FACE('',(#6580),#6562,.T.);
#6582=CARTESIAN_POINT('',(-25.290402536,-57.464361838,15.254911487));
#6583=DIRECTION('',(-0.707106781,0.,-0.707106781));
#6584=DIRECTION('',(-0.,-1.,-0.));
#6585=AXIS2_PLACEMENT_3D('',#6582,#6583,#6584);
#6586=PLANE('',#6585);
#6587=CARTESIAN_POINT('',(-25.600502039,-56.644098411,15.564915027));
#6588=VERTEX_POINT('',#6587);
#6589=CARTESIAN_POINT('',(-25.600406075,-56.682094587,15.564915027));
#6590=DIRECTION('',(0.707106781,0.,-0.707106781));
#6591=VECTOR('',#6590,0.43841121);
#6592=LINE('',#6589,#6591);
#6593=EDGE_CURVE('',#6588,#6421,#6592,.T.);
#6594=ORIENTED_EDGE('',*,*,#6593,.T.);
#6595=ORIENTED_EDGE('',*,*,#6486,.F.);
#6596=ORIENTED_EDGE('',*,*,#6533,.F.);
#6597=CARTESIAN_POINT('',(-25.600406075,-58.098143108,15.564915027));
#6598=VERTEX_POINT('',#6597);
#6599=CARTESIAN_POINT('',(-25.600406075,-58.098143108,15.564915027));
#6600=DIRECTION('',(0.,-1.,-0.));
#6601=VECTOR('',#6600,0.284184455);
#6602=LINE('',#6599,#6601);
#6603=EDGE_CURVE('',#6598,#6528,#6602,.T.);
#6604=ORIENTED_EDGE('',*,*,#6603,.F.);
#6605=CARTESIAN_POINT('',(-25.600406075,-56.682094587,15.564915027));
#6606=DIRECTION('',(0.,-1.,-0.));
#6607=VECTOR('',#6606,1.41604852);
#6608=LINE('',#6605,#6607);
#6609=EDGE_CURVE('',#6588,#6598,#6608,.T.);
#6610=ORIENTED_EDGE('',*,*,#6609,.F.);
#6611=EDGE_LOOP('',(#6594,#6595,#6596,#6604,#6610));
#6612=FACE_BOUND('',#6611,.T.);
#6613=ADVANCED_FACE('',(#6612),#6586,.T.);
#6614=CARTESIAN_POINT('',(-370.381276617,-59.35774317,15.564915027));
#6615=DIRECTION('',(0.,-0.64278761,-0.766044443));
#6616=DIRECTION('',(-1.,0.,-0.));
#6617=AXIS2_PLACEMENT_3D('',#6614,#6615,#6616);
#6618=PLANE('',#6617);
#6619=CARTESIAN_POINT('',(24.639809223,-59.35774317,15.564915027));
#6620=VERTEX_POINT('',#6619);
#6621=CARTESIAN_POINT('',(24.639809223,-59.052449281,15.308743037));
#6622=DIRECTION('',(-0.,-0.766044443,0.64278761));
#6623=VECTOR('',#6622,0.398532868);
#6624=LINE('',#6621,#6623);
#6625=EDGE_CURVE('',#6397,#6620,#6624,.T.);
#6626=ORIENTED_EDGE('',*,*,#6625,.T.);
#6627=CARTESIAN_POINT('',(-24.639809223,-59.35774317,15.564915027));
#6628=DIRECTION('',(1.,-0.,0.));
#6629=VECTOR('',#6628,49.279618447);
#6630=LINE('',#6627,#6629);
#6631=EDGE_CURVE('',#6564,#6620,#6630,.T.);
#6632=ORIENTED_EDGE('',*,*,#6631,.F.);
#6633=ORIENTED_EDGE('',*,*,#6569,.F.);
#6634=ORIENTED_EDGE('',*,*,#6455,.F.);
#6635=EDGE_LOOP('',(#6626,#6632,#6633,#6634));
#6636=FACE_BOUND('',#6635,.T.);
#6637=ADVANCED_FACE('',(#6636),#6618,.T.);
#6638=CARTESIAN_POINT('',(-24.639809223,-55.720179464,15.564915027));
#6639=CARTESIAN_POINT('',(-25.153100128,-55.706901874,15.564915027));
#6640=CARTESIAN_POINT('',(-25.613665469,-56.16809927,15.564915027));
#6641=CARTESIAN_POINT('',(-25.600406075,-56.682094587,15.564915027));
#6642=CARTESIAN_POINT('',(-24.639809223,-56.029758154,15.271135819));
#6643=CARTESIAN_POINT('',(-24.987451035,-56.020753768,15.271359768));
#6644=CARTESIAN_POINT('',(-25.299382862,-56.333521347,15.263580891));
#6645=CARTESIAN_POINT('',(-25.290402536,-56.682094587,15.254911487));
#6646=B_SPLINE_SURFACE_WITH_KNOTS('',1,3,((#6638,#6639,#6640,#6641),(#6642,#6643,#6644,#6645)),.UNSPECIFIED.,.F.,.F.,.U.,(2,2),(4,4),(0.,1.),(3.141592654,4.71238898),.UNSPECIFIED.);
#6647=CARTESIAN_POINT('',(-24.639809223,-55.720179464,15.564915027));
#6648=VERTEX_POINT('',#6647);
#6649=CARTESIAN_POINT('',(-24.639809223,-55.720179464,15.564915027));
#6650=DIRECTION('',(0.,-0.725374371,-0.688354576));
#6651=VECTOR('',#6650,0.42678471);
#6652=LINE('',#6649,#6651);
#6653=EDGE_CURVE('',#6648,#6363,#6652,.T.);
#6654=ORIENTED_EDGE('',*,*,#6653,.T.);
#6655=ORIENTED_EDGE('',*,*,#6436,.F.);
#6656=ORIENTED_EDGE('',*,*,#6593,.F.);
#6657=CARTESIAN_POINT('',(-24.639809223,-55.720179464,15.564915027));
#6658=CARTESIAN_POINT('',(-25.02507335,-55.710213616,15.564915027));
#6659=CARTESIAN_POINT('',(-25.317564011,-56.003409686,15.564915027));
#6660=CARTESIAN_POINT('',(-25.593744429,-56.280256176,15.564915027));
#6661=CARTESIAN_POINT('',(-25.600559821,-56.638713043,15.564915027));
#6662=B_SPLINE_CURVE_WITH_KNOTS('',2,(#6657,#6658,#6659,#6660,#6661),.UNSPECIFIED.,.F.,.F.,(3,2,3),(0.,0.5,0.971653463),.UNSPECIFIED.);
#6663=EDGE_CURVE('',#6648,#6588,#6662,.T.);
#6664=ORIENTED_EDGE('',*,*,#6663,.F.);
#6665=EDGE_LOOP('',(#6654,#6655,#6656,#6664));
#6666=FACE_BOUND('',#6665,.T.);
#6667=ADVANCED_FACE('',(#6666),#6646,.T.);
#6668=CARTESIAN_POINT('',(24.639809223,-59.35774317,15.564915027));
#6669=CARTESIAN_POINT('',(24.88017556,-59.35774317,15.564915027));
#6670=CARTESIAN_POINT('',(25.115946151,-59.263949316,15.564915027));
#6671=CARTESIAN_POINT('',(25.292346521,-59.098143108,15.564915027));
#6672=CARTESIAN_POINT('',(24.639809223,-59.052449281,15.308743037));
#6673=CARTESIAN_POINT('',(24.802612102,-59.052449281,15.308743037));
#6674=CARTESIAN_POINT('',(24.962277397,-58.988021344,15.303567476));
#6675=CARTESIAN_POINT('',(25.081759872,-58.874101058,15.294416145));
#6676=B_SPLINE_SURFACE_WITH_KNOTS('',1,3,((#6668,#6669,#6670,#6671),(#6672,#6673,#6674,#6675)),.UNSPECIFIED.,.F.,.F.,.U.,(2,2),(4,4),(0.,1.),(3.141592654,3.888406477),.UNSPECIFIED.);
#6677=CARTESIAN_POINT('',(25.289497692,-59.099034216,15.564915027));
#6678=VERTEX_POINT('',#6677);
#6679=CARTESIAN_POINT('',(25.081759872,-58.874101058,15.294416145));
#6680=CARTESIAN_POINT('',(25.151955421,-58.948781741,15.384582439));
#6681=CARTESIAN_POINT('',(25.222150971,-59.023462425,15.474748733));
#6682=CARTESIAN_POINT('',(25.292346521,-59.098143108,15.564915027));
#6683=B_SPLINE_CURVE_WITH_KNOTS('',3,(#6679,#6680,#6681,#6682),.UNSPECIFIED.,.F.,.F.,(4,4),(0.,1.),.UNSPECIFIED.);
#6684=EDGE_CURVE('',#6388,#6678,#6683,.T.);
#6685=ORIENTED_EDGE('',*,*,#6684,.T.);
#6686=CARTESIAN_POINT('',(24.639809223,-59.35774317,15.564915027));
#6687=CARTESIAN_POINT('',(25.016159353,-59.35774317,15.564915027));
#6688=CARTESIAN_POINT('',(25.292346521,-59.098143108,15.564915027));
#6689=B_SPLINE_CURVE_WITH_KNOTS('',2,(#6686,#6687,#6688),.UNSPECIFIED.,.F.,.F.,(3,3),(0.,1.),.UNSPECIFIED.);
#6690=EDGE_CURVE('',#6620,#6678,#6689,.T.);
#6691=ORIENTED_EDGE('',*,*,#6690,.F.);
#6692=ORIENTED_EDGE('',*,*,#6625,.F.);
#6693=ORIENTED_EDGE('',*,*,#6403,.F.);
#6694=EDGE_LOOP('',(#6685,#6691,#6692,#6693));
#6695=FACE_BOUND('',#6694,.T.);
#6696=ADVANCED_FACE('',(#6695),#6676,.T.);
#6697=CARTESIAN_POINT('',(-370.381276617,-55.720179464,15.564915027));
#6698=DIRECTION('',(0.,0.688354576,-0.725374371));
#6699=DIRECTION('',(1.,0.,0.));
#6700=AXIS2_PLACEMENT_3D('',#6697,#6698,#6699);
#6701=PLANE('',#6700);
#6702=CARTESIAN_POINT('',(24.639809223,-55.720179464,15.564915027));
#6703=VERTEX_POINT('',#6702);
#6704=CARTESIAN_POINT('',(24.639809223,-55.720179464,15.564915027));
#6705=DIRECTION('',(0.,-0.725374371,-0.688354576));
#6706=VECTOR('',#6705,0.42678471);
#6707=LINE('',#6704,#6706);
#6708=EDGE_CURVE('',#6703,#6329,#6707,.T.);
#6709=ORIENTED_EDGE('',*,*,#6708,.T.);
#6710=ORIENTED_EDGE('',*,*,#6374,.F.);
#6711=ORIENTED_EDGE('',*,*,#6653,.F.);
#6712=CARTESIAN_POINT('',(24.639809223,-55.720179464,15.564915027));
#6713=DIRECTION('',(-1.,-0.,-0.));
#6714=VECTOR('',#6713,49.279618447);
#6715=LINE('',#6712,#6714);
#6716=EDGE_CURVE('',#6703,#6648,#6715,.T.);
#6717=ORIENTED_EDGE('',*,*,#6716,.F.);
#6718=EDGE_LOOP('',(#6709,#6710,#6711,#6717));
#6719=FACE_BOUND('',#6718,.T.);
#6720=ADVANCED_FACE('',(#6719),#6701,.T.);
#6721=CARTESIAN_POINT('',(25.29169269,-59.09750727,15.565948219));
#6722=CARTESIAN_POINT('',(25.484966898,-58.9150655,15.565986619));
#6723=CARTESIAN_POINT('',(25.608554026,-58.656071961,15.566041132));
#6724=CARTESIAN_POINT('',(25.601589799,-58.382327563,15.56609875));
#6725=CARTESIAN_POINT('',(25.290890376,-59.096653564,15.564915027));
#6726=CARTESIAN_POINT('',(25.48392671,-58.914429573,15.564915027));
#6727=CARTESIAN_POINT('',(25.607361731,-58.655745193,15.564915027));
#6728=CARTESIAN_POINT('',(25.600406075,-58.382327563,15.564915027));
#6729=CARTESIAN_POINT('',(25.080773654,-58.873077725,15.29433394));
#6730=CARTESIAN_POINT('',(25.211513358,-58.747887752,15.284277304));
#6731=CARTESIAN_POINT('',(25.295113464,-58.570168613,15.270000947));
#6732=CARTESIAN_POINT('',(25.290402536,-58.382327563,15.254911487));
#6733=B_SPLINE_SURFACE_WITH_KNOTS('',1,3,((#6721,#6722,#6723,#6724),(#6725,#6726,#6727,#6728),(#6729,#6730,#6731,#6732)),.UNSPECIFIED.,.F.,.F.,.U.,(2,1,2),(4,4),(-0.003818419,0.,1.),(3.888375564,4.71238898),.UNSPECIFIED.);
#6734=CARTESIAN_POINT('',(25.600406075,-58.382327563,15.564915027));
#6735=VERTEX_POINT('',#6734);
#6736=CARTESIAN_POINT('',(25.290402536,-58.382327563,15.254911487));
#6737=DIRECTION('',(0.707106781,-0.,0.707106781));
#6738=VECTOR('',#6737,0.43841121);
#6739=LINE('',#6736,#6738);
#6740=EDGE_CURVE('',#6306,#6735,#6739,.T.);
#6741=ORIENTED_EDGE('',*,*,#6740,.T.);
#6742=CARTESIAN_POINT('',(25.287408218,-59.099925324,15.564915027));
#6743=CARTESIAN_POINT('',(25.610963858,-58.797340066,15.564915027));
#6744=CARTESIAN_POINT('',(25.600406075,-58.382327563,15.564915027));
#6745=B_SPLINE_CURVE_WITH_KNOTS('',2,(#6742,#6743,#6744),.UNSPECIFIED.,.F.,.F.,(3,3),(0.,1.),.UNSPECIFIED.);
#6746=EDGE_CURVE('',#6678,#6735,#6745,.T.);
#6747=ORIENTED_EDGE('',*,*,#6746,.F.);
#6748=ORIENTED_EDGE('',*,*,#6684,.F.);
#6749=ORIENTED_EDGE('',*,*,#6394,.F.);
#6750=EDGE_LOOP('',(#6741,#6747,#6748,#6749));
#6751=FACE_BOUND('',#6750,.T.);
#6752=ADVANCED_FACE('',(#6751),#6733,.T.);
#6753=CARTESIAN_POINT('',(25.600406075,-56.682094587,15.564915027));
#6754=CARTESIAN_POINT('',(25.613665469,-56.16809927,15.564915027));
#6755=CARTESIAN_POINT('',(25.153100128,-55.706901874,15.564915027));
#6756=CARTESIAN_POINT('',(24.639809223,-55.720179464,15.564915027));
#6757=CARTESIAN_POINT('',(25.290402536,-56.682094587,15.254911487));
#6758=CARTESIAN_POINT('',(25.299382862,-56.333521347,15.263580891));
#6759=CARTESIAN_POINT('',(24.987451035,-56.020753768,15.271359768));
#6760=CARTESIAN_POINT('',(24.639809223,-56.029758154,15.271135819));
#6761=B_SPLINE_SURFACE_WITH_KNOTS('',1,3,((#6753,#6754,#6755,#6756),(#6757,#6758,#6759,#6760)),.UNSPECIFIED.,.F.,.F.,.U.,(2,2),(4,4),(0.,1.),(1.570796327,3.141592654),.UNSPECIFIED.);
#6762=CARTESIAN_POINT('',(25.600523371,-56.649520573,15.564915027));
#6763=VERTEX_POINT('',#6762);
#6764=CARTESIAN_POINT('',(25.600406075,-56.682094587,15.564915027));
#6765=DIRECTION('',(-0.707106781,0.,-0.707106781));
#6766=VECTOR('',#6765,0.43841121);
#6767=LINE('',#6764,#6766);
#6768=EDGE_CURVE('',#6763,#6298,#6767,.T.);
#6769=ORIENTED_EDGE('',*,*,#6768,.T.);
#6770=ORIENTED_EDGE('',*,*,#6344,.F.);
#6771=ORIENTED_EDGE('',*,*,#6708,.F.);
#6772=CARTESIAN_POINT('',(25.600562658,-56.638713104,15.564915027));
#6773=CARTESIAN_POINT('',(25.593783284,-56.279721228,15.564915027));
#6774=CARTESIAN_POINT('',(25.317564011,-56.003409686,15.564915027));
#6775=CARTESIAN_POINT('',(25.024481162,-55.710228935,15.564915027));
#6776=CARTESIAN_POINT('',(24.639809223,-55.720179464,15.564915027));
#6777=B_SPLINE_CURVE_WITH_KNOTS('',2,(#6772,#6773,#6774,#6775,#6776),.UNSPECIFIED.,.F.,.F.,(3,2,3),(0.028304826,0.5,1.),.UNSPECIFIED.);
#6778=EDGE_CURVE('',#6763,#6703,#6777,.T.);
#6779=ORIENTED_EDGE('',*,*,#6778,.F.);
#6780=EDGE_LOOP('',(#6769,#6770,#6771,#6779));
#6781=FACE_BOUND('',#6780,.T.);
#6782=ADVANCED_FACE('',(#6781),#6761,.T.);
#6783=CARTESIAN_POINT('',(25.600406075,103.7633288,15.564915027));
#6784=DIRECTION('',(0.707106781,0.,-0.707106781));
#6785=DIRECTION('',(0.,-1.,-0.));
#6786=AXIS2_PLACEMENT_3D('',#6783,#6784,#6785);
#6787=PLANE('',#6786);
#6788=ORIENTED_EDGE('',*,*,#6740,.F.);
#6789=ORIENTED_EDGE('',*,*,#6311,.F.);
#6790=ORIENTED_EDGE('',*,*,#6768,.F.);
#6791=CARTESIAN_POINT('',(25.600406075,-58.098143108,15.564915027));
#6792=VERTEX_POINT('',#6791);
#6793=CARTESIAN_POINT('',(25.600406075,-58.098143108,15.564915027));
#6794=DIRECTION('',(-0.,1.,0.));
#6795=VECTOR('',#6794,1.41604852);
#6796=LINE('',#6793,#6795);
#6797=EDGE_CURVE('',#6792,#6763,#6796,.T.);
#6798=ORIENTED_EDGE('',*,*,#6797,.F.);
#6799=CARTESIAN_POINT('',(25.600406075,-58.382327563,15.564915027));
#6800=DIRECTION('',(-0.,1.,0.));
#6801=VECTOR('',#6800,0.284184455);
#6802=LINE('',#6799,#6801);
#6803=EDGE_CURVE('',#6735,#6792,#6802,.T.);
#6804=ORIENTED_EDGE('',*,*,#6803,.F.);
#6805=EDGE_LOOP('',(#6788,#6789,#6790,#6798,#6804));
#6806=FACE_BOUND('',#6805,.T.);
#6807=ADVANCED_FACE('',(#6806),#6787,.T.);
#6808=CARTESIAN_POINT('',(-370.381276617,104.7633288,15.564915027));
#6809=DIRECTION('',(-0.,-0.,1.));
#6810=DIRECTION('',(-0.,-1.,-0.));
#6811=AXIS2_PLACEMENT_3D('',#6808,#6809,#6810);
#6812=PLANE('',#6811);
#6813=ORIENTED_EDGE('',*,*,#6609,.T.);
#6814=CARTESIAN_POINT('',(-50.039207212,-58.098143108,15.564915027));
#6815=VERTEX_POINT('',#6814);
#6816=CARTESIAN_POINT('',(-50.039207212,-58.098143108,15.564915027));
#6817=DIRECTION('',(1.,0.,-0.));
#6818=VECTOR('',#6817,24.438801136);
#6819=LINE('',#6816,#6818);
#6820=EDGE_CURVE('',#6815,#6598,#6819,.T.);
#6821=ORIENTED_EDGE('',*,*,#6820,.F.);
#6822=CARTESIAN_POINT('',(-50.039207212,-53.419477216,15.564915027));
#6823=VERTEX_POINT('',#6822);
#6824=CARTESIAN_POINT('',(-50.039207212,-58.098143108,15.564915027));
#6825=DIRECTION('',(-0.,1.,0.));
#6826=VECTOR('',#6825,4.678665891);
#6827=LINE('',#6824,#6826);
#6828=EDGE_CURVE('',#6815,#6823,#6827,.T.);
#6829=ORIENTED_EDGE('',*,*,#6828,.T.);
#6830=CARTESIAN_POINT('',(50.039207212,-53.419477216,15.564915027));
#6831=VERTEX_POINT('',#6830);
#6832=CARTESIAN_POINT('',(50.039207212,-53.419477216,15.564915027));
#6833=DIRECTION('',(-1.,0.,0.));
#6834=VECTOR('',#6833,100.078414424);
#6835=LINE('',#6832,#6834);
#6836=EDGE_CURVE('',#6831,#6823,#6835,.T.);
#6837=ORIENTED_EDGE('',*,*,#6836,.F.);
#6838=CARTESIAN_POINT('',(50.039207212,-58.098143108,15.564915027));
#6839=VERTEX_POINT('',#6838);
#6840=CARTESIAN_POINT('',(50.039207212,-58.098143108,15.564915027));
#6841=DIRECTION('',(0.,1.,0.));
#6842=VECTOR('',#6841,4.678665891);
#6843=LINE('',#6840,#6842);
#6844=EDGE_CURVE('',#6839,#6831,#6843,.T.);
#6845=ORIENTED_EDGE('',*,*,#6844,.F.);
#6846=CARTESIAN_POINT('',(25.600406075,-58.098143108,15.564915027));
#6847=DIRECTION('',(1.,0.,-0.));
#6848=VECTOR('',#6847,24.438801136);
#6849=LINE('',#6846,#6848);
#6850=EDGE_CURVE('',#6792,#6839,#6849,.T.);
#6851=ORIENTED_EDGE('',*,*,#6850,.F.);
#6852=ORIENTED_EDGE('',*,*,#6797,.T.);
#6853=CARTESIAN_POINT('',(25.600406075,-55.682094587,15.564915027));
#6854=VERTEX_POINT('',#6853);
#6855=CARTESIAN_POINT('',(25.600406075,-55.682094587,15.564915027));
#6856=DIRECTION('',(-0.,-1.,-0.));
#6857=VECTOR('',#6856,0.956618517);
#6858=LINE('',#6855,#6857);
#6859=EDGE_CURVE('',#6854,#6763,#6858,.T.);
#6860=ORIENTED_EDGE('',*,*,#6859,.F.);
#6861=CARTESIAN_POINT('',(24.639809223,-54.720179464,15.564915027));
#6862=VERTEX_POINT('',#6861);
#6863=CARTESIAN_POINT('',(24.639809223,-54.720179464,15.564915027));
#6864=CARTESIAN_POINT('',(25.02507335,-54.710213616,15.564915027));
#6865=CARTESIAN_POINT('',(25.317564011,-55.003409686,15.564915027));
#6866=CARTESIAN_POINT('',(25.610342968,-55.296894746,15.564915027));
#6867=CARTESIAN_POINT('',(25.600406075,-55.682094587,15.564915027));
#6868=B_SPLINE_CURVE_WITH_KNOTS('',2,(#6863,#6864,#6865,#6866,#6867),.UNSPECIFIED.,.F.,.F.,(3,2,3),(0.,0.5,1.),.UNSPECIFIED.);
#6869=EDGE_CURVE('',#6862,#6854,#6868,.T.);
#6870=ORIENTED_EDGE('',*,*,#6869,.F.);
#6871=CARTESIAN_POINT('',(-24.639809223,-54.720179464,15.564915027));
#6872=VERTEX_POINT('',#6871);
#6873=CARTESIAN_POINT('',(-24.639809223,-54.720179464,15.564915027));
#6874=DIRECTION('',(1.,-0.,-0.));
#6875=VECTOR('',#6874,49.279618447);
#6876=LINE('',#6873,#6875);
#6877=EDGE_CURVE('',#6872,#6862,#6876,.T.);
#6878=ORIENTED_EDGE('',*,*,#6877,.F.);
#6879=CARTESIAN_POINT('',(-25.600406075,-55.682094587,15.564915027));
#6880=VERTEX_POINT('',#6879);
#6881=CARTESIAN_POINT('',(-25.600406075,-55.682094587,15.564915027));
#6882=CARTESIAN_POINT('',(-25.610358265,-55.296301745,15.564915027));
#6883=CARTESIAN_POINT('',(-25.317564011,-55.003409686,15.564915027));
#6884=CARTESIAN_POINT('',(-25.024481162,-54.710228935,15.564915027));
#6885=CARTESIAN_POINT('',(-24.639809223,-54.720179464,15.564915027));
#6886=B_SPLINE_CURVE_WITH_KNOTS('',2,(#6881,#6882,#6883,#6884,#6885),.UNSPECIFIED.,.F.,.F.,(3,2,3),(0.,0.5,1.),.UNSPECIFIED.);
#6887=EDGE_CURVE('',#6880,#6872,#6886,.T.);
#6888=ORIENTED_EDGE('',*,*,#6887,.F.);
#6889=CARTESIAN_POINT('',(-25.600406075,-56.638713043,15.564915027));
#6890=DIRECTION('',(-0.,1.,0.));
#6891=VECTOR('',#6890,0.956618455);
#6892=LINE('',#6889,#6891);
#6893=EDGE_CURVE('',#6588,#6880,#6892,.T.);
#6894=ORIENTED_EDGE('',*,*,#6893,.F.);
#6895=EDGE_LOOP('',(#6813,#6821,#6829,#6837,#6845,#6851,#6852,#6860,#6870,#6878,#6888,#6894));
#6896=FACE_BOUND('',#6895,.T.);
#6897=ADVANCED_FACE('',(#6896),#6812,.F.);
#6898=CARTESIAN_POINT('',(-370.381276617,104.7633288,15.564915027));
#6899=DIRECTION('',(-0.,-0.,1.));
#6900=DIRECTION('',(-0.,-1.,-0.));
#6901=AXIS2_PLACEMENT_3D('',#6898,#6899,#6900);
#6902=PLANE('',#6901);
#6903=ORIENTED_EDGE('',*,*,#6820,.T.);
#6904=ORIENTED_EDGE('',*,*,#6603,.T.);
#6905=ORIENTED_EDGE('',*,*,#6549,.T.);
#6906=ORIENTED_EDGE('',*,*,#6575,.T.);
#6907=ORIENTED_EDGE('',*,*,#6631,.T.);
#6908=ORIENTED_EDGE('',*,*,#6690,.T.);
#6909=ORIENTED_EDGE('',*,*,#6746,.T.);
#6910=ORIENTED_EDGE('',*,*,#6803,.T.);
#6911=ORIENTED_EDGE('',*,*,#6850,.T.);
#6912=CARTESIAN_POINT('',(50.039207212,-59.409991898,15.564915027));
#6913=VERTEX_POINT('',#6912);
#6914=CARTESIAN_POINT('',(50.039207212,-59.409991898,15.564915027));
#6915=DIRECTION('',(0.,1.,0.));
#6916=VECTOR('',#6915,1.31184879);
#6917=LINE('',#6914,#6916);
#6918=EDGE_CURVE('',#6913,#6839,#6917,.T.);
#6919=ORIENTED_EDGE('',*,*,#6918,.F.);
#6920=CARTESIAN_POINT('',(-50.039207212,-59.409991898,15.564915027));
#6921=VERTEX_POINT('',#6920);
#6922=CARTESIAN_POINT('',(50.039207212,-59.409991898,15.564915027));
#6923=DIRECTION('',(-1.,0.,0.));
#6924=VECTOR('',#6923,100.078414424);
#6925=LINE('',#6922,#6924);
#6926=EDGE_CURVE('',#6913,#6921,#6925,.T.);
#6927=ORIENTED_EDGE('',*,*,#6926,.T.);
#6928=CARTESIAN_POINT('',(-50.039207212,-59.409991898,15.564915027));
#6929=DIRECTION('',(-0.,1.,0.));
#6930=VECTOR('',#6929,1.31184879);
#6931=LINE('',#6928,#6930);
#6932=EDGE_CURVE('',#6921,#6815,#6931,.T.);
#6933=ORIENTED_EDGE('',*,*,#6932,.T.);
#6934=EDGE_LOOP('',(#6903,#6904,#6905,#6906,#6907,#6908,#6909,#6910,#6911,#6919,#6927,#6933));
#6935=FACE_BOUND('',#6934,.T.);
#6936=ADVANCED_FACE('',(#6935),#6902,.F.);
#6937=CARTESIAN_POINT('',(-370.381276617,104.7633288,15.564915027));
#6938=DIRECTION('',(-0.,-0.,1.));
#6939=DIRECTION('',(-0.,-1.,-0.));
#6940=AXIS2_PLACEMENT_3D('',#6937,#6938,#6939);
#6941=PLANE('',#6940);
#6942=ORIENTED_EDGE('',*,*,#6926,.F.);
#6943=CARTESIAN_POINT('',(50.039207212,-60.721840689,15.564915027));
#6944=VERTEX_POINT('',#6943);
#6945=CARTESIAN_POINT('',(50.039207212,-60.721840689,15.564915027));
#6946=DIRECTION('',(0.,1.,0.));
#6947=VECTOR('',#6946,1.31184879);
#6948=LINE('',#6945,#6947);
#6949=EDGE_CURVE('',#6944,#6913,#6948,.T.);
#6950=ORIENTED_EDGE('',*,*,#6949,.F.);
#6951=CARTESIAN_POINT('',(-50.039207212,-60.721840689,15.564915027));
#6952=VERTEX_POINT('',#6951);
#6953=CARTESIAN_POINT('',(50.039207212,-60.721840689,15.564915027));
#6954=DIRECTION('',(-1.,-0.,-0.));
#6955=VECTOR('',#6954,100.078414424);
#6956=LINE('',#6953,#6955);
#6957=EDGE_CURVE('',#6944,#6952,#6956,.T.);
#6958=ORIENTED_EDGE('',*,*,#6957,.T.);
#6959=CARTESIAN_POINT('',(-50.039207212,-60.721840689,15.564915027));
#6960=DIRECTION('',(-0.,1.,0.));
#6961=VECTOR('',#6960,1.31184879);
#6962=LINE('',#6959,#6961);
#6963=EDGE_CURVE('',#6952,#6921,#6962,.T.);
#6964=ORIENTED_EDGE('',*,*,#6963,.T.);
#6965=EDGE_LOOP('',(#6942,#6950,#6958,#6964));
#6966=FACE_BOUND('',#6965,.T.);
#6967=ADVANCED_FACE('',(#6966),#6941,.F.);
#6968=CARTESIAN_POINT('',(-370.381276617,104.7633288,15.564915027));
#6969=DIRECTION('',(-0.,-0.,1.));
#6970=DIRECTION('',(-0.,-1.,-0.));
#6971=AXIS2_PLACEMENT_3D('',#6968,#6969,#6970);
#6972=PLANE('',#6971);
#6973=CARTESIAN_POINT('',(50.039207212,-52.579311648,15.564915027));
#6974=VERTEX_POINT('',#6973);
#6975=CARTESIAN_POINT('',(50.039207212,-53.419477216,15.564915027));
#6976=DIRECTION('',(0.,1.,0.));
#6977=VECTOR('',#6976,0.840165568);
#6978=LINE('',#6975,#6977);
#6979=EDGE_CURVE('',#6831,#6974,#6978,.T.);
#6980=ORIENTED_EDGE('',*,*,#6979,.F.);
#6981=ORIENTED_EDGE('',*,*,#6836,.T.);
#6982=CARTESIAN_POINT('',(-50.039207212,-52.579311648,15.564915027));
#6983=VERTEX_POINT('',#6982);
#6984=CARTESIAN_POINT('',(-50.039207212,-53.419477216,15.564915027));
#6985=DIRECTION('',(-0.,1.,0.));
#6986=VECTOR('',#6985,0.840165568);
#6987=LINE('',#6984,#6986);
#6988=EDGE_CURVE('',#6823,#6983,#6987,.T.);
#6989=ORIENTED_EDGE('',*,*,#6988,.T.);
#6990=CARTESIAN_POINT('',(-50.039207212,-52.579311648,15.564915027));
#6991=DIRECTION('',(1.,0.,-0.));
#6992=VECTOR('',#6991,100.078414424);
#6993=LINE('',#6990,#6992);
#6994=EDGE_CURVE('',#6983,#6974,#6993,.T.);
#6995=ORIENTED_EDGE('',*,*,#6994,.T.);
#6996=EDGE_LOOP('',(#6980,#6981,#6989,#6995));
#6997=FACE_BOUND('',#6996,.T.);
#6998=ADVANCED_FACE('',(#6997),#6972,.F.);
#6999=CARTESIAN_POINT('',(-370.381276617,104.7633288,15.564915027));
#7000=DIRECTION('',(-0.,-0.,1.));
#7001=DIRECTION('',(-0.,-1.,-0.));
#7002=AXIS2_PLACEMENT_3D('',#6999,#7000,#7001);
#7003=PLANE('',#7002);
#7004=CARTESIAN_POINT('',(-42.741464619,49.856802374,15.564915027));
#7005=VERTEX_POINT('',#7004);
#7006=CARTESIAN_POINT('',(42.741464619,49.856802374,15.564915027));
#7007=VERTEX_POINT('',#7006);
#7008=CARTESIAN_POINT('',(-42.741464619,49.856802374,15.564915027));
#7009=DIRECTION('',(1.,0.,0.));
#7010=VECTOR('',#7009,85.482929237);
#7011=LINE('',#7008,#7010);
#7012=EDGE_CURVE('',#7005,#7007,#7011,.T.);
#7013=ORIENTED_EDGE('',*,*,#7012,.F.);
#7014=CARTESIAN_POINT('',(-44.677412419,47.920854574,15.564915027));
#7015=VERTEX_POINT('',#7014);
#7016=CARTESIAN_POINT('',(-42.741464619,47.920854574,15.564915027));
#7017=DIRECTION('',(0.,-0.,1.));
#7018=DIRECTION('',(1.,0.,-0.));
#7019=AXIS2_PLACEMENT_3D('',#7016,#7017,#7018);
#7020=CIRCLE('',#7019,1.9359478);
#7021=EDGE_CURVE('',#7005,#7015,#7020,.T.);
#7022=ORIENTED_EDGE('',*,*,#7021,.T.);
#7023=CARTESIAN_POINT('',(-44.677412419,-41.566758508,15.564915027));
#7024=VERTEX_POINT('',#7023);
#7025=CARTESIAN_POINT('',(-44.677412419,47.920854574,15.564915027));
#7026=DIRECTION('',(-0.,-1.,-0.));
#7027=VECTOR('',#7026,89.487613082);
#7028=LINE('',#7025,#7027);
#7029=EDGE_CURVE('',#7015,#7024,#7028,.T.);
#7030=ORIENTED_EDGE('',*,*,#7029,.T.);
#7031=CARTESIAN_POINT('',(-42.741464619,-43.502706308,15.564915027));
#7032=VERTEX_POINT('',#7031);
#7033=CARTESIAN_POINT('',(-42.741464619,-41.566758508,15.564915027));
#7034=DIRECTION('',(0.,-0.,1.));
#7035=DIRECTION('',(1.,0.,-0.));
#7036=AXIS2_PLACEMENT_3D('',#7033,#7034,#7035);
#7037=CIRCLE('',#7036,1.9359478);
#7038=EDGE_CURVE('',#7024,#7032,#7037,.T.);
#7039=ORIENTED_EDGE('',*,*,#7038,.T.);
#7040=CARTESIAN_POINT('',(42.741464619,-43.502706308,15.564915027));
#7041=VERTEX_POINT('',#7040);
#7042=CARTESIAN_POINT('',(42.741464619,-43.502706308,15.564915027));
#7043=DIRECTION('',(-1.,-0.,-0.));
#7044=VECTOR('',#7043,85.482929237);
#7045=LINE('',#7042,#7044);
#7046=EDGE_CURVE('',#7041,#7032,#7045,.T.);
#7047=ORIENTED_EDGE('',*,*,#7046,.F.);
#7048=CARTESIAN_POINT('',(44.677412419,-41.566758508,15.564915027));
#7049=VERTEX_POINT('',#7048);
#7050=CARTESIAN_POINT('',(42.741464619,-41.566758508,15.564915027));
#7051=DIRECTION('',(0.,0.,-1.));
#7052=DIRECTION('',(-1.,-0.,-0.));
#7053=AXIS2_PLACEMENT_3D('',#7050,#7051,#7052);
#7054=CIRCLE('',#7053,1.9359478);
#7055=EDGE_CURVE('',#7049,#7041,#7054,.T.);
#7056=ORIENTED_EDGE('',*,*,#7055,.F.);
#7057=CARTESIAN_POINT('',(44.677412419,47.920854574,15.564915027));
#7058=VERTEX_POINT('',#7057);
#7059=CARTESIAN_POINT('',(44.677412419,47.920854574,15.564915027));
#7060=DIRECTION('',(-0.,-1.,-0.));
#7061=VECTOR('',#7060,89.487613082);
#7062=LINE('',#7059,#7061);
#7063=EDGE_CURVE('',#7058,#7049,#7062,.T.);
#7064=ORIENTED_EDGE('',*,*,#7063,.F.);
#7065=CARTESIAN_POINT('',(42.741464619,47.920854574,15.564915027));
#7066=DIRECTION('',(0.,0.,-1.));
#7067=DIRECTION('',(-1.,-0.,-0.));
#7068=AXIS2_PLACEMENT_3D('',#7065,#7066,#7067);
#7069=CIRCLE('',#7068,1.9359478);
#7070=EDGE_CURVE('',#7007,#7058,#7069,.T.);
#7071=ORIENTED_EDGE('',*,*,#7070,.F.);
#7072=EDGE_LOOP('',(#7013,#7022,#7030,#7039,#7047,#7056,#7064,#7071));
#7073=FACE_BOUND('',#7072,.T.);
#7074=ORIENTED_EDGE('',*,*,#6994,.F.);
#7075=CARTESIAN_POINT('',(-50.039207212,63.115391284,15.564915027));
#7076=VERTEX_POINT('',#7075);
#7077=CARTESIAN_POINT('',(-50.039207212,-52.579311648,15.564915027));
#7078=DIRECTION('',(-0.,1.,0.));
#7079=VECTOR('',#7078,115.694702933);
#7080=LINE('',#7077,#7079);
#7081=EDGE_CURVE('',#6983,#7076,#7080,.T.);
#7082=ORIENTED_EDGE('',*,*,#7081,.T.);
#7083=CARTESIAN_POINT('',(-44.519950287,63.115391284,15.564915027));
#7084=VERTEX_POINT('',#7083);
#7085=CARTESIAN_POINT('',(-50.039207212,63.115391284,15.564915027));
#7086=DIRECTION('',(1.,0.,-0.));
#7087=VECTOR('',#7086,5.519256924);
#7088=LINE('',#7085,#7087);
#7089=EDGE_CURVE('',#7076,#7084,#7088,.T.);
#7090=ORIENTED_EDGE('',*,*,#7089,.T.);
#7091=CARTESIAN_POINT('',(-44.519950287,57.582427802,15.564915027));
#7092=VERTEX_POINT('',#7091);
#7093=CARTESIAN_POINT('',(-44.519950287,57.582427802,15.564915027));
#7094=DIRECTION('',(-0.,1.,0.));
#7095=VECTOR('',#7094,5.532963482);
#7096=LINE('',#7093,#7095);
#7097=EDGE_CURVE('',#7092,#7084,#7096,.T.);
#7098=ORIENTED_EDGE('',*,*,#7097,.F.);
#7099=CARTESIAN_POINT('',(44.519950287,57.582427802,15.564915027));
#7100=VERTEX_POINT('',#7099);
#7101=CARTESIAN_POINT('',(44.519950287,57.582427802,15.564915027));
#7102=DIRECTION('',(-1.,0.,-0.));
#7103=VECTOR('',#7102,89.039900575);
#7104=LINE('',#7101,#7103);
#7105=EDGE_CURVE('',#7100,#7092,#7104,.T.);
#7106=ORIENTED_EDGE('',*,*,#7105,.F.);
#7107=CARTESIAN_POINT('',(44.519950287,63.115391284,15.564915027));
#7108=VERTEX_POINT('',#7107);
#7109=CARTESIAN_POINT('',(44.519950287,57.582427802,15.564915027));
#7110=DIRECTION('',(0.,1.,0.));
#7111=VECTOR('',#7110,5.532963482);
#7112=LINE('',#7109,#7111);
#7113=EDGE_CURVE('',#7100,#7108,#7112,.T.);
#7114=ORIENTED_EDGE('',*,*,#7113,.T.);
#7115=CARTESIAN_POINT('',(50.039207212,63.115391284,15.564915027));
#7116=VERTEX_POINT('',#7115);
#7117=CARTESIAN_POINT('',(50.039207212,63.115391284,15.564915027));
#7118=DIRECTION('',(-1.,0.,-0.));
#7119=VECTOR('',#7118,5.519256924);
#7120=LINE('',#7117,#7119);
#7121=EDGE_CURVE('',#7116,#7108,#7120,.T.);
#7122=ORIENTED_EDGE('',*,*,#7121,.F.);
#7123=CARTESIAN_POINT('',(50.039207212,-52.579311648,15.564915027));
#7124=DIRECTION('',(0.,1.,0.));
#7125=VECTOR('',#7124,115.694702933);
#7126=LINE('',#7123,#7125);
#7127=EDGE_CURVE('',#6974,#7116,#7126,.T.);
#7128=ORIENTED_EDGE('',*,*,#7127,.F.);
#7129=EDGE_LOOP('',(#7074,#7082,#7090,#7098,#7106,#7114,#7122,#7128));
#7130=FACE_BOUND('',#7129,.T.);
#7131=ADVANCED_FACE('',(#7073,#7130),#7003,.F.);
#7132=CARTESIAN_POINT('',(-74.824313704,67.553143721,17.564915027));
#7133=DIRECTION('',(1.,-0.,0.));
#7134=DIRECTION('',(0.,0.,-1.));
#7135=AXIS2_PLACEMENT_3D('',#7132,#7133,#7134);
#7136=CYLINDRICAL_SURFACE('',#7135,0.5);
#7137=CARTESIAN_POINT('',(50.039207212,68.053143721,17.564915027));
#7138=VERTEX_POINT('',#7137);
#7139=CARTESIAN_POINT('',(-50.039207212,68.053143721,17.564915027));
#7140=VERTEX_POINT('',#7139);
#7141=CARTESIAN_POINT('',(50.039207212,68.053143721,17.564915027));
#7142=DIRECTION('',(-1.,0.,-0.));
#7143=VECTOR('',#7142,100.078414424);
#7144=LINE('',#7141,#7143);
#7145=EDGE_CURVE('',#7138,#7140,#7144,.T.);
#7146=ORIENTED_EDGE('',*,*,#7145,.T.);
#7147=CARTESIAN_POINT('',(-50.039207212,67.553143721,18.064915027));
#7148=VERTEX_POINT('',#7147);
#7149=CARTESIAN_POINT('',(-50.039207212,67.553143721,17.564915027));
#7150=DIRECTION('',(1.,0.,-0.));
#7151=DIRECTION('',(0.,-0.,1.));
#7152=AXIS2_PLACEMENT_3D('',#7149,#7150,#7151);
#7153=CIRCLE('',#7152,0.5);
#7154=EDGE_CURVE('',#7140,#7148,#7153,.T.);
#7155=ORIENTED_EDGE('',*,*,#7154,.T.);
#7156=CARTESIAN_POINT('',(50.039207212,67.553143721,18.064915027));
#7157=VERTEX_POINT('',#7156);
#7158=CARTESIAN_POINT('',(-50.039207212,67.553143721,18.064915027));
#7159=DIRECTION('',(1.,-0.,0.));
#7160=VECTOR('',#7159,100.078414424);
#7161=LINE('',#7158,#7160);
#7162=EDGE_CURVE('',#7148,#7157,#7161,.T.);
#7163=ORIENTED_EDGE('',*,*,#7162,.T.);
#7164=CARTESIAN_POINT('',(50.039207212,67.553143721,17.564915027));
#7165=DIRECTION('',(1.,-0.,0.));
#7166=DIRECTION('',(-0.,-0.,1.));
#7167=AXIS2_PLACEMENT_3D('',#7164,#7165,#7166);
#7168=CIRCLE('',#7167,0.5);
#7169=EDGE_CURVE('',#7138,#7157,#7168,.T.);
#7170=ORIENTED_EDGE('',*,*,#7169,.F.);
#7171=EDGE_LOOP('',(#7146,#7155,#7163,#7170));
#7172=FACE_BOUND('',#7171,.T.);
#7173=ADVANCED_FACE('',(#7172),#7136,.T.);
#7174=CARTESIAN_POINT('',(-74.824313704,4.933143721,18.064915027));
#7175=DIRECTION('',(0.,0.,-1.));
#7176=DIRECTION('',(-1.,0.,-0.));
#7177=AXIS2_PLACEMENT_3D('',#7174,#7175,#7176);
#7178=PLANE('',#7177);
#7179=CARTESIAN_POINT('',(50.039207212,-61.460711035,18.064915027));
#7180=VERTEX_POINT('',#7179);
#7181=CARTESIAN_POINT('',(-50.039207212,-61.460711035,18.064915027));
#7182=VERTEX_POINT('',#7181);
#7183=CARTESIAN_POINT('',(50.039207212,-61.460711035,18.064915027));
#7184=DIRECTION('',(-1.,-0.,-0.));
#7185=VECTOR('',#7184,100.078414424);
#7186=LINE('',#7183,#7185);
#7187=EDGE_CURVE('',#7180,#7182,#7186,.T.);
#7188=ORIENTED_EDGE('',*,*,#7187,.F.);
#7189=CARTESIAN_POINT('',(50.039207212,67.553143721,18.064915027));
#7190=DIRECTION('',(-0.,-1.,-0.));
#7191=VECTOR('',#7190,129.013854757);
#7192=LINE('',#7189,#7191);
#7193=EDGE_CURVE('',#7157,#7180,#7192,.T.);
#7194=ORIENTED_EDGE('',*,*,#7193,.F.);
#7195=ORIENTED_EDGE('',*,*,#7162,.F.);
#7196=CARTESIAN_POINT('',(-50.039207212,67.553143721,18.064915027));
#7197=DIRECTION('',(0.,-1.,-0.));
#7198=VECTOR('',#7197,129.013854757);
#7199=LINE('',#7196,#7198);
#7200=EDGE_CURVE('',#7148,#7182,#7199,.T.);
#7201=ORIENTED_EDGE('',*,*,#7200,.T.);
#7202=EDGE_LOOP('',(#7188,#7194,#7195,#7201));
#7203=FACE_BOUND('',#7202,.T.);
#7204=ADVANCED_FACE('',(#7203),#7178,.F.);
#7205=CARTESIAN_POINT('',(240.975020696,63.115391284,13.062247563));
#7206=DIRECTION('',(-1.,0.,-0.));
#7207=DIRECTION('',(0.,0.,-1.));
#7208=AXIS2_PLACEMENT_3D('',#7205,#7206,#7207);
#7209=CYLINDRICAL_SURFACE('',#7208,2.502667464);
#7210=CARTESIAN_POINT('',(50.039207212,65.618058748,13.062247563));
#7211=VERTEX_POINT('',#7210);
#7212=CARTESIAN_POINT('',(50.039207212,63.115391284,13.062247563));
#7213=DIRECTION('',(1.,-0.,0.));
#7214=DIRECTION('',(-0.,-0.,1.));
#7215=AXIS2_PLACEMENT_3D('',#7212,#7213,#7214);
#7216=CIRCLE('',#7215,2.502667464);
#7217=EDGE_CURVE('',#7211,#7116,#7216,.T.);
#7218=ORIENTED_EDGE('',*,*,#7217,.T.);
#7219=ORIENTED_EDGE('',*,*,#7121,.T.);
#7220=CARTESIAN_POINT('',(44.519950287,65.618058748,13.062247563));
#7221=VERTEX_POINT('',#7220);
#7222=CARTESIAN_POINT('',(44.519950287,63.115391284,13.062247563));
#7223=DIRECTION('',(-1.,0.,-0.));
#7224=DIRECTION('',(0.,1.,-0.));
#7225=AXIS2_PLACEMENT_3D('',#7222,#7223,#7224);
#7226=CIRCLE('',#7225,2.502667464);
#7227=EDGE_CURVE('',#7108,#7221,#7226,.T.);
#7228=ORIENTED_EDGE('',*,*,#7227,.T.);
#7229=CARTESIAN_POINT('',(44.519950287,65.618058748,13.062247563));
#7230=DIRECTION('',(1.,-0.,0.));
#7231=VECTOR('',#7230,5.519256924);
#7232=LINE('',#7229,#7231);
#7233=EDGE_CURVE('',#7221,#7211,#7232,.T.);
#7234=ORIENTED_EDGE('',*,*,#7233,.T.);
#7235=EDGE_LOOP('',(#7218,#7219,#7228,#7234));
#7236=FACE_BOUND('',#7235,.T.);
#7237=ADVANCED_FACE('',(#7236),#7209,.F.);
#7238=CARTESIAN_POINT('',(44.519950287,63.152469236,2.800674486));
#7239=DIRECTION('',(-1.,0.,-0.));
#7240=DIRECTION('',(0.,0.,-1.));
#7241=AXIS2_PLACEMENT_3D('',#7238,#7239,#7240);
#7242=PLANE('',#7241);
#7243=CARTESIAN_POINT('',(44.519950287,65.618058748,0.506480819));
#7244=VERTEX_POINT('',#7243);
#7245=CARTESIAN_POINT('',(44.519950287,65.618058748,13.062247563));
#7246=DIRECTION('',(0.,0.,-1.));
#7247=VECTOR('',#7246,12.555766743);
#7248=LINE('',#7245,#7247);
#7249=EDGE_CURVE('',#7221,#7244,#7248,.T.);
#7250=ORIENTED_EDGE('',*,*,#7249,.F.);
#7251=ORIENTED_EDGE('',*,*,#7227,.F.);
#7252=ORIENTED_EDGE('',*,*,#7113,.F.);
#7253=CARTESIAN_POINT('',(44.519950287,57.582427802,4.042974513));
#7254=VERTEX_POINT('',#7253);
#7255=CARTESIAN_POINT('',(44.519950287,57.582427802,4.042974513));
#7256=DIRECTION('',(-0.,-0.,1.));
#7257=VECTOR('',#7256,11.521940514);
#7258=LINE('',#7255,#7257);
#7259=EDGE_CURVE('',#7254,#7100,#7258,.T.);
#7260=ORIENTED_EDGE('',*,*,#7259,.F.);
#7261=CARTESIAN_POINT('',(44.519950287,61.618921495,0.006480819));
#7262=VERTEX_POINT('',#7261);
#7263=CARTESIAN_POINT('',(44.519950287,61.618921495,4.042974513));
#7264=DIRECTION('',(-1.,0.,-0.));
#7265=DIRECTION('',(0.,0.,-1.));
#7266=AXIS2_PLACEMENT_3D('',#7263,#7264,#7265);
#7267=CIRCLE('',#7266,4.036493694);
#7268=EDGE_CURVE('',#7262,#7254,#7267,.T.);
#7269=ORIENTED_EDGE('',*,*,#7268,.F.);
#7270=CARTESIAN_POINT('',(44.519950287,66.118058748,0.006480819));
#7271=VERTEX_POINT('',#7270);
#7272=CARTESIAN_POINT('',(44.519950287,61.618921495,0.006480819));
#7273=DIRECTION('',(0.,1.,0.));
#7274=VECTOR('',#7273,4.499137253);
#7275=LINE('',#7272,#7274);
#7276=EDGE_CURVE('',#7262,#7271,#7275,.T.);
#7277=ORIENTED_EDGE('',*,*,#7276,.T.);
#7278=CARTESIAN_POINT('',(44.519950287,66.118058748,0.506480819));
#7279=DIRECTION('',(1.,-0.,0.));
#7280=DIRECTION('',(-0.,-1.,-0.));
#7281=AXIS2_PLACEMENT_3D('',#7278,#7279,#7280);
#7282=CIRCLE('',#7281,0.5);
#7283=EDGE_CURVE('',#7244,#7271,#7282,.T.);
#7284=ORIENTED_EDGE('',*,*,#7283,.F.);
#7285=EDGE_LOOP('',(#7250,#7251,#7252,#7260,#7269,#7277,#7284));
#7286=FACE_BOUND('',#7285,.T.);
#7287=CARTESIAN_POINT('',(44.519950287,61.553143721,2.306480819));
#7288=VERTEX_POINT('',#7287);
#7289=CARTESIAN_POINT('',(44.519950287,63.053143721,3.806480819));
#7290=VERTEX_POINT('',#7289);
#7291=CARTESIAN_POINT('',(44.519950287,61.553143721,3.806480819));
#7292=DIRECTION('',(-1.,0.,-0.));
#7293=DIRECTION('',(0.,0.,-1.));
#7294=AXIS2_PLACEMENT_3D('',#7291,#7292,#7293);
#7295=CIRCLE('',#7294,1.5);
#7296=EDGE_CURVE('',#7288,#7290,#7295,.T.);
#7297=ORIENTED_EDGE('',*,*,#7296,.T.);
#7298=CARTESIAN_POINT('',(44.519950287,61.553143721,3.806480819));
#7299=DIRECTION('',(-1.,0.,-0.));
#7300=DIRECTION('',(0.,0.,-1.));
#7301=AXIS2_PLACEMENT_3D('',#7298,#7299,#7300);
#7302=CIRCLE('',#7301,1.5);
#7303=EDGE_CURVE('',#7290,#7288,#7302,.T.);
#7304=ORIENTED_EDGE('',*,*,#7303,.T.);
#7305=EDGE_LOOP('',(#7297,#7304));
#7306=FACE_BOUND('',#7305,.T.);
#7307=ADVANCED_FACE('',(#7286,#7306),#7242,.F.);
#7308=CARTESIAN_POINT('',(50.039207212,4.933143721,18.064915027));
#7309=DIRECTION('',(1.,-0.,0.));
#7310=DIRECTION('',(-0.,-0.,1.));
#7311=AXIS2_PLACEMENT_3D('',#7308,#7309,#7310);
#7312=PLANE('',#7311);
#7313=CARTESIAN_POINT('',(50.039207212,-61.960711035,17.564915027));
#7314=VERTEX_POINT('',#7313);
#7315=CARTESIAN_POINT('',(50.039207212,-61.960711035,16.939259577));
#7316=VERTEX_POINT('',#7315);
#7317=CARTESIAN_POINT('',(50.039207212,-61.960711035,17.564915027));
#7318=DIRECTION('',(0.,0.,-1.));
#7319=VECTOR('',#7318,0.62565545);
#7320=LINE('',#7317,#7319);
#7321=EDGE_CURVE('',#7314,#7316,#7320,.T.);
#7322=ORIENTED_EDGE('',*,*,#7321,.T.);
#7323=CARTESIAN_POINT('',(50.039207212,-61.864916307,16.707990646));
#7324=VERTEX_POINT('',#7323);
#7325=CARTESIAN_POINT('',(50.039207212,-61.960711035,16.939259577));
#7326=DIRECTION('',(0.,0.382683432,-0.923879533));
#7327=VECTOR('',#7326,0.250323688);
#7328=LINE('',#7325,#7327);
#7329=EDGE_CURVE('',#7316,#7324,#7328,.T.);
#7330=ORIENTED_EDGE('',*,*,#7329,.T.);
#7331=CARTESIAN_POINT('',(50.039207212,-61.864916307,16.707990646));
#7332=DIRECTION('',(0.,0.707106781,-0.707106781));
#7333=VECTOR('',#7332,1.616553043);
#7334=LINE('',#7331,#7333);
#7335=EDGE_CURVE('',#7324,#6944,#7334,.T.);
#7336=ORIENTED_EDGE('',*,*,#7335,.T.);
#7337=ORIENTED_EDGE('',*,*,#6949,.T.);
#7338=ORIENTED_EDGE('',*,*,#6918,.T.);
#7339=ORIENTED_EDGE('',*,*,#6844,.T.);
#7340=ORIENTED_EDGE('',*,*,#6979,.T.);
#7341=ORIENTED_EDGE('',*,*,#7127,.T.);
#7342=ORIENTED_EDGE('',*,*,#7217,.F.);
#7343=CARTESIAN_POINT('',(50.039207212,65.618058748,0.506480819));
#7344=VERTEX_POINT('',#7343);
#7345=CARTESIAN_POINT('',(50.039207212,65.618058748,13.062247563));
#7346=DIRECTION('',(0.,0.,-1.));
#7347=VECTOR('',#7346,12.555766743);
#7348=LINE('',#7345,#7347);
#7349=EDGE_CURVE('',#7211,#7344,#7348,.T.);
#7350=ORIENTED_EDGE('',*,*,#7349,.T.);
#7351=CARTESIAN_POINT('',(50.039207212,66.118058748,0.006480819));
#7352=VERTEX_POINT('',#7351);
#7353=CARTESIAN_POINT('',(50.039207212,66.118058748,0.506480819));
#7354=DIRECTION('',(-1.,0.,-0.));
#7355=DIRECTION('',(-0.,-0.,1.));
#7356=AXIS2_PLACEMENT_3D('',#7353,#7354,#7355);
#7357=CIRCLE('',#7356,0.5);
#7358=EDGE_CURVE('',#7352,#7344,#7357,.T.);
#7359=ORIENTED_EDGE('',*,*,#7358,.F.);
#7360=CARTESIAN_POINT('',(50.039207212,67.553143721,0.006480819));
#7361=VERTEX_POINT('',#7360);
#7362=CARTESIAN_POINT('',(50.039207212,67.553143721,0.006480819));
#7363=DIRECTION('',(-0.,-1.,-0.));
#7364=VECTOR('',#7363,1.435084973);
#7365=LINE('',#7362,#7364);
#7366=EDGE_CURVE('',#7361,#7352,#7365,.T.);
#7367=ORIENTED_EDGE('',*,*,#7366,.F.);
#7368=CARTESIAN_POINT('',(50.039207212,68.053143721,0.506480819));
#7369=VERTEX_POINT('',#7368);
#7370=CARTESIAN_POINT('',(50.039207212,67.553143721,0.506480819));
#7371=DIRECTION('',(1.,-0.,0.));
#7372=DIRECTION('',(-0.,-0.,1.));
#7373=AXIS2_PLACEMENT_3D('',#7370,#7371,#7372);
#7374=CIRCLE('',#7373,0.5);
#7375=EDGE_CURVE('',#7361,#7369,#7374,.T.);
#7376=ORIENTED_EDGE('',*,*,#7375,.T.);
#7377=CARTESIAN_POINT('',(50.039207212,68.053143721,17.564915027));
#7378=DIRECTION('',(0.,0.,-1.));
#7379=VECTOR('',#7378,17.058434207);
#7380=LINE('',#7377,#7379);
#7381=EDGE_CURVE('',#7138,#7369,#7380,.T.);
#7382=ORIENTED_EDGE('',*,*,#7381,.F.);
#7383=ORIENTED_EDGE('',*,*,#7169,.T.);
#7384=ORIENTED_EDGE('',*,*,#7193,.T.);
#7385=CARTESIAN_POINT('',(50.039207212,-61.460711035,17.564915027));
#7386=DIRECTION('',(-1.,0.,-0.));
#7387=DIRECTION('',(-0.,-0.,1.));
#7388=AXIS2_PLACEMENT_3D('',#7385,#7386,#7387);
#7389=CIRCLE('',#7388,0.5);
#7390=EDGE_CURVE('',#7314,#7180,#7389,.T.);
#7391=ORIENTED_EDGE('',*,*,#7390,.F.);
#7392=EDGE_LOOP('',(#7322,#7330,#7336,#7337,#7338,#7339,#7340,#7341,#7342,#7350,#7359,#7367,#7376,#7382,#7383,#7384,#7391));
#7393=FACE_BOUND('',#7392,.T.);
#7394=ADVANCED_FACE('',(#7393),#7312,.T.);
#7395=CARTESIAN_POINT('',(240.975020696,65.618058748,-8.890049541));
#7396=DIRECTION('',(0.,1.,0.));
#7397=DIRECTION('',(-1.,0.,-0.));
#7398=AXIS2_PLACEMENT_3D('',#7395,#7396,#7397);
#7399=PLANE('',#7398);
#7400=ORIENTED_EDGE('',*,*,#7349,.F.);
#7401=ORIENTED_EDGE('',*,*,#7233,.F.);
#7402=ORIENTED_EDGE('',*,*,#7249,.T.);
#7403=CARTESIAN_POINT('',(50.039207212,65.618058748,0.506480819));
#7404=DIRECTION('',(-1.,0.,-0.));
#7405=VECTOR('',#7404,5.519256924);
#7406=LINE('',#7403,#7405);
#7407=EDGE_CURVE('',#7344,#7244,#7406,.T.);
#7408=ORIENTED_EDGE('',*,*,#7407,.F.);
#7409=EDGE_LOOP('',(#7400,#7401,#7402,#7408));
#7410=FACE_BOUND('',#7409,.T.);
#7411=ADVANCED_FACE('',(#7410),#7399,.F.);
#7412=CARTESIAN_POINT('',(-122.648198212,57.582427802,11.126924849));
#7413=DIRECTION('',(0.,1.,0.));
#7414=DIRECTION('',(-1.,0.,-0.));
#7415=AXIS2_PLACEMENT_3D('',#7412,#7413,#7414);
#7416=PLANE('',#7415);
#7417=CARTESIAN_POINT('',(-44.519950287,57.582427802,4.042974513));
#7418=VERTEX_POINT('',#7417);
#7419=CARTESIAN_POINT('',(-44.519950287,57.582427802,4.042974513));
#7420=DIRECTION('',(1.,-0.,0.));
#7421=VECTOR('',#7420,89.039900575);
#7422=LINE('',#7419,#7421);
#7423=EDGE_CURVE('',#7418,#7254,#7422,.T.);
#7424=ORIENTED_EDGE('',*,*,#7423,.T.);
#7425=ORIENTED_EDGE('',*,*,#7259,.T.);
#7426=ORIENTED_EDGE('',*,*,#7105,.T.);
#7427=CARTESIAN_POINT('',(-44.519950287,57.582427802,4.042974513));
#7428=DIRECTION('',(0.,-0.,1.));
#7429=VECTOR('',#7428,11.521940514);
#7430=LINE('',#7427,#7429);
#7431=EDGE_CURVE('',#7418,#7092,#7430,.T.);
#7432=ORIENTED_EDGE('',*,*,#7431,.F.);
#7433=EDGE_LOOP('',(#7424,#7425,#7426,#7432));
#7434=FACE_BOUND('',#7433,.T.);
#7435=ADVANCED_FACE('',(#7434),#7416,.F.);
#7436=CARTESIAN_POINT('',(-74.824313704,68.053143721,18.064915027));
#7437=DIRECTION('',(0.,1.,0.));
#7438=DIRECTION('',(-1.,0.,-0.));
#7439=AXIS2_PLACEMENT_3D('',#7436,#7437,#7438);
#7440=PLANE('',#7439);
#7441=CARTESIAN_POINT('',(-50.039207212,68.053143721,0.506480819));
#7442=VERTEX_POINT('',#7441);
#7443=CARTESIAN_POINT('',(-50.039207212,68.053143721,0.506480819));
#7444=DIRECTION('',(1.,-0.,0.));
#7445=VECTOR('',#7444,100.078414424);
#7446=LINE('',#7443,#7445);
#7447=EDGE_CURVE('',#7442,#7369,#7446,.T.);
#7448=ORIENTED_EDGE('',*,*,#7447,.F.);
#7449=CARTESIAN_POINT('',(-50.039207212,68.053143721,17.564915027));
#7450=DIRECTION('',(-0.,0.,-1.));
#7451=VECTOR('',#7450,17.058434207);
#7452=LINE('',#7449,#7451);
#7453=EDGE_CURVE('',#7140,#7442,#7452,.T.);
#7454=ORIENTED_EDGE('',*,*,#7453,.F.);
#7455=ORIENTED_EDGE('',*,*,#7145,.F.);
#7456=ORIENTED_EDGE('',*,*,#7381,.T.);
#7457=EDGE_LOOP('',(#7448,#7454,#7455,#7456));
#7458=FACE_BOUND('',#7457,.T.);
#7459=ADVANCED_FACE('',(#7458),#7440,.T.);
#7460=CARTESIAN_POINT('',(-5.220792788,-61.960711035,18.064915027));
#7461=DIRECTION('',(0.,-1.,-0.));
#7462=DIRECTION('',(1.,0.,0.));
#7463=AXIS2_PLACEMENT_3D('',#7460,#7461,#7462);
#7464=PLANE('',#7463);
#7465=CARTESIAN_POINT('',(-50.039207212,-61.960711035,17.564915027));
#7466=VERTEX_POINT('',#7465);
#7467=CARTESIAN_POINT('',(-50.039207212,-61.960711035,16.939259577));
#7468=VERTEX_POINT('',#7467);
#7469=CARTESIAN_POINT('',(-50.039207212,-61.960711035,17.564915027));
#7470=DIRECTION('',(-0.,0.,-1.));
#7471=VECTOR('',#7470,0.62565545);
#7472=LINE('',#7469,#7471);
#7473=EDGE_CURVE('',#7466,#7468,#7472,.T.);
#7474=ORIENTED_EDGE('',*,*,#7473,.T.);
#7475=CARTESIAN_POINT('',(-50.039207212,-61.960711035,16.939259577));
#7476=DIRECTION('',(1.,0.,0.));
#7477=VECTOR('',#7476,100.078414424);
#7478=LINE('',#7475,#7477);
#7479=EDGE_CURVE('',#7468,#7316,#7478,.T.);
#7480=ORIENTED_EDGE('',*,*,#7479,.T.);
#7481=ORIENTED_EDGE('',*,*,#7321,.F.);
#7482=CARTESIAN_POINT('',(-50.039207212,-61.960711035,17.564915027));
#7483=DIRECTION('',(1.,0.,0.));
#7484=VECTOR('',#7483,100.078414424);
#7485=LINE('',#7482,#7484);
#7486=EDGE_CURVE('',#7466,#7314,#7485,.T.);
#7487=ORIENTED_EDGE('',*,*,#7486,.F.);
#7488=EDGE_LOOP('',(#7474,#7480,#7481,#7487));
#7489=FACE_BOUND('',#7488,.T.);
#7490=ADVANCED_FACE('',(#7489),#7464,.T.);
#7491=CARTESIAN_POINT('',(-5.220792788,-61.460711035,17.564915027));
#7492=DIRECTION('',(-1.,-0.,-0.));
#7493=DIRECTION('',(0.,0.,-1.));
#7494=AXIS2_PLACEMENT_3D('',#7491,#7492,#7493);
#7495=CYLINDRICAL_SURFACE('',#7494,0.5);
#7496=ORIENTED_EDGE('',*,*,#7187,.T.);
#7497=CARTESIAN_POINT('',(-50.039207212,-61.460711035,17.564915027));
#7498=DIRECTION('',(-1.,-0.,0.));
#7499=DIRECTION('',(0.,-0.,1.));
#7500=AXIS2_PLACEMENT_3D('',#7497,#7498,#7499);
#7501=CIRCLE('',#7500,0.5);
#7502=EDGE_CURVE('',#7466,#7182,#7501,.T.);
#7503=ORIENTED_EDGE('',*,*,#7502,.F.);
#7504=ORIENTED_EDGE('',*,*,#7486,.T.);
#7505=ORIENTED_EDGE('',*,*,#7390,.T.);
#7506=EDGE_LOOP('',(#7496,#7503,#7504,#7505));
#7507=FACE_BOUND('',#7506,.T.);
#7508=ADVANCED_FACE('',(#7507),#7495,.T.);
#7509=CARTESIAN_POINT('',(44.418465526,3.177048033,9.853486609));
#7510=DIRECTION('',(1.,0.,0.));
#7511=DIRECTION('',(-0.,-0.,1.));
#7512=AXIS2_PLACEMENT_3D('',#7509,#7510,#7511);
#7513=PLANE('',#7512);
#7514=CARTESIAN_POINT('',(44.418465526,47.920854574,15.82386192));
#7515=VERTEX_POINT('',#7514);
#7516=CARTESIAN_POINT('',(44.418465526,47.920854574,16.68425381));
#7517=VERTEX_POINT('',#7516);
#7518=CARTESIAN_POINT('',(44.418465526,47.920854574,15.82386192));
#7519=DIRECTION('',(0.,-0.,1.));
#7520=VECTOR('',#7519,0.86039189);
#7521=LINE('',#7518,#7520);
#7522=EDGE_CURVE('',#7515,#7517,#7521,.T.);
#7523=ORIENTED_EDGE('',*,*,#7522,.F.);
#7524=CARTESIAN_POINT('',(44.418465526,-41.566758508,15.82386192));
#7525=VERTEX_POINT('',#7524);
#7526=CARTESIAN_POINT('',(44.418465526,-41.566758508,15.82386192));
#7527=DIRECTION('',(0.,1.,0.));
#7528=VECTOR('',#7527,89.487613082);
#7529=LINE('',#7526,#7528);
#7530=EDGE_CURVE('',#7525,#7515,#7529,.T.);
#7531=ORIENTED_EDGE('',*,*,#7530,.F.);
#7532=CARTESIAN_POINT('',(44.418465526,-41.566758508,16.68425381));
#7533=VERTEX_POINT('',#7532);
#7534=CARTESIAN_POINT('',(44.418465526,-41.566758508,16.68425381));
#7535=DIRECTION('',(-0.,0.,-1.));
#7536=VECTOR('',#7535,0.86039189);
#7537=LINE('',#7534,#7536);
#7538=EDGE_CURVE('',#7533,#7525,#7537,.T.);
#7539=ORIENTED_EDGE('',*,*,#7538,.F.);
#7540=CARTESIAN_POINT('',(44.418465526,47.920854574,16.68425381));
#7541=DIRECTION('',(-0.,-1.,0.));
#7542=VECTOR('',#7541,89.487613082);
#7543=LINE('',#7540,#7542);
#7544=EDGE_CURVE('',#7517,#7533,#7543,.T.);
#7545=ORIENTED_EDGE('',*,*,#7544,.F.);
#7546=EDGE_LOOP('',(#7523,#7531,#7539,#7545));
#7547=FACE_BOUND('',#7546,.T.);
#7548=ADVANCED_FACE('',(#7547),#7513,.F.);
#7549=CARTESIAN_POINT('',(0.052838351,-43.243759415,9.853486609));
#7550=DIRECTION('',(-0.,-1.,0.));
#7551=DIRECTION('',(-0.,-0.,-1.));
#7552=AXIS2_PLACEMENT_3D('',#7549,#7550,#7551);
#7553=PLANE('',#7552);
#7554=CARTESIAN_POINT('',(42.741464619,-43.243759415,16.68425381));
#7555=VERTEX_POINT('',#7554);
#7556=CARTESIAN_POINT('',(-42.741464619,-43.243759415,16.68425381));
#7557=VERTEX_POINT('',#7556);
#7558=CARTESIAN_POINT('',(42.741464619,-43.243759415,16.68425381));
#7559=DIRECTION('',(-1.,-0.,-0.));
#7560=VECTOR('',#7559,85.482929237);
#7561=LINE('',#7558,#7560);
#7562=EDGE_CURVE('',#7555,#7557,#7561,.T.);
#7563=ORIENTED_EDGE('',*,*,#7562,.F.);
#7564=CARTESIAN_POINT('',(42.741464619,-43.243759415,15.82386192));
#7565=VERTEX_POINT('',#7564);
#7566=CARTESIAN_POINT('',(42.741464619,-43.243759415,15.82386192));
#7567=DIRECTION('',(0.,-0.,1.));
#7568=VECTOR('',#7567,0.86039189);
#7569=LINE('',#7566,#7568);
#7570=EDGE_CURVE('',#7565,#7555,#7569,.T.);
#7571=ORIENTED_EDGE('',*,*,#7570,.F.);
#7572=CARTESIAN_POINT('',(-42.741464619,-43.243759415,15.82386192));
#7573=VERTEX_POINT('',#7572);
#7574=CARTESIAN_POINT('',(-42.741464619,-43.243759415,15.82386192));
#7575=DIRECTION('',(1.,0.,0.));
#7576=VECTOR('',#7575,85.482929237);
#7577=LINE('',#7574,#7576);
#7578=EDGE_CURVE('',#7573,#7565,#7577,.T.);
#7579=ORIENTED_EDGE('',*,*,#7578,.F.);
#7580=CARTESIAN_POINT('',(-42.741464619,-43.243759415,15.82386192));
#7581=DIRECTION('',(0.,-0.,1.));
#7582=VECTOR('',#7581,0.86039189);
#7583=LINE('',#7580,#7582);
#7584=EDGE_CURVE('',#7573,#7557,#7583,.T.);
#7585=ORIENTED_EDGE('',*,*,#7584,.T.);
#7586=EDGE_LOOP('',(#7563,#7571,#7579,#7585));
#7587=FACE_BOUND('',#7586,.T.);
#7588=ADVANCED_FACE('',(#7587),#7553,.F.);
#7589=CARTESIAN_POINT('',(0.052838351,49.597855481,9.853486609));
#7590=DIRECTION('',(-0.,1.,-0.));
#7591=DIRECTION('',(1.,0.,0.));
#7592=AXIS2_PLACEMENT_3D('',#7589,#7590,#7591);
#7593=PLANE('',#7592);
#7594=CARTESIAN_POINT('',(42.741464619,49.597855481,15.82386192));
#7595=VERTEX_POINT('',#7594);
#7596=CARTESIAN_POINT('',(-42.741464619,49.597855481,15.82386192));
#7597=VERTEX_POINT('',#7596);
#7598=CARTESIAN_POINT('',(42.741464619,49.597855481,15.82386192));
#7599=DIRECTION('',(-1.,-0.,-0.));
#7600=VECTOR('',#7599,85.482929237);
#7601=LINE('',#7598,#7600);
#7602=EDGE_CURVE('',#7595,#7597,#7601,.T.);
#7603=ORIENTED_EDGE('',*,*,#7602,.F.);
#7604=CARTESIAN_POINT('',(42.741464619,49.597855481,16.68425381));
#7605=VERTEX_POINT('',#7604);
#7606=CARTESIAN_POINT('',(42.741464619,49.597855481,16.68425381));
#7607=DIRECTION('',(-0.,0.,-1.));
#7608=VECTOR('',#7607,0.86039189);
#7609=LINE('',#7606,#7608);
#7610=EDGE_CURVE('',#7605,#7595,#7609,.T.);
#7611=ORIENTED_EDGE('',*,*,#7610,.F.);
#7612=CARTESIAN_POINT('',(-42.741464619,49.597855481,16.68425381));
#7613=VERTEX_POINT('',#7612);
#7614=CARTESIAN_POINT('',(-42.741464619,49.597855481,16.68425381));
#7615=DIRECTION('',(1.,0.,0.));
#7616=VECTOR('',#7615,85.482929237);
#7617=LINE('',#7614,#7616);
#7618=EDGE_CURVE('',#7613,#7605,#7617,.T.);
#7619=ORIENTED_EDGE('',*,*,#7618,.F.);
#7620=CARTESIAN_POINT('',(-42.741464619,49.597855481,16.68425381));
#7621=DIRECTION('',(-0.,0.,-1.));
#7622=VECTOR('',#7621,0.86039189);
#7623=LINE('',#7620,#7622);
#7624=EDGE_CURVE('',#7613,#7597,#7623,.T.);
#7625=ORIENTED_EDGE('',*,*,#7624,.T.);
#7626=EDGE_LOOP('',(#7603,#7611,#7619,#7625));
#7627=FACE_BOUND('',#7626,.T.);
#7628=ADVANCED_FACE('',(#7627),#7593,.F.);
#7629=CARTESIAN_POINT('',(0.052838351,-0.199229143,16.943200703));
#7630=DIRECTION('',(0.,-0.,1.));
#7631=DIRECTION('',(-1.,-0.,0.));
#7632=AXIS2_PLACEMENT_3D('',#7629,#7630,#7631);
#7633=PLANE('',#7632);
#7634=CARTESIAN_POINT('',(42.741464619,49.338908588,16.943200703));
#7635=VERTEX_POINT('',#7634);
#7636=CARTESIAN_POINT('',(-42.741464619,49.338908588,16.943200703));
#7637=VERTEX_POINT('',#7636);
#7638=CARTESIAN_POINT('',(42.741464619,49.338908588,16.943200703));
#7639=DIRECTION('',(-1.,-0.,-0.));
#7640=VECTOR('',#7639,85.482929237);
#7641=LINE('',#7638,#7640);
#7642=EDGE_CURVE('',#7635,#7637,#7641,.T.);
#7643=ORIENTED_EDGE('',*,*,#7642,.F.);
#7644=CARTESIAN_POINT('',(44.159518633,47.920854574,16.943200703));
#7645=VERTEX_POINT('',#7644);
#7646=CARTESIAN_POINT('',(42.741464619,47.920854574,16.943200703));
#7647=DIRECTION('',(0.,-0.,1.));
#7648=DIRECTION('',(-1.,-0.,0.));
#7649=AXIS2_PLACEMENT_3D('',#7646,#7647,#7648);
#7650=CIRCLE('',#7649,1.418054014);
#7651=EDGE_CURVE('',#7645,#7635,#7650,.T.);
#7652=ORIENTED_EDGE('',*,*,#7651,.F.);
#7653=CARTESIAN_POINT('',(44.159518633,-41.566758508,16.943200703));
#7654=VERTEX_POINT('',#7653);
#7655=CARTESIAN_POINT('',(44.159518633,-41.566758508,16.943200703));
#7656=DIRECTION('',(0.,1.,-0.));
#7657=VECTOR('',#7656,89.487613082);
#7658=LINE('',#7655,#7657);
#7659=EDGE_CURVE('',#7654,#7645,#7658,.T.);
#7660=ORIENTED_EDGE('',*,*,#7659,.F.);
#7661=CARTESIAN_POINT('',(42.741464619,-42.984812522,16.943200703));
#7662=VERTEX_POINT('',#7661);
#7663=CARTESIAN_POINT('',(42.741464619,-41.566758508,16.943200703));
#7664=DIRECTION('',(0.,-0.,1.));
#7665=DIRECTION('',(-1.,-0.,0.));
#7666=AXIS2_PLACEMENT_3D('',#7663,#7664,#7665);
#7667=CIRCLE('',#7666,1.418054014);
#7668=EDGE_CURVE('',#7662,#7654,#7667,.T.);
#7669=ORIENTED_EDGE('',*,*,#7668,.F.);
#7670=CARTESIAN_POINT('',(-42.741464619,-42.984812522,16.943200703));
#7671=VERTEX_POINT('',#7670);
#7672=CARTESIAN_POINT('',(-42.741464619,-42.984812522,16.943200703));
#7673=DIRECTION('',(1.,0.,0.));
#7674=VECTOR('',#7673,85.482929237);
#7675=LINE('',#7672,#7674);
#7676=EDGE_CURVE('',#7671,#7662,#7675,.T.);
#7677=ORIENTED_EDGE('',*,*,#7676,.F.);
#7678=CARTESIAN_POINT('',(-44.159518633,-41.566758508,16.943200703));
#7679=VERTEX_POINT('',#7678);
#7680=CARTESIAN_POINT('',(-42.741464619,-41.566758508,16.943200703));
#7681=DIRECTION('',(-0.,0.,-1.));
#7682=DIRECTION('',(1.,0.,-0.));
#7683=AXIS2_PLACEMENT_3D('',#7680,#7681,#7682);
#7684=CIRCLE('',#7683,1.418054014);
#7685=EDGE_CURVE('',#7671,#7679,#7684,.T.);
#7686=ORIENTED_EDGE('',*,*,#7685,.T.);
#7687=CARTESIAN_POINT('',(-44.159518633,47.920854574,16.943200703));
#7688=VERTEX_POINT('',#7687);
#7689=CARTESIAN_POINT('',(-44.159518633,-41.566758508,16.943200703));
#7690=DIRECTION('',(0.,1.,-0.));
#7691=VECTOR('',#7690,89.487613082);
#7692=LINE('',#7689,#7691);
#7693=EDGE_CURVE('',#7679,#7688,#7692,.T.);
#7694=ORIENTED_EDGE('',*,*,#7693,.T.);
#7695=CARTESIAN_POINT('',(-42.741464619,47.920854574,16.943200703));
#7696=DIRECTION('',(-0.,0.,-1.));
#7697=DIRECTION('',(1.,0.,-0.));
#7698=AXIS2_PLACEMENT_3D('',#7695,#7696,#7697);
#7699=CIRCLE('',#7698,1.418054014);
#7700=EDGE_CURVE('',#7688,#7637,#7699,.T.);
#7701=ORIENTED_EDGE('',*,*,#7700,.T.);
#7702=EDGE_LOOP('',(#7643,#7652,#7660,#7669,#7677,#7686,#7694,#7701));
#7703=FACE_BOUND('',#7702,.T.);
#7704=ADVANCED_FACE('',(#7703),#7633,.F.);
#7705=CARTESIAN_POINT('',(42.741464619,-41.566758508,9.853486609));
#7706=DIRECTION('',(0.,-0.,1.));
#7707=DIRECTION('',(-1.,-0.,0.));
#7708=AXIS2_PLACEMENT_3D('',#7705,#7706,#7707);
#7709=CYLINDRICAL_SURFACE('',#7708,1.677000907);
#7710=ORIENTED_EDGE('',*,*,#7570,.T.);
#7711=CARTESIAN_POINT('',(42.741464619,-41.566758508,16.68425381));
#7712=DIRECTION('',(-0.,0.,-1.));
#7713=DIRECTION('',(-1.,-0.,0.));
#7714=AXIS2_PLACEMENT_3D('',#7711,#7712,#7713);
#7715=CIRCLE('',#7714,1.677000907);
#7716=EDGE_CURVE('',#7533,#7555,#7715,.T.);
#7717=ORIENTED_EDGE('',*,*,#7716,.F.);
#7718=ORIENTED_EDGE('',*,*,#7538,.T.);
#7719=CARTESIAN_POINT('',(42.741464619,-41.566758508,15.82386192));
#7720=DIRECTION('',(-0.,-0.,1.));
#7721=DIRECTION('',(-1.,-0.,-0.));
#7722=AXIS2_PLACEMENT_3D('',#7719,#7720,#7721);
#7723=CIRCLE('',#7722,1.677000907);
#7724=EDGE_CURVE('',#7565,#7525,#7723,.T.);
#7725=ORIENTED_EDGE('',*,*,#7724,.F.);
#7726=EDGE_LOOP('',(#7710,#7717,#7718,#7725));
#7727=FACE_BOUND('',#7726,.T.);
#7728=ADVANCED_FACE('',(#7727),#7709,.F.);
#7729=CARTESIAN_POINT('',(42.741464619,47.920854574,9.853486609));
#7730=DIRECTION('',(0.,-0.,1.));
#7731=DIRECTION('',(-1.,-0.,0.));
#7732=AXIS2_PLACEMENT_3D('',#7729,#7730,#7731);
#7733=CYLINDRICAL_SURFACE('',#7732,1.677000907);
#7734=ORIENTED_EDGE('',*,*,#7522,.T.);
#7735=CARTESIAN_POINT('',(42.741464619,47.920854574,16.68425381));
#7736=DIRECTION('',(-0.,0.,-1.));
#7737=DIRECTION('',(-1.,-0.,0.));
#7738=AXIS2_PLACEMENT_3D('',#7735,#7736,#7737);
#7739=CIRCLE('',#7738,1.677000907);
#7740=EDGE_CURVE('',#7605,#7517,#7739,.T.);
#7741=ORIENTED_EDGE('',*,*,#7740,.F.);
#7742=ORIENTED_EDGE('',*,*,#7610,.T.);
#7743=CARTESIAN_POINT('',(42.741464619,47.920854574,15.82386192));
#7744=DIRECTION('',(-0.,-0.,1.));
#7745=DIRECTION('',(-1.,-0.,-0.));
#7746=AXIS2_PLACEMENT_3D('',#7743,#7744,#7745);
#7747=CIRCLE('',#7746,1.677000907);
#7748=EDGE_CURVE('',#7515,#7595,#7747,.T.);
#7749=ORIENTED_EDGE('',*,*,#7748,.F.);
#7750=EDGE_LOOP('',(#7734,#7741,#7742,#7749));
#7751=FACE_BOUND('',#7750,.T.);
#7752=ADVANCED_FACE('',(#7751),#7733,.F.);
#7753=CARTESIAN_POINT('',(290.336170125,-43.502706308,15.82386192));
#7754=DIRECTION('',(-1.,-0.,-0.));
#7755=DIRECTION('',(0.,0.,-1.));
#7756=AXIS2_PLACEMENT_3D('',#7753,#7754,#7755);
#7757=CYLINDRICAL_SURFACE('',#7756,0.258946893);
#7758=ORIENTED_EDGE('',*,*,#7046,.T.);
#7759=CARTESIAN_POINT('',(-42.741464619,-43.502706308,15.82386192));
#7760=DIRECTION('',(-1.,-0.,-0.));
#7761=DIRECTION('',(-0.,-0.,1.));
#7762=AXIS2_PLACEMENT_3D('',#7759,#7760,#7761);
#7763=CIRCLE('',#7762,0.258946893);
#7764=EDGE_CURVE('',#7573,#7032,#7763,.T.);
#7765=ORIENTED_EDGE('',*,*,#7764,.F.);
#7766=ORIENTED_EDGE('',*,*,#7578,.T.);
#7767=CARTESIAN_POINT('',(42.741464619,-43.502706308,15.82386192));
#7768=DIRECTION('',(-1.,-0.,-0.));
#7769=DIRECTION('',(-0.,-0.,1.));
#7770=AXIS2_PLACEMENT_3D('',#7767,#7768,#7769);
#7771=CIRCLE('',#7770,0.258946893);
#7772=EDGE_CURVE('',#7565,#7041,#7771,.T.);
#7773=ORIENTED_EDGE('',*,*,#7772,.T.);
#7774=EDGE_LOOP('',(#7758,#7765,#7766,#7773));
#7775=FACE_BOUND('',#7774,.T.);
#7776=ADVANCED_FACE('',(#7775),#7757,.T.);
#7777=CARTESIAN_POINT('',(42.741464619,-41.566758508,15.82386192));
#7778=DIRECTION('',(-0.,-0.,1.));
#7779=DIRECTION('',(-1.,-0.,-0.));
#7780=AXIS2_PLACEMENT_3D('',#7777,#7778,#7779);
#7781=TOROIDAL_SURFACE('',#7780,1.9359478,0.258946893);
#7782=ORIENTED_EDGE('',*,*,#7772,.F.);
#7783=ORIENTED_EDGE('',*,*,#7724,.T.);
#7784=CARTESIAN_POINT('',(44.677412419,-41.566758508,15.82386192));
#7785=DIRECTION('',(-0.,-1.,0.));
#7786=DIRECTION('',(0.,0.,1.));
#7787=AXIS2_PLACEMENT_3D('',#7784,#7785,#7786);
#7788=CIRCLE('',#7787,0.258946893);
#7789=EDGE_CURVE('',#7525,#7049,#7788,.T.);
#7790=ORIENTED_EDGE('',*,*,#7789,.T.);
#7791=ORIENTED_EDGE('',*,*,#7055,.T.);
#7792=EDGE_LOOP('',(#7782,#7783,#7790,#7791));
#7793=FACE_BOUND('',#7792,.T.);
#7794=ADVANCED_FACE('',(#7793),#7781,.T.);
#7795=CARTESIAN_POINT('',(290.336170125,49.856802374,15.82386192));
#7796=DIRECTION('',(1.,0.,0.));
#7797=DIRECTION('',(-0.,-0.,1.));
#7798=AXIS2_PLACEMENT_3D('',#7795,#7796,#7797);
#7799=CYLINDRICAL_SURFACE('',#7798,0.258946893);
#7800=ORIENTED_EDGE('',*,*,#7602,.T.);
#7801=CARTESIAN_POINT('',(-42.741464619,49.856802374,15.82386192));
#7802=DIRECTION('',(-1.,-0.,-0.));
#7803=DIRECTION('',(-0.,-0.,1.));
#7804=AXIS2_PLACEMENT_3D('',#7801,#7802,#7803);
#7805=CIRCLE('',#7804,0.258946893);
#7806=EDGE_CURVE('',#7005,#7597,#7805,.T.);
#7807=ORIENTED_EDGE('',*,*,#7806,.F.);
#7808=ORIENTED_EDGE('',*,*,#7012,.T.);
#7809=CARTESIAN_POINT('',(42.741464619,49.856802374,15.82386192));
#7810=DIRECTION('',(-1.,-0.,-0.));
#7811=DIRECTION('',(-0.,-0.,1.));
#7812=AXIS2_PLACEMENT_3D('',#7809,#7810,#7811);
#7813=CIRCLE('',#7812,0.258946893);
#7814=EDGE_CURVE('',#7007,#7595,#7813,.T.);
#7815=ORIENTED_EDGE('',*,*,#7814,.T.);
#7816=EDGE_LOOP('',(#7800,#7807,#7808,#7815));
#7817=FACE_BOUND('',#7816,.T.);
#7818=ADVANCED_FACE('',(#7817),#7799,.T.);
#7819=CARTESIAN_POINT('',(44.677412419,104.7633288,15.82386192));
#7820=DIRECTION('',(-0.,-1.,-0.));
#7821=DIRECTION('',(-0.,0.,-1.));
#7822=AXIS2_PLACEMENT_3D('',#7819,#7820,#7821);
#7823=CYLINDRICAL_SURFACE('',#7822,0.258946893);
#7824=ORIENTED_EDGE('',*,*,#7789,.F.);
#7825=ORIENTED_EDGE('',*,*,#7530,.T.);
#7826=CARTESIAN_POINT('',(44.677412419,47.920854574,15.82386192));
#7827=DIRECTION('',(-0.,-1.,0.));
#7828=DIRECTION('',(0.,0.,1.));
#7829=AXIS2_PLACEMENT_3D('',#7826,#7827,#7828);
#7830=CIRCLE('',#7829,0.258946893);
#7831=EDGE_CURVE('',#7515,#7058,#7830,.T.);
#7832=ORIENTED_EDGE('',*,*,#7831,.T.);
#7833=ORIENTED_EDGE('',*,*,#7063,.T.);
#7834=EDGE_LOOP('',(#7824,#7825,#7832,#7833));
#7835=FACE_BOUND('',#7834,.T.);
#7836=ADVANCED_FACE('',(#7835),#7823,.T.);
#7837=CARTESIAN_POINT('',(42.741464619,47.920854574,15.82386192));
#7838=DIRECTION('',(-0.,-0.,1.));
#7839=DIRECTION('',(-1.,-0.,-0.));
#7840=AXIS2_PLACEMENT_3D('',#7837,#7838,#7839);
#7841=TOROIDAL_SURFACE('',#7840,1.9359478,0.258946893);
#7842=ORIENTED_EDGE('',*,*,#7814,.F.);
#7843=ORIENTED_EDGE('',*,*,#7070,.T.);
#7844=ORIENTED_EDGE('',*,*,#7831,.F.);
#7845=ORIENTED_EDGE('',*,*,#7748,.T.);
#7846=EDGE_LOOP('',(#7842,#7843,#7844,#7845));
#7847=FACE_BOUND('',#7846,.T.);
#7848=ADVANCED_FACE('',(#7847),#7841,.T.);
#7849=CARTESIAN_POINT('',(0.052838351,-42.984812522,16.68425381));
#7850=DIRECTION('',(1.,0.,0.));
#7851=DIRECTION('',(-0.,-0.,1.));
#7852=AXIS2_PLACEMENT_3D('',#7849,#7850,#7851);
#7853=CYLINDRICAL_SURFACE('',#7852,0.258946893);
#7854=ORIENTED_EDGE('',*,*,#7676,.T.);
#7855=CARTESIAN_POINT('',(42.741464619,-42.984812522,16.68425381));
#7856=DIRECTION('',(1.,0.,0.));
#7857=DIRECTION('',(0.,0.,-1.));
#7858=AXIS2_PLACEMENT_3D('',#7855,#7856,#7857);
#7859=CIRCLE('',#7858,0.258946893);
#7860=EDGE_CURVE('',#7662,#7555,#7859,.T.);
#7861=ORIENTED_EDGE('',*,*,#7860,.T.);
#7862=ORIENTED_EDGE('',*,*,#7562,.T.);
#7863=CARTESIAN_POINT('',(-42.741464619,-42.984812522,16.68425381));
#7864=DIRECTION('',(1.,0.,0.));
#7865=DIRECTION('',(0.,0.,-1.));
#7866=AXIS2_PLACEMENT_3D('',#7863,#7864,#7865);
#7867=CIRCLE('',#7866,0.258946893);
#7868=EDGE_CURVE('',#7671,#7557,#7867,.T.);
#7869=ORIENTED_EDGE('',*,*,#7868,.F.);
#7870=EDGE_LOOP('',(#7854,#7861,#7862,#7869));
#7871=FACE_BOUND('',#7870,.T.);
#7872=ADVANCED_FACE('',(#7871),#7853,.F.);
#7873=CARTESIAN_POINT('',(42.741464619,-41.566758508,16.68425381));
#7874=DIRECTION('',(0.,-0.,1.));
#7875=DIRECTION('',(-1.,-0.,0.));
#7876=AXIS2_PLACEMENT_3D('',#7873,#7874,#7875);
#7877=TOROIDAL_SURFACE('',#7876,1.418054014,0.258946893);
#7878=ORIENTED_EDGE('',*,*,#7860,.F.);
#7879=ORIENTED_EDGE('',*,*,#7668,.T.);
#7880=CARTESIAN_POINT('',(44.159518633,-41.566758508,16.68425381));
#7881=DIRECTION('',(0.,1.,-0.));
#7882=DIRECTION('',(-0.,-0.,-1.));
#7883=AXIS2_PLACEMENT_3D('',#7880,#7881,#7882);
#7884=CIRCLE('',#7883,0.258946893);
#7885=EDGE_CURVE('',#7654,#7533,#7884,.T.);
#7886=ORIENTED_EDGE('',*,*,#7885,.T.);
#7887=ORIENTED_EDGE('',*,*,#7716,.T.);
#7888=EDGE_LOOP('',(#7878,#7879,#7886,#7887));
#7889=FACE_BOUND('',#7888,.T.);
#7890=ADVANCED_FACE('',(#7889),#7877,.F.);
#7891=CARTESIAN_POINT('',(44.159518633,3.177048033,16.68425381));
#7892=DIRECTION('',(0.,1.,-0.));
#7893=DIRECTION('',(0.,0.,1.));
#7894=AXIS2_PLACEMENT_3D('',#7891,#7892,#7893);
#7895=CYLINDRICAL_SURFACE('',#7894,0.258946893);
#7896=ORIENTED_EDGE('',*,*,#7885,.F.);
#7897=ORIENTED_EDGE('',*,*,#7659,.T.);
#7898=CARTESIAN_POINT('',(44.159518633,47.920854574,16.68425381));
#7899=DIRECTION('',(0.,1.,-0.));
#7900=DIRECTION('',(-0.,-0.,-1.));
#7901=AXIS2_PLACEMENT_3D('',#7898,#7899,#7900);
#7902=CIRCLE('',#7901,0.258946893);
#7903=EDGE_CURVE('',#7645,#7517,#7902,.T.);
#7904=ORIENTED_EDGE('',*,*,#7903,.T.);
#7905=ORIENTED_EDGE('',*,*,#7544,.T.);
#7906=EDGE_LOOP('',(#7896,#7897,#7904,#7905));
#7907=FACE_BOUND('',#7906,.T.);
#7908=ADVANCED_FACE('',(#7907),#7895,.F.);
#7909=CARTESIAN_POINT('',(0.052838351,49.338908588,16.68425381));
#7910=DIRECTION('',(-1.,-0.,-0.));
#7911=DIRECTION('',(-0.,1.,-0.));
#7912=AXIS2_PLACEMENT_3D('',#7909,#7910,#7911);
#7913=CYLINDRICAL_SURFACE('',#7912,0.258946893);
#7914=ORIENTED_EDGE('',*,*,#7618,.T.);
#7915=CARTESIAN_POINT('',(42.741464619,49.338908588,16.68425381));
#7916=DIRECTION('',(1.,0.,0.));
#7917=DIRECTION('',(0.,0.,-1.));
#7918=AXIS2_PLACEMENT_3D('',#7915,#7916,#7917);
#7919=CIRCLE('',#7918,0.258946893);
#7920=EDGE_CURVE('',#7605,#7635,#7919,.T.);
#7921=ORIENTED_EDGE('',*,*,#7920,.T.);
#7922=ORIENTED_EDGE('',*,*,#7642,.T.);
#7923=CARTESIAN_POINT('',(-42.741464619,49.338908588,16.68425381));
#7924=DIRECTION('',(1.,0.,0.));
#7925=DIRECTION('',(0.,0.,-1.));
#7926=AXIS2_PLACEMENT_3D('',#7923,#7924,#7925);
#7927=CIRCLE('',#7926,0.258946893);
#7928=EDGE_CURVE('',#7613,#7637,#7927,.T.);
#7929=ORIENTED_EDGE('',*,*,#7928,.F.);
#7930=EDGE_LOOP('',(#7914,#7921,#7922,#7929));
#7931=FACE_BOUND('',#7930,.T.);
#7932=ADVANCED_FACE('',(#7931),#7913,.F.);
#7933=CARTESIAN_POINT('',(42.741464619,47.920854574,16.68425381));
#7934=DIRECTION('',(0.,-0.,1.));
#7935=DIRECTION('',(-1.,-0.,0.));
#7936=AXIS2_PLACEMENT_3D('',#7933,#7934,#7935);
#7937=TOROIDAL_SURFACE('',#7936,1.418054014,0.258946893);
#7938=ORIENTED_EDGE('',*,*,#7903,.F.);
#7939=ORIENTED_EDGE('',*,*,#7651,.T.);
#7940=ORIENTED_EDGE('',*,*,#7920,.F.);
#7941=ORIENTED_EDGE('',*,*,#7740,.T.);
#7942=EDGE_LOOP('',(#7938,#7939,#7940,#7941));
#7943=FACE_BOUND('',#7942,.T.);
#7944=ADVANCED_FACE('',(#7943),#7937,.F.);
#7945=CARTESIAN_POINT('',(-74.824313704,67.553143721,0.506480819));
#7946=DIRECTION('',(-1.,0.,-0.));
#7947=DIRECTION('',(-0.,-0.,1.));
#7948=AXIS2_PLACEMENT_3D('',#7945,#7946,#7947);
#7949=CYLINDRICAL_SURFACE('',#7948,0.5);
#7950=CARTESIAN_POINT('',(-50.039207212,67.553143721,0.006480819));
#7951=VERTEX_POINT('',#7950);
#7952=CARTESIAN_POINT('',(50.039207212,67.553143721,0.006480819));
#7953=DIRECTION('',(-1.,0.,-0.));
#7954=VECTOR('',#7953,100.078414424);
#7955=LINE('',#7952,#7954);
#7956=EDGE_CURVE('',#7361,#7951,#7955,.T.);
#7957=ORIENTED_EDGE('',*,*,#7956,.T.);
#7958=CARTESIAN_POINT('',(-50.039207212,67.553143721,0.506480819));
#7959=DIRECTION('',(1.,0.,-0.));
#7960=DIRECTION('',(0.,-0.,1.));
#7961=AXIS2_PLACEMENT_3D('',#7958,#7959,#7960);
#7962=CIRCLE('',#7961,0.5);
#7963=EDGE_CURVE('',#7951,#7442,#7962,.T.);
#7964=ORIENTED_EDGE('',*,*,#7963,.T.);
#7965=ORIENTED_EDGE('',*,*,#7447,.T.);
#7966=ORIENTED_EDGE('',*,*,#7375,.F.);
#7967=EDGE_LOOP('',(#7957,#7964,#7965,#7966));
#7968=FACE_BOUND('',#7967,.T.);
#7969=ADVANCED_FACE('',(#7968),#7949,.T.);
#7970=CARTESIAN_POINT('',(-124.519950287,64.652806478,0.006480819));
#7971=DIRECTION('',(0.,0.,-1.));
#7972=DIRECTION('',(1.,-0.,0.));
#7973=AXIS2_PLACEMENT_3D('',#7970,#7971,#7972);
#7974=PLANE('',#7973);
#7975=CARTESIAN_POINT('',(-44.519950287,61.618921495,0.006480819));
#7976=VERTEX_POINT('',#7975);
#7977=CARTESIAN_POINT('',(-44.519950287,61.618921495,0.006480819));
#7978=DIRECTION('',(1.,-0.,0.));
#7979=VECTOR('',#7978,89.039900575);
#7980=LINE('',#7977,#7979);
#7981=EDGE_CURVE('',#7976,#7262,#7980,.T.);
#7982=ORIENTED_EDGE('',*,*,#7981,.F.);
#7983=CARTESIAN_POINT('',(-44.519950287,66.118058748,0.006480819));
#7984=VERTEX_POINT('',#7983);
#7985=CARTESIAN_POINT('',(-44.519950287,61.618921495,0.006480819));
#7986=DIRECTION('',(-0.,1.,0.));
#7987=VECTOR('',#7986,4.499137253);
#7988=LINE('',#7985,#7987);
#7989=EDGE_CURVE('',#7976,#7984,#7988,.T.);
#7990=ORIENTED_EDGE('',*,*,#7989,.T.);
#7991=CARTESIAN_POINT('',(-50.039207212,66.118058748,0.006480819));
#7992=VERTEX_POINT('',#7991);
#7993=CARTESIAN_POINT('',(-44.519950287,66.118058748,0.006480819));
#7994=DIRECTION('',(-1.,-0.,0.));
#7995=VECTOR('',#7994,5.519256924);
#7996=LINE('',#7993,#7995);
#7997=EDGE_CURVE('',#7984,#7992,#7996,.T.);
#7998=ORIENTED_EDGE('',*,*,#7997,.T.);
#7999=CARTESIAN_POINT('',(-50.039207212,67.553143721,0.006480819));
#8000=DIRECTION('',(0.,-1.,-0.));
#8001=VECTOR('',#8000,1.435084973);
#8002=LINE('',#7999,#8001);
#8003=EDGE_CURVE('',#7951,#7992,#8002,.T.);
#8004=ORIENTED_EDGE('',*,*,#8003,.F.);
#8005=ORIENTED_EDGE('',*,*,#7956,.F.);
#8006=ORIENTED_EDGE('',*,*,#7366,.T.);
#8007=CARTESIAN_POINT('',(44.519950287,66.118058748,0.006480819));
#8008=DIRECTION('',(1.,-0.,0.));
#8009=VECTOR('',#8008,5.519256924);
#8010=LINE('',#8007,#8009);
#8011=EDGE_CURVE('',#7271,#7352,#8010,.T.);
#8012=ORIENTED_EDGE('',*,*,#8011,.F.);
#8013=ORIENTED_EDGE('',*,*,#7276,.F.);
#8014=EDGE_LOOP('',(#7982,#7990,#7998,#8004,#8005,#8006,#8012,#8013));
#8015=FACE_BOUND('',#8014,.T.);
#8016=ADVANCED_FACE('',(#8015),#7974,.T.);
#8017=CARTESIAN_POINT('',(-124.519950287,61.618921495,4.042974513));
#8018=DIRECTION('',(-1.,0.,-0.));
#8019=DIRECTION('',(0.,1.,0.));
#8020=AXIS2_PLACEMENT_3D('',#8017,#8018,#8019);
#8021=CYLINDRICAL_SURFACE('',#8020,4.036493694);
#8022=ORIENTED_EDGE('',*,*,#7423,.F.);
#8023=CARTESIAN_POINT('',(-44.519950287,61.618921495,4.042974513));
#8024=DIRECTION('',(-1.,-0.,0.));
#8025=DIRECTION('',(-0.,0.,-1.));
#8026=AXIS2_PLACEMENT_3D('',#8023,#8024,#8025);
#8027=CIRCLE('',#8026,4.036493694);
#8028=EDGE_CURVE('',#7976,#7418,#8027,.T.);
#8029=ORIENTED_EDGE('',*,*,#8028,.F.);
#8030=ORIENTED_EDGE('',*,*,#7981,.T.);
#8031=ORIENTED_EDGE('',*,*,#7268,.T.);
#8032=EDGE_LOOP('',(#8022,#8029,#8030,#8031));
#8033=FACE_BOUND('',#8032,.T.);
#8034=ADVANCED_FACE('',(#8033),#8021,.T.);
#8035=CARTESIAN_POINT('',(45.967347072,60.183230512,1.056480819));
#8036=DIRECTION('',(-1.,0.,-0.));
#8037=DIRECTION('',(0.,0.,-1.));
#8038=AXIS2_PLACEMENT_3D('',#8035,#8036,#8037);
#8039=PLANE('',#8038);
#8040=CARTESIAN_POINT('',(45.967347072,61.553143721,2.958978853));
#8041=VERTEX_POINT('',#8040);
#8042=CARTESIAN_POINT('',(45.967347072,61.553143721,3.806480819));
#8043=DIRECTION('',(-1.,0.,-0.));
#8044=DIRECTION('',(0.,0.,-1.));
#8045=AXIS2_PLACEMENT_3D('',#8042,#8043,#8044);
#8046=CIRCLE('',#8045,0.847501966);
#8047=EDGE_CURVE('',#8041,#8041,#8046,.T.);
#8048=ORIENTED_EDGE('',*,*,#8047,.F.);
#8049=EDGE_LOOP('',(#8048));
#8050=FACE_BOUND('',#8049,.T.);
#8051=ADVANCED_FACE('',(#8050),#8039,.F.);
#8052=CARTESIAN_POINT('',(45.314849038,61.553143721,3.806480819));
#8053=DIRECTION('',(-1.,0.,-0.));
#8054=DIRECTION('',(0.,0.,-1.));
#8055=AXIS2_PLACEMENT_3D('',#8052,#8053,#8054);
#8056=TOROIDAL_SURFACE('',#8055,0.847501966,0.652498034);
#8057=CARTESIAN_POINT('',(45.314849038,61.553143721,2.306480819));
#8058=VERTEX_POINT('',#8057);
#8059=CARTESIAN_POINT('',(45.314849038,61.553143721,2.958978853));
#8060=DIRECTION('',(-0.,-1.,-0.));
#8061=DIRECTION('',(0.,0.,-1.));
#8062=AXIS2_PLACEMENT_3D('',#8059,#8060,#8061);
#8063=CIRCLE('',#8062,0.652498034);
#8064=EDGE_CURVE('',#8058,#8041,#8063,.T.);
#8065=ORIENTED_EDGE('',*,*,#8064,.T.);
#8066=ORIENTED_EDGE('',*,*,#8047,.T.);
#8067=ORIENTED_EDGE('',*,*,#8064,.F.);
#8068=CARTESIAN_POINT('',(45.314849038,63.053143721,3.806480819));
#8069=VERTEX_POINT('',#8068);
#8070=CARTESIAN_POINT('',(45.314849038,61.553143721,3.806480819));
#8071=DIRECTION('',(1.,-0.,0.));
#8072=DIRECTION('',(0.,0.,-1.));
#8073=AXIS2_PLACEMENT_3D('',#8070,#8071,#8072);
#8074=CIRCLE('',#8073,1.5);
#8075=EDGE_CURVE('',#8058,#8069,#8074,.T.);
#8076=ORIENTED_EDGE('',*,*,#8075,.T.);
#8077=CARTESIAN_POINT('',(45.314849038,61.553143721,3.806480819));
#8078=DIRECTION('',(1.,-0.,0.));
#8079=DIRECTION('',(0.,0.,-1.));
#8080=AXIS2_PLACEMENT_3D('',#8077,#8078,#8079);
#8081=CIRCLE('',#8080,1.5);
#8082=EDGE_CURVE('',#8069,#8058,#8081,.T.);
#8083=ORIENTED_EDGE('',*,*,#8082,.T.);
#8084=EDGE_LOOP('',(#8065,#8066,#8067,#8076,#8083));
#8085=FACE_BOUND('',#8084,.T.);
#8086=ADVANCED_FACE('',(#8085),#8056,.T.);
#8087=CARTESIAN_POINT('',(45.531466589,61.553143721,3.806480819));
#8088=DIRECTION('',(-1.,0.,-0.));
#8089=DIRECTION('',(0.,1.,0.));
#8090=AXIS2_PLACEMENT_3D('',#8087,#8088,#8089);
#8091=CYLINDRICAL_SURFACE('',#8090,1.5);
#8092=CARTESIAN_POINT('',(44.519950287,63.053143721,3.806480819));
#8093=DIRECTION('',(1.,-0.,0.));
#8094=VECTOR('',#8093,0.794898751);
#8095=LINE('',#8092,#8094);
#8096=EDGE_CURVE('',#7290,#8069,#8095,.T.);
#8097=ORIENTED_EDGE('',*,*,#8096,.T.);
#8098=ORIENTED_EDGE('',*,*,#8075,.F.);
#8099=ORIENTED_EDGE('',*,*,#8082,.F.);
#8100=ORIENTED_EDGE('',*,*,#8096,.F.);
#8101=ORIENTED_EDGE('',*,*,#7296,.F.);
#8102=ORIENTED_EDGE('',*,*,#7303,.F.);
#8103=EDGE_LOOP('',(#8097,#8098,#8099,#8100,#8101,#8102));
#8104=FACE_BOUND('',#8103,.T.);
#8105=ADVANCED_FACE('',(#8104),#8091,.T.);
#8106=CARTESIAN_POINT('',(240.975020696,66.118058748,0.506480819));
#8107=DIRECTION('',(1.,-0.,0.));
#8108=DIRECTION('',(-0.,-1.,-0.));
#8109=AXIS2_PLACEMENT_3D('',#8106,#8107,#8108);
#8110=CYLINDRICAL_SURFACE('',#8109,0.5);
#8111=ORIENTED_EDGE('',*,*,#7358,.T.);
#8112=ORIENTED_EDGE('',*,*,#7407,.T.);
#8113=ORIENTED_EDGE('',*,*,#7283,.T.);
#8114=ORIENTED_EDGE('',*,*,#8011,.T.);
#8115=EDGE_LOOP('',(#8111,#8112,#8113,#8114));
#8116=FACE_BOUND('',#8115,.T.);
#8117=ADVANCED_FACE('',(#8116),#8110,.T.);
#8118=CARTESIAN_POINT('',(-240.975020696,63.115391284,13.062247563));
#8119=DIRECTION('',(1.,0.,-0.));
#8120=DIRECTION('',(-0.,0.,-1.));
#8121=AXIS2_PLACEMENT_3D('',#8118,#8119,#8120);
#8122=CYLINDRICAL_SURFACE('',#8121,2.502667464);
#8123=CARTESIAN_POINT('',(-50.039207212,65.618058748,13.062247563));
#8124=VERTEX_POINT('',#8123);
#8125=CARTESIAN_POINT('',(-50.039207212,63.115391284,13.062247563));
#8126=DIRECTION('',(1.,0.,-0.));
#8127=DIRECTION('',(0.,-0.,1.));
#8128=AXIS2_PLACEMENT_3D('',#8125,#8126,#8127);
#8129=CIRCLE('',#8128,2.502667464);
#8130=EDGE_CURVE('',#8124,#7076,#8129,.T.);
#8131=ORIENTED_EDGE('',*,*,#8130,.F.);
#8132=CARTESIAN_POINT('',(-44.519950287,65.618058748,13.062247563));
#8133=VERTEX_POINT('',#8132);
#8134=CARTESIAN_POINT('',(-44.519950287,65.618058748,13.062247563));
#8135=DIRECTION('',(-1.,-0.,0.));
#8136=VECTOR('',#8135,5.519256924);
#8137=LINE('',#8134,#8136);
#8138=EDGE_CURVE('',#8133,#8124,#8137,.T.);
#8139=ORIENTED_EDGE('',*,*,#8138,.F.);
#8140=CARTESIAN_POINT('',(-44.519950287,63.115391284,13.062247563));
#8141=DIRECTION('',(-1.,-0.,0.));
#8142=DIRECTION('',(-0.,1.,-0.));
#8143=AXIS2_PLACEMENT_3D('',#8140,#8141,#8142);
#8144=CIRCLE('',#8143,2.502667464);
#8145=EDGE_CURVE('',#7084,#8133,#8144,.T.);
#8146=ORIENTED_EDGE('',*,*,#8145,.F.);
#8147=ORIENTED_EDGE('',*,*,#7089,.F.);
#8148=EDGE_LOOP('',(#8131,#8139,#8146,#8147));
#8149=FACE_BOUND('',#8148,.T.);
#8150=ADVANCED_FACE('',(#8149),#8122,.F.);
#8151=CARTESIAN_POINT('',(-44.519950287,63.152469236,2.800674486));
#8152=DIRECTION('',(1.,0.,-0.));
#8153=DIRECTION('',(-0.,0.,-1.));
#8154=AXIS2_PLACEMENT_3D('',#8151,#8152,#8153);
#8155=PLANE('',#8154);
#8156=CARTESIAN_POINT('',(-44.519950287,65.618058748,0.506480819));
#8157=VERTEX_POINT('',#8156);
#8158=CARTESIAN_POINT('',(-44.519950287,65.618058748,13.062247563));
#8159=DIRECTION('',(-0.,0.,-1.));
#8160=VECTOR('',#8159,12.555766743);
#8161=LINE('',#8158,#8160);
#8162=EDGE_CURVE('',#8133,#8157,#8161,.T.);
#8163=ORIENTED_EDGE('',*,*,#8162,.T.);
#8164=CARTESIAN_POINT('',(-44.519950287,66.118058748,0.506480819));
#8165=DIRECTION('',(1.,0.,-0.));
#8166=DIRECTION('',(0.,-1.,-0.));
#8167=AXIS2_PLACEMENT_3D('',#8164,#8165,#8166);
#8168=CIRCLE('',#8167,0.5);
#8169=EDGE_CURVE('',#8157,#7984,#8168,.T.);
#8170=ORIENTED_EDGE('',*,*,#8169,.T.);
#8171=ORIENTED_EDGE('',*,*,#7989,.F.);
#8172=ORIENTED_EDGE('',*,*,#8028,.T.);
#8173=ORIENTED_EDGE('',*,*,#7431,.T.);
#8174=ORIENTED_EDGE('',*,*,#7097,.T.);
#8175=ORIENTED_EDGE('',*,*,#8145,.T.);
#8176=EDGE_LOOP('',(#8163,#8170,#8171,#8172,#8173,#8174,#8175));
#8177=FACE_BOUND('',#8176,.T.);
#8178=CARTESIAN_POINT('',(-44.519950287,63.053143721,3.806480819));
#8179=VERTEX_POINT('',#8178);
#8180=CARTESIAN_POINT('',(-44.519950287,61.553143721,2.306480819));
#8181=VERTEX_POINT('',#8180);
#8182=CARTESIAN_POINT('',(-44.519950287,61.553143721,3.806480819));
#8183=DIRECTION('',(-1.,-0.,0.));
#8184=DIRECTION('',(-0.,0.,-1.));
#8185=AXIS2_PLACEMENT_3D('',#8182,#8183,#8184);
#8186=CIRCLE('',#8185,1.5);
#8187=EDGE_CURVE('',#8179,#8181,#8186,.T.);
#8188=ORIENTED_EDGE('',*,*,#8187,.F.);
#8189=CARTESIAN_POINT('',(-44.519950287,61.553143721,3.806480819));
#8190=DIRECTION('',(-1.,-0.,0.));
#8191=DIRECTION('',(-0.,0.,-1.));
#8192=AXIS2_PLACEMENT_3D('',#8189,#8190,#8191);
#8193=CIRCLE('',#8192,1.5);
#8194=EDGE_CURVE('',#8181,#8179,#8193,.T.);
#8195=ORIENTED_EDGE('',*,*,#8194,.F.);
#8196=EDGE_LOOP('',(#8188,#8195));
#8197=FACE_BOUND('',#8196,.T.);
#8198=ADVANCED_FACE('',(#8177,#8197),#8155,.F.);
#8199=CARTESIAN_POINT('',(-50.039207212,4.933143721,18.064915027));
#8200=DIRECTION('',(-1.,-0.,0.));
#8201=DIRECTION('',(0.,-0.,1.));
#8202=AXIS2_PLACEMENT_3D('',#8199,#8200,#8201);
#8203=PLANE('',#8202);
#8204=CARTESIAN_POINT('',(-50.039207212,-61.864916307,16.707990646));
#8205=VERTEX_POINT('',#8204);
#8206=CARTESIAN_POINT('',(-50.039207212,-60.721840689,15.564915027));
#8207=DIRECTION('',(0.,-0.707106781,0.707106781));
#8208=VECTOR('',#8207,1.616553043);
#8209=LINE('',#8206,#8208);
#8210=EDGE_CURVE('',#6952,#8205,#8209,.T.);
#8211=ORIENTED_EDGE('',*,*,#8210,.T.);
#8212=CARTESIAN_POINT('',(-50.039207212,-61.864916307,16.707990646));
#8213=DIRECTION('',(0.,-0.382683432,0.923879533));
#8214=VECTOR('',#8213,0.250323688);
#8215=LINE('',#8212,#8214);
#8216=EDGE_CURVE('',#8205,#7468,#8215,.T.);
#8217=ORIENTED_EDGE('',*,*,#8216,.T.);
#8218=ORIENTED_EDGE('',*,*,#7473,.F.);
#8219=ORIENTED_EDGE('',*,*,#7502,.T.);
#8220=ORIENTED_EDGE('',*,*,#7200,.F.);
#8221=ORIENTED_EDGE('',*,*,#7154,.F.);
#8222=ORIENTED_EDGE('',*,*,#7453,.T.);
#8223=ORIENTED_EDGE('',*,*,#7963,.F.);
#8224=ORIENTED_EDGE('',*,*,#8003,.T.);
#8225=CARTESIAN_POINT('',(-50.039207212,65.618058748,0.506480819));
#8226=VERTEX_POINT('',#8225);
#8227=CARTESIAN_POINT('',(-50.039207212,66.118058748,0.506480819));
#8228=DIRECTION('',(-1.,-0.,0.));
#8229=DIRECTION('',(0.,-0.,1.));
#8230=AXIS2_PLACEMENT_3D('',#8227,#8228,#8229);
#8231=CIRCLE('',#8230,0.5);
#8232=EDGE_CURVE('',#7992,#8226,#8231,.T.);
#8233=ORIENTED_EDGE('',*,*,#8232,.T.);
#8234=CARTESIAN_POINT('',(-50.039207212,65.618058748,13.062247563));
#8235=DIRECTION('',(-0.,0.,-1.));
#8236=VECTOR('',#8235,12.555766743);
#8237=LINE('',#8234,#8236);
#8238=EDGE_CURVE('',#8124,#8226,#8237,.T.);
#8239=ORIENTED_EDGE('',*,*,#8238,.F.);
#8240=ORIENTED_EDGE('',*,*,#8130,.T.);
#8241=ORIENTED_EDGE('',*,*,#7081,.F.);
#8242=ORIENTED_EDGE('',*,*,#6988,.F.);
#8243=ORIENTED_EDGE('',*,*,#6828,.F.);
#8244=ORIENTED_EDGE('',*,*,#6932,.F.);
#8245=ORIENTED_EDGE('',*,*,#6963,.F.);
#8246=EDGE_LOOP('',(#8211,#8217,#8218,#8219,#8220,#8221,#8222,#8223,#8224,#8233,#8239,#8240,#8241,#8242,#8243,#8244,#8245));
#8247=FACE_BOUND('',#8246,.T.);
#8248=ADVANCED_FACE('',(#8247),#8203,.T.);
#8249=CARTESIAN_POINT('',(-240.975020696,65.618058748,-8.890049541));
#8250=DIRECTION('',(-0.,1.,0.));
#8251=DIRECTION('',(1.,0.,-0.));
#8252=AXIS2_PLACEMENT_3D('',#8249,#8250,#8251);
#8253=PLANE('',#8252);
#8254=ORIENTED_EDGE('',*,*,#8238,.T.);
#8255=CARTESIAN_POINT('',(-50.039207212,65.618058748,0.506480819));
#8256=DIRECTION('',(1.,0.,-0.));
#8257=VECTOR('',#8256,5.519256924);
#8258=LINE('',#8255,#8257);
#8259=EDGE_CURVE('',#8226,#8157,#8258,.T.);
#8260=ORIENTED_EDGE('',*,*,#8259,.T.);
#8261=ORIENTED_EDGE('',*,*,#8162,.F.);
#8262=ORIENTED_EDGE('',*,*,#8138,.T.);
#8263=EDGE_LOOP('',(#8254,#8260,#8261,#8262));
#8264=FACE_BOUND('',#8263,.T.);
#8265=ADVANCED_FACE('',(#8264),#8253,.F.);
#8266=CARTESIAN_POINT('',(-44.418465526,3.177048033,9.853486609));
#8267=DIRECTION('',(-1.,-0.,-0.));
#8268=DIRECTION('',(-0.,-0.,1.));
#8269=AXIS2_PLACEMENT_3D('',#8266,#8267,#8268);
#8270=PLANE('',#8269);
#8271=CARTESIAN_POINT('',(-44.418465526,47.920854574,15.82386192));
#8272=VERTEX_POINT('',#8271);
#8273=CARTESIAN_POINT('',(-44.418465526,47.920854574,16.68425381));
#8274=VERTEX_POINT('',#8273);
#8275=CARTESIAN_POINT('',(-44.418465526,47.920854574,15.82386192));
#8276=DIRECTION('',(0.,-0.,1.));
#8277=VECTOR('',#8276,0.86039189);
#8278=LINE('',#8275,#8277);
#8279=EDGE_CURVE('',#8272,#8274,#8278,.T.);
#8280=ORIENTED_EDGE('',*,*,#8279,.T.);
#8281=CARTESIAN_POINT('',(-44.418465526,-41.566758508,16.68425381));
#8282=VERTEX_POINT('',#8281);
#8283=CARTESIAN_POINT('',(-44.418465526,47.920854574,16.68425381));
#8284=DIRECTION('',(-0.,-1.,0.));
#8285=VECTOR('',#8284,89.487613082);
#8286=LINE('',#8283,#8285);
#8287=EDGE_CURVE('',#8274,#8282,#8286,.T.);
#8288=ORIENTED_EDGE('',*,*,#8287,.T.);
#8289=CARTESIAN_POINT('',(-44.418465526,-41.566758508,15.82386192));
#8290=VERTEX_POINT('',#8289);
#8291=CARTESIAN_POINT('',(-44.418465526,-41.566758508,16.68425381));
#8292=DIRECTION('',(-0.,0.,-1.));
#8293=VECTOR('',#8292,0.86039189);
#8294=LINE('',#8291,#8293);
#8295=EDGE_CURVE('',#8282,#8290,#8294,.T.);
#8296=ORIENTED_EDGE('',*,*,#8295,.T.);
#8297=CARTESIAN_POINT('',(-44.418465526,-41.566758508,15.82386192));
#8298=DIRECTION('',(0.,1.,0.));
#8299=VECTOR('',#8298,89.487613082);
#8300=LINE('',#8297,#8299);
#8301=EDGE_CURVE('',#8290,#8272,#8300,.T.);
#8302=ORIENTED_EDGE('',*,*,#8301,.T.);
#8303=EDGE_LOOP('',(#8280,#8288,#8296,#8302));
#8304=FACE_BOUND('',#8303,.T.);
#8305=ADVANCED_FACE('',(#8304),#8270,.F.);
#8306=CARTESIAN_POINT('',(-42.741464619,-41.566758508,9.853486609));
#8307=DIRECTION('',(0.,-0.,1.));
#8308=DIRECTION('',(1.,0.,-0.));
#8309=AXIS2_PLACEMENT_3D('',#8306,#8307,#8308);
#8310=CYLINDRICAL_SURFACE('',#8309,1.677000907);
#8311=ORIENTED_EDGE('',*,*,#7584,.F.);
#8312=CARTESIAN_POINT('',(-42.741464619,-41.566758508,15.82386192));
#8313=DIRECTION('',(-0.,0.,-1.));
#8314=DIRECTION('',(1.,0.,-0.));
#8315=AXIS2_PLACEMENT_3D('',#8312,#8313,#8314);
#8316=CIRCLE('',#8315,1.677000907);
#8317=EDGE_CURVE('',#7573,#8290,#8316,.T.);
#8318=ORIENTED_EDGE('',*,*,#8317,.T.);
#8319=ORIENTED_EDGE('',*,*,#8295,.F.);
#8320=CARTESIAN_POINT('',(-42.741464619,-41.566758508,16.68425381));
#8321=DIRECTION('',(0.,-0.,1.));
#8322=DIRECTION('',(1.,0.,-0.));
#8323=AXIS2_PLACEMENT_3D('',#8320,#8321,#8322);
#8324=CIRCLE('',#8323,1.677000907);
#8325=EDGE_CURVE('',#8282,#7557,#8324,.T.);
#8326=ORIENTED_EDGE('',*,*,#8325,.T.);
#8327=EDGE_LOOP('',(#8311,#8318,#8319,#8326));
#8328=FACE_BOUND('',#8327,.T.);
#8329=ADVANCED_FACE('',(#8328),#8310,.F.);
#8330=CARTESIAN_POINT('',(-42.741464619,47.920854574,9.853486609));
#8331=DIRECTION('',(0.,-0.,1.));
#8332=DIRECTION('',(1.,0.,-0.));
#8333=AXIS2_PLACEMENT_3D('',#8330,#8331,#8332);
#8334=CYLINDRICAL_SURFACE('',#8333,1.677000907);
#8335=ORIENTED_EDGE('',*,*,#8279,.F.);
#8336=CARTESIAN_POINT('',(-42.741464619,47.920854574,15.82386192));
#8337=DIRECTION('',(-0.,0.,-1.));
#8338=DIRECTION('',(1.,0.,-0.));
#8339=AXIS2_PLACEMENT_3D('',#8336,#8337,#8338);
#8340=CIRCLE('',#8339,1.677000907);
#8341=EDGE_CURVE('',#8272,#7597,#8340,.T.);
#8342=ORIENTED_EDGE('',*,*,#8341,.T.);
#8343=ORIENTED_EDGE('',*,*,#7624,.F.);
#8344=CARTESIAN_POINT('',(-42.741464619,47.920854574,16.68425381));
#8345=DIRECTION('',(0.,-0.,1.));
#8346=DIRECTION('',(1.,0.,-0.));
#8347=AXIS2_PLACEMENT_3D('',#8344,#8345,#8346);
#8348=CIRCLE('',#8347,1.677000907);
#8349=EDGE_CURVE('',#7613,#8274,#8348,.T.);
#8350=ORIENTED_EDGE('',*,*,#8349,.T.);
#8351=EDGE_LOOP('',(#8335,#8342,#8343,#8350));
#8352=FACE_BOUND('',#8351,.T.);
#8353=ADVANCED_FACE('',(#8352),#8334,.F.);
#8354=CARTESIAN_POINT('',(-42.741464619,-41.566758508,15.82386192));
#8355=DIRECTION('',(0.,-0.,1.));
#8356=DIRECTION('',(1.,0.,-0.));
#8357=AXIS2_PLACEMENT_3D('',#8354,#8355,#8356);
#8358=TOROIDAL_SURFACE('',#8357,1.9359478,0.258946893);
#8359=ORIENTED_EDGE('',*,*,#7764,.T.);
#8360=ORIENTED_EDGE('',*,*,#7038,.F.);
#8361=CARTESIAN_POINT('',(-44.677412419,-41.566758508,15.82386192));
#8362=DIRECTION('',(0.,1.,-0.));
#8363=DIRECTION('',(0.,0.,1.));
#8364=AXIS2_PLACEMENT_3D('',#8361,#8362,#8363);
#8365=CIRCLE('',#8364,0.258946893);
#8366=EDGE_CURVE('',#8290,#7024,#8365,.T.);
#8367=ORIENTED_EDGE('',*,*,#8366,.F.);
#8368=ORIENTED_EDGE('',*,*,#8317,.F.);
#8369=EDGE_LOOP('',(#8359,#8360,#8367,#8368));
#8370=FACE_BOUND('',#8369,.T.);
#8371=ADVANCED_FACE('',(#8370),#8358,.T.);
#8372=CARTESIAN_POINT('',(-44.677412419,104.7633288,15.82386192));
#8373=DIRECTION('',(-0.,-1.,-0.));
#8374=DIRECTION('',(-0.,0.,-1.));
#8375=AXIS2_PLACEMENT_3D('',#8372,#8373,#8374);
#8376=CYLINDRICAL_SURFACE('',#8375,0.258946893);
#8377=ORIENTED_EDGE('',*,*,#8366,.T.);
#8378=ORIENTED_EDGE('',*,*,#7029,.F.);
#8379=CARTESIAN_POINT('',(-44.677412419,47.920854574,15.82386192));
#8380=DIRECTION('',(0.,1.,-0.));
#8381=DIRECTION('',(0.,0.,1.));
#8382=AXIS2_PLACEMENT_3D('',#8379,#8380,#8381);
#8383=CIRCLE('',#8382,0.258946893);
#8384=EDGE_CURVE('',#8272,#7015,#8383,.T.);
#8385=ORIENTED_EDGE('',*,*,#8384,.F.);
#8386=ORIENTED_EDGE('',*,*,#8301,.F.);
#8387=EDGE_LOOP('',(#8377,#8378,#8385,#8386));
#8388=FACE_BOUND('',#8387,.T.);
#8389=ADVANCED_FACE('',(#8388),#8376,.T.);
#8390=CARTESIAN_POINT('',(-42.741464619,47.920854574,15.82386192));
#8391=DIRECTION('',(0.,-0.,1.));
#8392=DIRECTION('',(1.,0.,-0.));
#8393=AXIS2_PLACEMENT_3D('',#8390,#8391,#8392);
#8394=TOROIDAL_SURFACE('',#8393,1.9359478,0.258946893);
#8395=ORIENTED_EDGE('',*,*,#7806,.T.);
#8396=ORIENTED_EDGE('',*,*,#8341,.F.);
#8397=ORIENTED_EDGE('',*,*,#8384,.T.);
#8398=ORIENTED_EDGE('',*,*,#7021,.F.);
#8399=EDGE_LOOP('',(#8395,#8396,#8397,#8398));
#8400=FACE_BOUND('',#8399,.T.);
#8401=ADVANCED_FACE('',(#8400),#8394,.T.);
#8402=CARTESIAN_POINT('',(-42.741464619,-41.566758508,16.68425381));
#8403=DIRECTION('',(0.,-0.,1.));
#8404=DIRECTION('',(1.,0.,-0.));
#8405=AXIS2_PLACEMENT_3D('',#8402,#8403,#8404);
#8406=TOROIDAL_SURFACE('',#8405,1.418054014,0.258946893);
#8407=ORIENTED_EDGE('',*,*,#7868,.T.);
#8408=ORIENTED_EDGE('',*,*,#8325,.F.);
#8409=CARTESIAN_POINT('',(-44.159518633,-41.566758508,16.68425381));
#8410=DIRECTION('',(-0.,-1.,0.));
#8411=DIRECTION('',(-0.,-0.,-1.));
#8412=AXIS2_PLACEMENT_3D('',#8409,#8410,#8411);
#8413=CIRCLE('',#8412,0.258946893);
#8414=EDGE_CURVE('',#7679,#8282,#8413,.T.);
#8415=ORIENTED_EDGE('',*,*,#8414,.F.);
#8416=ORIENTED_EDGE('',*,*,#7685,.F.);
#8417=EDGE_LOOP('',(#8407,#8408,#8415,#8416));
#8418=FACE_BOUND('',#8417,.T.);
#8419=ADVANCED_FACE('',(#8418),#8406,.F.);
#8420=CARTESIAN_POINT('',(-44.159518633,3.177048033,16.68425381));
#8421=DIRECTION('',(0.,1.,-0.));
#8422=DIRECTION('',(0.,0.,1.));
#8423=AXIS2_PLACEMENT_3D('',#8420,#8421,#8422);
#8424=CYLINDRICAL_SURFACE('',#8423,0.258946893);
#8425=ORIENTED_EDGE('',*,*,#8414,.T.);
#8426=ORIENTED_EDGE('',*,*,#8287,.F.);
#8427=CARTESIAN_POINT('',(-44.159518633,47.920854574,16.68425381));
#8428=DIRECTION('',(-0.,-1.,0.));
#8429=DIRECTION('',(-0.,-0.,-1.));
#8430=AXIS2_PLACEMENT_3D('',#8427,#8428,#8429);
#8431=CIRCLE('',#8430,0.258946893);
#8432=EDGE_CURVE('',#7688,#8274,#8431,.T.);
#8433=ORIENTED_EDGE('',*,*,#8432,.F.);
#8434=ORIENTED_EDGE('',*,*,#7693,.F.);
#8435=EDGE_LOOP('',(#8425,#8426,#8433,#8434));
#8436=FACE_BOUND('',#8435,.T.);
#8437=ADVANCED_FACE('',(#8436),#8424,.F.);
#8438=CARTESIAN_POINT('',(-42.741464619,47.920854574,16.68425381));
#8439=DIRECTION('',(0.,-0.,1.));
#8440=DIRECTION('',(1.,0.,-0.));
#8441=AXIS2_PLACEMENT_3D('',#8438,#8439,#8440);
#8442=TOROIDAL_SURFACE('',#8441,1.418054014,0.258946893);
#8443=ORIENTED_EDGE('',*,*,#8432,.T.);
#8444=ORIENTED_EDGE('',*,*,#8349,.F.);
#8445=ORIENTED_EDGE('',*,*,#7928,.T.);
#8446=ORIENTED_EDGE('',*,*,#7700,.F.);
#8447=EDGE_LOOP('',(#8443,#8444,#8445,#8446));
#8448=FACE_BOUND('',#8447,.T.);
#8449=ADVANCED_FACE('',(#8448),#8442,.F.);
#8450=CARTESIAN_POINT('',(-45.967347072,60.183230512,1.056480819));
#8451=DIRECTION('',(1.,0.,-0.));
#8452=DIRECTION('',(-0.,0.,-1.));
#8453=AXIS2_PLACEMENT_3D('',#8450,#8451,#8452);
#8454=PLANE('',#8453);
#8455=CARTESIAN_POINT('',(-45.967347072,61.553143721,2.958978853));
#8456=VERTEX_POINT('',#8455);
#8457=CARTESIAN_POINT('',(-45.967347072,61.553143721,3.806480819));
#8458=DIRECTION('',(-1.,-0.,0.));
#8459=DIRECTION('',(-0.,0.,-1.));
#8460=AXIS2_PLACEMENT_3D('',#8457,#8458,#8459);
#8461=CIRCLE('',#8460,0.847501966);
#8462=EDGE_CURVE('',#8456,#8456,#8461,.T.);
#8463=ORIENTED_EDGE('',*,*,#8462,.T.);
#8464=EDGE_LOOP('',(#8463));
#8465=FACE_BOUND('',#8464,.T.);
#8466=ADVANCED_FACE('',(#8465),#8454,.F.);
#8467=CARTESIAN_POINT('',(-45.314849038,61.553143721,3.806480819));
#8468=DIRECTION('',(1.,0.,-0.));
#8469=DIRECTION('',(-0.,0.,-1.));
#8470=AXIS2_PLACEMENT_3D('',#8467,#8468,#8469);
#8471=TOROIDAL_SURFACE('',#8470,0.847501966,0.652498034);
#8472=CARTESIAN_POINT('',(-45.314849038,61.553143721,2.306480819));
#8473=VERTEX_POINT('',#8472);
#8474=CARTESIAN_POINT('',(-45.314849038,61.553143721,2.958978853));
#8475=DIRECTION('',(-0.,1.,0.));
#8476=DIRECTION('',(-0.,0.,-1.));
#8477=AXIS2_PLACEMENT_3D('',#8474,#8475,#8476);
#8478=CIRCLE('',#8477,0.652498034);
#8479=EDGE_CURVE('',#8473,#8456,#8478,.T.);
#8480=ORIENTED_EDGE('',*,*,#8479,.T.);
#8481=ORIENTED_EDGE('',*,*,#8462,.F.);
#8482=ORIENTED_EDGE('',*,*,#8479,.F.);
#8483=CARTESIAN_POINT('',(-45.314849038,63.053143721,3.806480819));
#8484=VERTEX_POINT('',#8483);
#8485=CARTESIAN_POINT('',(-45.314849038,61.553143721,3.806480819));
#8486=DIRECTION('',(1.,0.,-0.));
#8487=DIRECTION('',(-0.,0.,-1.));
#8488=AXIS2_PLACEMENT_3D('',#8485,#8486,#8487);
#8489=CIRCLE('',#8488,1.5);
#8490=EDGE_CURVE('',#8484,#8473,#8489,.T.);
#8491=ORIENTED_EDGE('',*,*,#8490,.F.);
#8492=CARTESIAN_POINT('',(-45.314849038,61.553143721,3.806480819));
#8493=DIRECTION('',(1.,0.,-0.));
#8494=DIRECTION('',(-0.,0.,-1.));
#8495=AXIS2_PLACEMENT_3D('',#8492,#8493,#8494);
#8496=CIRCLE('',#8495,1.5);
#8497=EDGE_CURVE('',#8473,#8484,#8496,.T.);
#8498=ORIENTED_EDGE('',*,*,#8497,.F.);
#8499=EDGE_LOOP('',(#8480,#8481,#8482,#8491,#8498));
#8500=FACE_BOUND('',#8499,.T.);
#8501=ADVANCED_FACE('',(#8500),#8471,.T.);
#8502=CARTESIAN_POINT('',(-45.531466589,61.553143721,3.806480819));
#8503=DIRECTION('',(1.,0.,-0.));
#8504=DIRECTION('',(-0.,1.,0.));
#8505=AXIS2_PLACEMENT_3D('',#8502,#8503,#8504);
#8506=CYLINDRICAL_SURFACE('',#8505,1.5);
#8507=CARTESIAN_POINT('',(-44.519950287,63.053143721,3.806480819));
#8508=DIRECTION('',(-1.,-0.,0.));
#8509=VECTOR('',#8508,0.794898751);
#8510=LINE('',#8507,#8509);
#8511=EDGE_CURVE('',#8179,#8484,#8510,.T.);
#8512=ORIENTED_EDGE('',*,*,#8511,.T.);
#8513=ORIENTED_EDGE('',*,*,#8490,.T.);
#8514=ORIENTED_EDGE('',*,*,#8497,.T.);
#8515=ORIENTED_EDGE('',*,*,#8511,.F.);
#8516=ORIENTED_EDGE('',*,*,#8187,.T.);
#8517=ORIENTED_EDGE('',*,*,#8194,.T.);
#8518=EDGE_LOOP('',(#8512,#8513,#8514,#8515,#8516,#8517));
#8519=FACE_BOUND('',#8518,.T.);
#8520=ADVANCED_FACE('',(#8519),#8506,.T.);
#8521=CARTESIAN_POINT('',(-240.975020696,66.118058748,0.506480819));
#8522=DIRECTION('',(-1.,-0.,0.));
#8523=DIRECTION('',(0.,-1.,-0.));
#8524=AXIS2_PLACEMENT_3D('',#8521,#8522,#8523);
#8525=CYLINDRICAL_SURFACE('',#8524,0.5);
#8526=ORIENTED_EDGE('',*,*,#8232,.F.);
#8527=ORIENTED_EDGE('',*,*,#7997,.F.);
#8528=ORIENTED_EDGE('',*,*,#8169,.F.);
#8529=ORIENTED_EDGE('',*,*,#8259,.F.);
#8530=EDGE_LOOP('',(#8526,#8527,#8528,#8529));
#8531=FACE_BOUND('',#8530,.T.);
#8532=ADVANCED_FACE('',(#8531),#8525,.T.);
#8533=CARTESIAN_POINT('',(-370.381276617,-60.994915926,15.837990265));
#8534=DIRECTION('',(0.,-0.707106781,-0.707106781));
#8535=DIRECTION('',(1.,0.,0.));
#8536=AXIS2_PLACEMENT_3D('',#8533,#8534,#8535);
#8537=PLANE('',#8536);
#8538=ORIENTED_EDGE('',*,*,#7335,.F.);
#8539=CARTESIAN_POINT('',(50.039207212,-61.864916307,16.707990646));
#8540=DIRECTION('',(-1.,-0.,-0.));
#8541=VECTOR('',#8540,100.078414424);
#8542=LINE('',#8539,#8541);
#8543=EDGE_CURVE('',#7324,#8205,#8542,.T.);
#8544=ORIENTED_EDGE('',*,*,#8543,.T.);
#8545=ORIENTED_EDGE('',*,*,#8210,.F.);
#8546=ORIENTED_EDGE('',*,*,#6957,.F.);
#8547=EDGE_LOOP('',(#8538,#8544,#8545,#8546));
#8548=FACE_BOUND('',#8547,.T.);
#8549=ADVANCED_FACE('',(#8548),#8537,.T.);
#8550=CARTESIAN_POINT('',(-5.220792788,-61.960711035,16.939259577));
#8551=DIRECTION('',(-0.,0.923879533,0.382683432));
#8552=DIRECTION('',(1.,0.,0.));
#8553=AXIS2_PLACEMENT_3D('',#8550,#8551,#8552);
#8554=PLANE('',#8553);
#8555=ORIENTED_EDGE('',*,*,#8216,.F.);
#8556=ORIENTED_EDGE('',*,*,#8543,.F.);
#8557=ORIENTED_EDGE('',*,*,#7329,.F.);
#8558=ORIENTED_EDGE('',*,*,#7479,.F.);
#8559=EDGE_LOOP('',(#8555,#8556,#8557,#8558));
#8560=FACE_BOUND('',#8559,.T.);
#8561=ADVANCED_FACE('',(#8560),#8554,.F.);
#8562=CARTESIAN_POINT('',(233.594684671,-53.419477216,15.564915027));
#8563=DIRECTION('',(0.,0.,-1.));
#8564=DIRECTION('',(0.,1.,0.));
#8565=AXIS2_PLACEMENT_3D('',#8562,#8563,#8564);
#8566=PLANE('',#8565);
#8567=ORIENTED_EDGE('',*,*,#6859,.T.);
#8568=ORIENTED_EDGE('',*,*,#6778,.T.);
#8569=ORIENTED_EDGE('',*,*,#6716,.T.);
#8570=ORIENTED_EDGE('',*,*,#6663,.T.);
#8571=ORIENTED_EDGE('',*,*,#6893,.T.);
#8572=ORIENTED_EDGE('',*,*,#6887,.T.);
#8573=ORIENTED_EDGE('',*,*,#6877,.T.);
#8574=ORIENTED_EDGE('',*,*,#6869,.T.);
#8575=EDGE_LOOP('',(#8567,#8568,#8569,#8570,#8571,#8572,#8573,#8574));
#8576=FACE_BOUND('',#8575,.T.);
#8577=ADVANCED_FACE('',(#8576),#8566,.T.);
#8578=CLOSED_SHELL('',(#5915,#5946,#5975,#5999,#6067,#6120,#6157,#6189,#6218,#6242,#6266,#6291,#6322,#6350,#6380,#6414,#6442,#6466,#6490,#6517,#6553,#6581,#6613,#6637,#6667,#6696,
#6720,#6752,#6782,#6807,#6897,#6936,#6967,#6998,#7131,#7173,#7204,#7237,#7307,#7394,#7411,#7435,#7459,#7490,#7508,#7548,#7588,#7628,#7704,#7728,#7752,
#7776,#7794,#7818,#7836,#7848,#7872,#7890,#7908,#7932,#7944,#7969,#8016,#8034,#8051,#8086,#8105,#8117,#8150,#8198,#8248,#8265,#8305,#8329,#8353,#8371,
#8389,#8401,#8419,#8437,#8449,#8466,#8501,#8520,#8532,#8549,#8561,#8577));
#8579=MANIFOLD_SOLID_BREP('Lid',#8578);
#5835=STYLED_ITEM('',(),#8579);
#39=SHAPE_REPRESENTATION('Simple',(#38),#33);
#40=ADVANCED_BREP_SHAPE_REPRESENTATION('Simple',(#5834,#8579),#33);
#8587=SHAPE_REPRESENTATION_RELATIONSHIP('','',#39,#40);
#8588=APPLICATION_CONTEXT('configuration controlled 3D design of mechanical parts and assemblies');
#8589=APPLICATION_PROTOCOL_DEFINITION('international standard','configuration_control_3d_design_ed2_mim',2004,#8588);
#8590=PRODUCT_CONTEXT('',#8588,'mechanical');
#8591=PRODUCT_DEFINITION_CONTEXT('part definition',#8588,'design');
#47=PRODUCT('0','0','',(#8590));
#8592=PRODUCT_RELATED_PRODUCT_CATEGORY('part','',(#47));
#8593=PRODUCT_DEFINITION_FORMATION_WITH_SPECIFIED_SOURCE('','',#47,.NOT_KNOWN.);
#48=PRODUCT_DEFINITION('design','',#8593,#8591);
#46=PRODUCT_DEFINITION_SHAPE('','',#48);
#8594=SHAPE_DEFINITION_REPRESENTATION(#46,#39);
#34=DRAUGHTING_MODEL('',(),#33);
#16=SHAPE_REPRESENTATION('root',(#15,#52),#10);
#24=PRODUCT('root','root','',(#8590));
#8595=PRODUCT_RELATED_PRODUCT_CATEGORY('part','',(#24));
#8596=PRODUCT_DEFINITION_FORMATION_WITH_SPECIFIED_SOURCE('','',#24,.NOT_KNOWN.);
#25=PRODUCT_DEFINITION('design','',#8596,#8591);
#23=PRODUCT_DEFINITION_SHAPE('','',#25);
#8597=SHAPE_DEFINITION_REPRESENTATION(#23,#16);
#11=DRAUGHTING_MODEL('',(),#10);
#1=MECHANICAL_DESIGN_GEOMETRIC_PRESENTATION_REPRESENTATION('',(#58,#5835),#10);
ENDSEC;
END-ISO-10303-21;
